,total,paid_total,balance,breakdowns_labor_0_hours,breakdowns_labor_0_rate,breakdowns_material_0_rate,Slug,Total,Labor0Breakdown_quantity0total0,Labor0Breakdown_hourstotal,Labor0Breakdown_ratetotal,target
0,133000.0,0.0,133000.0,8.0,0.0,0.0,193.0,133000.0,0.0,8.0,165.0,0
1,27248.0,0.0,27248.0,8.0,0.0,0.0,248.0,27248.0,0.0,8.0,0.0,0
2,-5000.0,0.0,-5000.0,0.0,0.0,0.0,251.0,0.0,0.0,0.0,0.0,0
3,13852.0,0.0,13852.0,0.0,0.0,0.0,252.0,0.0,0.0,0.0,0.0,0
4,0.0,0.0,0.0,8.0,0.0,0.0,253.0,0.0,0.0,8.0,0.0,0
5,3100.0,0.0,3100.0,0.0,0.0,0.0,254.0,0.0,0.0,0.0,0.0,0
6,21337.0,0.0,21337.0,0.0,0.0,0.0,255.0,0.0,0.0,0.0,0.0,0
7,8000.0,0.0,8000.0,0.0,0.0,0.0,256.0,0.0,0.0,0.0,0.0,0
8,83602.0,0.0,83602.0,0.0,0.0,0.0,273.0,0.0,0.0,0.0,0.0,0
9,27000.0,0.0,27000.0,0.0,0.0,0.0,274.0,0.0,0.0,0.0,0.0,0
10,0.0,0.0,0.0,8.0,0.0,0.0,287.0,0.0,0.0,8.0,0.0,0
11,2667.0,0.0,2667.0,0.0,0.0,0.0,288.0,0.0,0.0,0.0,0.0,0
12,-56667.0,0.0,-56667.0,0.0,0.0,0.0,289.0,0.0,0.0,0.0,0.0,0
13,1199.0,0.0,1199.0,0.0,0.0,0.0,290.0,0.0,0.0,0.0,0.0,0
14,23887.73,0.0,23887.73,0.0,0.0,0.0,291.0,0.0,0.0,0.0,0.0,0
15,23373.0,0.0,23373.0,0.0,0.0,0.0,292.0,0.0,0.0,0.0,0.0,0
16,16247.0,0.0,16247.0,0.0,0.0,0.0,293.0,0.0,0.0,0.0,0.0,0
17,1200000.0,0.0,1200000.0,8.0,0.0,0.0,325.0,1200000.0,0.0,8.0,0.0,0
18,-239000.0,0.0,-239000.0,8.0,0.0,0.0,326.0,-239000.0,0.0,8.0,0.0,0
19,292.32,0.0,292.32,0.0,0.0,0.0,367.0,0.0,0.0,0.0,0.0,0
20,330000.0,0.0,330000.0,0.0,0.0,0.0,368.0,0.0,0.0,0.0,0.0,0
21,6727.0,0.0,6727.0,0.0,0.0,0.0,369.0,0.0,0.0,0.0,0.0,0
22,437.75,0.0,437.75,0.0,0.0,0.0,370.0,0.0,0.0,0.0,0.0,0
23,-17000.0,0.0,-17000.0,8.0,0.0,0.0,371.0,-17000.0,0.0,8.0,0.0,0
24,7400.0,0.0,7400.0,0.0,0.0,0.0,9.0,7400.0,0.0,0.0,0.0,0
28,3000.0,0.0,3000.0,0.0,0.0,0.0,32.0,3000.0,0.0,0.0,0.0,0
30,1155.0,0.0,1155.0,0.0,0.0,0.0,36.0,1155.0,0.0,0.0,0.0,0
33,960.0,0.0,960.0,0.0,0.0,0.0,40.0,960.0,0.0,0.0,0.0,0
34,3960.0,0.0,3960.0,0.0,0.0,0.0,41.0,3960.0,0.0,0.0,0.0,0
35,124000.0,0.0,124000.0,0.0,0.0,0.0,42.0,124000.0,0.0,0.0,0.0,0
38,6980.0,0.0,6980.0,8.0,0.0,0.0,48.0,6980.0,3.0,16.0,0.0,0
42,4900.0,0.0,4900.0,0.0,0.0,0.0,54.0,4900.0,0.0,0.0,0.0,0
46,660.0,0.0,660.0,0.0,0.0,280.0,62.0,660.0,0.0,0.0,0.0,0
50,6336.0,0.0,6336.0,8.0,0.0,0.0,66.0,6336.0,4.0,16.0,0.0,0
53,12000.0,20900.0,-8900.0,3.0,0.0,0.0,73.0,12000.0,5.0,6.0,0.0,0
59,38750.0,0.0,38750.0,0.0,0.0,0.0,93.0,38750.0,0.0,0.0,0.0,0
61,7426.0,7426.0,0.0,0.0,0.0,0.0,97.0,0.0,0.0,0.0,0.0,0
63,3120.0,0.0,3120.0,2.0,0.0,0.0,99.0,3120.0,8.0,2.0,0.0,0
65,1300.0,0.0,1300.0,8.0,0.0,0.0,101.0,1300.0,3.0,16.0,0.0,0
67,4460.0,0.0,4460.0,8.0,0.0,0.0,103.0,4460.0,1.0,8.0,0.0,0
72,14940.0,0.0,14940.0,8.0,0.0,0.0,114.0,14940.0,6.0,16.0,0.0,0
74,7400.0,0.0,7400.0,0.0,0.0,0.0,9.0,7400.0,0.0,0.0,0.0,0
78,3000.0,0.0,3000.0,0.0,0.0,0.0,32.0,3000.0,0.0,0.0,0.0,0
80,1155.0,0.0,1155.0,0.0,0.0,0.0,36.0,1155.0,0.0,0.0,0.0,0
83,960.0,0.0,960.0,0.0,0.0,0.0,40.0,960.0,0.0,0.0,0.0,0
84,3960.0,0.0,3960.0,0.0,0.0,0.0,41.0,3960.0,0.0,0.0,0.0,0
85,124000.0,0.0,124000.0,0.0,0.0,0.0,42.0,124000.0,0.0,0.0,0.0,0
88,6980.0,0.0,6980.0,8.0,0.0,0.0,48.0,6980.0,3.0,16.0,0.0,0
92,4900.0,0.0,4900.0,0.0,0.0,0.0,54.0,4900.0,0.0,0.0,0.0,0
96,660.0,0.0,660.0,0.0,0.0,280.0,62.0,660.0,0.0,0.0,0.0,0
100,6336.0,0.0,6336.0,8.0,0.0,0.0,66.0,6336.0,4.0,16.0,0.0,0
103,12000.0,20900.0,-8900.0,3.0,0.0,0.0,73.0,12000.0,5.0,6.0,0.0,0
109,38750.0,0.0,38750.0,0.0,0.0,0.0,93.0,38750.0,0.0,0.0,0.0,0
111,7426.0,7426.0,0.0,0.0,0.0,0.0,97.0,0.0,0.0,0.0,0.0,0
113,3120.0,0.0,3120.0,2.0,0.0,0.0,99.0,3120.0,8.0,2.0,0.0,0
115,1300.0,0.0,1300.0,8.0,0.0,0.0,101.0,1300.0,3.0,16.0,0.0,0
117,4460.0,0.0,4460.0,8.0,0.0,0.0,103.0,4460.0,1.0,8.0,0.0,0
122,14940.0,0.0,14940.0,8.0,0.0,0.0,114.0,14940.0,6.0,16.0,0.0,0
127,6800.0,0.0,6800.0,0.0,0.0,0.0,121.0,6800.0,0.0,0.0,0.0,0
136,9764.0,0.0,9764.0,0.0,0.0,0.0,132.0,9764.0,0.0,0.0,0.0,0
137,344.0,344.0,0.0,0.0,0.0,0.0,133.0,0.0,0.0,0.0,0.0,0
138,6464.0,6464.0,0.0,0.0,0.0,0.0,134.0,0.0,0.0,0.0,0.0,0
140,7060.0,0.0,7060.0,8.0,0.0,0.0,136.0,7060.0,3.0,8.0,0.0,0
142,17890.0,0.0,17890.0,0.0,0.0,0.0,138.0,17890.0,0.0,0.0,0.0,0
145,1950.0,0.0,1950.0,0.0,0.0,0.0,142.0,1950.0,0.0,0.0,0.0,0
149,0.0,0.0,0.0,0.0,0.0,0.0,284.0,0.0,0.0,0.0,0.0,0
152,17900.0,17900.0,0.0,0.0,0.0,0.0,293.0,17900.0,0.0,0.0,0.0,0
154,28320.0,23000.0,5320.0,1.0,28320.0,0.0,296.0,0.0,1.0,1.0,28320.0,0
157,2800.0,2800.0,0.0,1.0,2800.0,0.0,299.0,0.0,1.0,1.0,2800.0,0
158,8550.0,8550.0,0.0,1.0,8550.0,0.0,301.0,0.0,1.0,1.0,8550.0,0
161,12320.0,12320.0,0.0,1.0,12320.0,0.0,313.0,0.0,1.0,1.0,12320.0,0
162,1394.0,1394.0,0.0,1.0,2250.0,0.0,314.0,1394.0,1.0,1.0,2250.0,0
163,11000.0,11000.0,0.0,1.0,11000.0,0.0,315.0,0.0,1.0,1.0,11000.0,0
164,15440.0,3250.0,12190.0,1.0,15440.0,0.0,316.0,0.0,1.0,1.0,165.0,0
165,3675.0,3675.0,0.0,1.0,3675.0,0.0,317.0,0.0,1.0,1.0,165.0,0
169,2648.0,0.0,2648.0,1.0,11748.0,0.0,364.0,2648.0,1.0,1.0,11748.0,0
171,0.0,5370.0,-5370.0,0.0,0.0,0.0,371.0,777.0,0.0,0.0,0.0,0
172,0.0,5490.0,-5490.0,0.0,0.0,0.0,379.0,0.0,0.0,0.0,0.0,0
173,-790.0,-790.0,0.0,0.0,0.0,0.0,380.0,-790.0,0.0,0.0,0.0,0
174,-1200.0,-1200.0,0.0,0.0,0.0,0.0,381.0,-1200.0,0.0,0.0,0.0,0
175,2640.0,2640.0,0.0,0.0,0.0,0.0,387.0,2640.0,0.0,0.0,0.0,0
178,15275.0,15275.0,0.0,0.0,0.0,0.0,410.0,15275.0,0.0,0.0,0.0,0
179,8820.0,8820.0,0.0,0.0,0.0,0.0,411.0,8820.0,0.0,0.0,0.0,0
182,-6200.0,-6200.0,0.0,0.0,0.0,0.0,414.0,-6200.0,0.0,0.0,0.0,0
183,5155.0,5155.0,0.0,0.0,0.0,0.0,415.0,5155.0,0.0,0.0,0.0,0
184,32000.0,32000.0,0.0,0.0,0.0,0.0,416.0,32000.0,0.0,0.0,0.0,0
189,-7565.0,-7565.0,0.0,0.0,0.0,0.0,443.0,-7565.0,0.0,0.0,0.0,0
194,-1980.0,-1980.0,0.0,0.0,0.0,0.0,471.0,-1980.0,0.0,0.0,0.0,0
197,1200.0,1200.0,0.0,0.0,0.0,0.0,489.0,1200.0,0.0,0.0,0.0,0
201,15975.0,15975.0,0.0,0.0,0.0,0.0,499.0,15975.0,0.0,0.0,0.0,0
202,47100.0,47100.0,0.0,0.0,0.0,0.0,501.0,47100.0,0.0,0.0,0.0,0
203,6800.0,6800.0,0.0,0.0,0.0,0.0,503.0,6800.0,0.0,0.0,0.0,0
204,1975.0,1975.0,0.0,13.0,0.0,0.0,505.0,1975.0,1.0,13.0,0.0,0
206,550.0,550.0,0.0,10.0,0.0,0.0,508.0,550.0,1.0,10.0,0.0,0
207,750.0,750.0,0.0,10.0,0.0,0.0,509.0,750.0,2.0,14.0,0.0,0
208,8243.0,8243.0,0.0,0.0,0.0,0.0,511.0,8243.0,0.0,0.0,0.0,0
209,13474.0,13474.0,0.0,0.0,0.0,0.0,512.0,13474.0,0.0,0.0,0.0,0
211,735.0,735.0,0.0,7.0,0.0,0.0,514.0,735.0,2.0,14.0,0.0,0
212,4294.0,4294.0,0.0,0.0,0.0,0.0,521.0,4294.0,0.0,0.0,0.0,0
213,2600.0,2600.0,0.0,7.0,0.0,0.0,534.0,2600.0,2.0,7.0,0.0,0
214,15550.0,15550.0,0.0,0.0,0.0,0.0,538.0,15550.0,0.0,0.0,0.0,0
215,2660.0,2660.0,0.0,0.0,0.0,0.0,539.0,2660.0,0.0,0.0,0.0,0
216,-38040.0,-38040.0,0.0,0.0,0.0,0.0,540.0,-38040.0,0.0,0.0,0.0,0
217,27000.0,27000.0,0.0,0.0,0.0,0.0,541.0,27000.0,0.0,0.0,0.0,0
218,-2470.0,-2470.0,0.0,0.0,0.0,0.0,549.0,-2470.0,0.0,0.0,0.0,0
219,11985.0,11985.0,0.0,0.0,0.0,0.0,551.0,11985.0,0.0,0.0,0.0,0
220,80000.0,80000.0,0.0,0.0,0.0,0.0,554.0,80000.0,0.0,0.0,0.0,0
222,5580.0,5580.0,0.0,0.0,0.0,0.0,559.0,5580.0,0.0,0.0,0.0,0
223,4500.0,4500.0,0.0,0.0,0.0,0.0,563.0,4500.0,2.0,18.0,325.0,0
224,5120.0,5120.0,0.0,0.0,0.0,0.0,564.0,5120.0,0.0,0.0,0.0,0
225,2648.0,2648.0,0.0,0.0,0.0,0.0,565.0,2648.0,0.0,0.0,0.0,0
226,2100.0,2100.0,0.0,0.0,0.0,0.0,569.0,2100.0,0.0,0.0,0.0,0
227,4500.0,4500.0,0.0,0.0,0.0,0.0,572.0,4500.0,0.0,0.0,0.0,0
249,245000.0,245000.0,0.0,0.0,0.0,0.0,601.0,245000.0,0.0,0.0,0.0,0
250,1040.0,1040.0,0.0,0.0,0.0,0.0,602.0,1040.0,0.0,0.0,0.0,0
251,2610.0,2610.0,0.0,0.0,0.0,0.0,603.0,2610.0,0.0,0.0,0.0,0
252,1320.0,1320.0,0.0,0.0,0.0,0.0,604.0,1320.0,0.0,0.0,0.0,0
253,-6666.0,-6666.0,0.0,0.0,0.0,0.0,614.0,-6666.0,0.0,0.0,0.0,0
254,0.0,6860.0,-6860.0,0.0,0.0,0.0,623.0,6860.0,0.0,0.0,0.0,0
255,13400.0,13400.0,0.0,0.0,0.0,0.0,629.0,13400.0,0.0,0.0,0.0,0
256,6000.0,6000.0,0.0,0.0,0.0,0.0,631.0,6000.0,0.0,0.0,0.0,0
257,0.0,14740.0,-14740.0,0.0,0.0,0.0,642.0,0.0,0.0,0.0,0.0,0
258,-9000.0,-9000.0,0.0,0.0,0.0,0.0,643.0,-9000.0,0.0,0.0,0.0,0
261,0.0,17080.0,-17080.0,0.0,0.0,0.0,658.0,0.0,0.0,0.0,0.0,0
262,13640.0,13640.0,0.0,0.0,0.0,0.0,665.0,13640.0,0.0,0.0,0.0,0
263,14660.0,14660.0,0.0,0.0,0.0,0.0,666.0,14660.0,0.0,0.0,0.0,0
264,3420.0,3420.0,0.0,0.0,0.0,0.0,670.0,3420.0,0.0,0.0,0.0,0
268,10800.0,10800.0,0.0,0.0,0.0,0.0,677.0,10800.0,0.0,0.0,0.0,0
269,0.0,8909.0,-8909.0,0.0,0.0,0.0,687.0,0.0,0.0,0.0,0.0,0
271,4000.0,4000.0,0.0,0.0,0.0,0.0,697.0,4000.0,0.0,0.0,0.0,0
272,14665.0,14665.0,0.0,0.0,0.0,0.0,703.0,14665.0,0.0,0.0,0.0,0
278,31553.0,31553.0,0.0,0.0,0.0,0.0,722.0,31553.0,0.0,0.0,0.0,0
279,0.0,1155.0,-1155.0,0.0,0.0,0.0,724.0,0.0,0.0,0.0,0.0,0
280,0.0,4550.0,-4550.0,0.0,0.0,0.0,725.0,0.0,0.0,0.0,0.0,0
290,5580.0,5580.0,0.0,0.0,0.0,300.0,747.0,5580.0,0.0,0.0,0.0,0
293,13000.0,13000.0,0.0,0.0,0.0,0.0,752.0,13000.0,0.0,0.0,0.0,0
297,37500.0,37500.0,0.0,0.0,0.0,0.0,762.0,37500.0,0.0,0.0,0.0,0
298,8320.0,8320.0,0.0,0.0,0.0,0.0,763.0,8320.0,0.0,0.0,0.0,0
299,9000.0,9000.0,0.0,0.0,0.0,0.0,764.0,9000.0,0.0,0.0,0.0,0
300,13000.0,13000.0,0.0,0.0,0.0,0.0,766.0,13000.0,0.0,0.0,0.0,0
302,1840.0,1840.0,0.0,0.0,0.0,0.0,778.0,1840.0,0.0,0.0,0.0,0
303,-1270.0,-1270.0,0.0,0.0,0.0,0.0,780.0,-1270.0,0.0,0.0,0.0,0
304,11455.0,11455.0,0.0,0.0,0.0,0.0,781.0,11455.0,0.0,0.0,0.0,0
308,0.0,2254.0,-2254.0,0.0,0.0,0.0,806.0,0.0,0.0,0.0,0.0,0
309,0.0,1127.0,-1127.0,0.0,0.0,0.0,808.0,0.0,0.0,0.0,0.0,0
310,8000.0,8000.0,0.0,0.0,0.0,0.0,818.0,8000.0,0.0,0.0,0.0,0
312,0.0,2254.0,-2254.0,0.0,0.0,0.0,832.0,0.0,0.0,0.0,0.0,0
315,0.0,9566.0,-9566.0,0.0,0.0,0.0,850.0,0.0,0.0,0.0,0.0,0
320,40802.0,40802.0,0.0,0.0,0.0,0.0,865.0,40802.0,0.0,0.0,0.0,0
323,1126355.79,1122848.79,3507.0,0.0,0.0,0.0,875.0,1126355.79,0.0,0.0,0.0,0
324,7470.0,7470.0,0.0,0.0,0.0,0.0,882.0,7470.0,0.0,0.0,0.0,0
325,3430.0,3430.0,0.0,0.0,0.0,0.0,884.0,3430.0,0.0,0.0,0.0,0
336,1200.0,1200.0,0.0,0.0,0.0,0.0,941.0,1200.0,0.0,0.0,0.0,0
337,0.0,16321.0,-16321.0,0.0,0.0,0.0,946.0,0.0,0.0,0.0,0.0,0
339,0.0,0.0,0.0,0.0,0.0,0.0,952.0,0.0,0.0,0.0,0.0,0
340,43500.0,43500.0,0.0,0.0,0.0,0.0,958.0,43500.0,0.0,0.0,0.0,0
346,25380.0,25830.0,-450.0,0.0,0.0,0.0,986.0,25380.0,0.0,0.0,0.0,0
347,3485.0,3485.0,0.0,0.0,0.0,0.0,990.0,3485.0,0.0,0.0,0.0,0
348,0.0,3920.0,-3920.0,0.0,0.0,0.0,997.0,0.0,0.0,0.0,0.0,0
349,-6100.0,-6100.0,0.0,0.0,0.0,0.0,1005.0,-6100.0,0.0,0.0,0.0,0
350,0.0,2415.0,-2415.0,0.0,0.0,0.0,1009.0,0.0,0.0,0.0,0.0,0
352,0.0,5175.0,-5175.0,0.0,0.0,0.0,1016.0,0.0,0.0,0.0,0.0,0
353,9495.0,9495.0,0.0,0.0,0.0,0.0,1020.0,9495.0,0.0,0.0,0.0,0
354,1275.0,1275.0,0.0,0.0,0.0,0.0,1028.0,1275.0,0.0,0.0,0.0,0
355,6860.0,6100.0,760.0,0.0,0.0,0.0,1029.0,6860.0,4.0,14.0,910.0,0
356,4000.0,4000.0,0.0,0.0,0.0,0.0,1030.0,4000.0,0.0,0.0,0.0,0
358,3600.0,3600.0,0.0,0.0,0.0,0.0,1042.0,3600.0,0.0,0.0,0.0,0
359,4165.0,4165.0,0.0,0.0,0.0,0.0,1043.0,4165.0,0.0,0.0,0.0,0
360,3260.0,0.0,3260.0,0.0,0.0,0.0,1052.0,3260.0,0.0,0.0,0.0,0
361,3260.0,3260.0,0.0,0.0,0.0,0.0,1053.0,3260.0,0.0,0.0,0.0,0
362,0.0,1328.0,-1328.0,0.0,0.0,0.0,1054.0,0.0,0.0,0.0,0.0,0
363,1275.0,1275.0,0.0,0.0,0.0,0.0,1057.0,1275.0,1.0,5.0,205.0,0
364,5005.0,5005.0,0.0,0.0,0.0,0.0,1058.0,5005.0,0.0,0.0,0.0,0
366,1888.0,1888.0,0.0,0.0,0.0,0.0,1062.0,1888.0,0.0,0.0,0.0,0
368,7650.0,7650.0,0.0,0.0,0.0,0.0,1071.0,7650.0,0.0,0.0,0.0,0
369,20000.0,20000.0,0.0,0.0,0.0,0.0,1074.0,20000.0,0.0,0.0,0.0,0
370,1905.0,1905.0,0.0,0.0,0.0,0.0,1076.0,1905.0,2.0,10.0,262.0,0
371,8569.0,8569.0,0.0,0.0,0.0,0.0,1077.0,8569.0,0.0,0.0,0.0,0
372,1888.0,1888.0,0.0,0.0,0.0,0.0,1078.0,1888.0,0.0,0.0,0.0,0
373,8934.0,8934.0,0.0,0.0,0.0,0.0,1079.0,8934.0,0.0,0.0,0.0,0
374,1251.0,1251.0,0.0,0.0,0.0,0.0,1080.0,1251.0,2.0,8.0,262.0,0
375,12000.0,12000.0,0.0,0.0,0.0,0.0,1083.0,12000.0,2.0,32.0,165.0,0
376,2500.0,0.0,2500.0,0.0,0.0,0.0,1084.0,2500.0,0.0,0.0,0.0,0
377,0.0,14312.0,-14312.0,0.0,0.0,0.0,1085.0,0.0,0.0,0.0,0.0,0
378,2490.0,0.0,2490.0,0.0,0.0,0.0,1088.0,2490.0,0.0,0.0,0.0,0
379,1290.0,1290.0,0.0,0.0,0.0,0.0,1090.0,1290.0,2.0,3.0,165.0,0
380,3465.0,3465.0,0.0,0.0,0.0,0.0,1093.0,3465.0,0.0,0.0,0.0,0
381,4000.0,4000.0,0.0,0.0,0.0,0.0,1094.0,4000.0,0.0,0.0,0.0,0
382,1920.0,1920.0,0.0,0.0,0.0,0.0,1103.0,1920.0,2.0,8.0,405.0,0
383,3000.0,3000.0,0.0,0.0,0.0,0.0,1108.0,3000.0,0.0,0.0,0.0,0
385,0.0,40000.0,-40000.0,0.0,0.0,0.0,1113.0,0.0,0.0,0.0,0.0,0
386,550.0,0.0,550.0,0.0,0.0,0.0,1114.0,550.0,0.0,0.0,0.0,0
389,0.0,3961.0,-3961.0,0.0,0.0,0.0,1123.0,0.0,0.0,0.0,0.0,0
390,1640.0,1640.0,0.0,0.0,0.0,0.0,1126.0,1640.0,0.0,0.0,0.0,0
391,3595.0,3595.0,0.0,0.0,0.0,0.0,1130.0,3595.0,0.0,0.0,0.0,0
392,6750.0,6750.0,0.0,0.0,0.0,0.0,1131.0,6750.0,0.0,0.0,0.0,0
395,8975.0,8975.0,0.0,0.0,0.0,0.0,1160.0,8975.0,0.0,0.0,0.0,0
396,3850.0,3850.0,0.0,0.0,0.0,0.0,1162.0,3850.0,3.0,23.0,325.0,0
397,3451.0,3451.0,0.0,0.0,0.0,0.0,1165.0,3451.0,3.0,21.0,262.0,0
398,1470.0,1470.0,0.0,0.0,0.0,0.0,1168.0,1470.0,1.0,7.0,210.0,0
399,3500.0,3500.0,0.0,0.0,0.0,0.0,1169.0,3500.0,0.0,0.0,0.0,0
400,5782.0,5782.0,0.0,0.0,0.0,0.0,1171.0,5782.0,3.0,42.0,262.0,0
401,5425.36,5425.0,0.36,0.0,0.0,0.0,1172.0,5425.36,0.0,0.0,0.0,0
402,3755.0,3755.0,0.0,0.0,0.0,0.0,1173.0,3755.0,0.0,0.0,0.0,0
403,1495.0,1495.0,0.0,0.0,0.0,0.0,1175.0,1495.0,0.0,0.0,0.0,0
404,2722.0,2722.0,0.0,0.0,0.0,0.0,1176.0,2722.0,0.0,0.0,0.0,0
405,14890.0,14890.0,0.0,0.0,0.0,0.0,1177.0,14890.0,0.0,0.0,0.0,0
406,2910.0,2910.0,0.0,0.0,0.0,0.0,1180.0,2910.0,0.0,0.0,0.0,0
407,7300.0,7300.0,0.0,0.0,0.0,0.0,1188.0,7300.0,2.0,21.0,325.0,0
408,2210.0,0.0,2210.0,0.0,0.0,0.0,1189.0,2210.0,2.0,10.0,405.0,0
409,3790.0,3790.0,0.0,0.0,0.0,0.0,1191.0,3790.0,0.0,0.0,0.0,0
410,2000.0,2000.0,0.0,0.0,0.0,0.0,1192.0,2000.0,0.0,0.0,0.0,0
411,1400.0,1400.0,0.0,0.0,0.0,0.0,1193.0,1400.0,0.0,0.0,0.0,0
412,2758.0,2758.0,0.0,0.0,0.0,0.0,1200.0,2758.0,0.0,0.0,0.0,0
413,0.0,19540.0,-19540.0,0.0,0.0,0.0,1203.0,0.0,0.0,0.0,0.0,0
414,8855.0,8855.0,0.0,0.0,0.0,0.0,1205.0,8855.0,0.0,0.0,0.0,0
415,2800.0,2800.0,0.0,0.0,0.0,0.0,1207.0,2800.0,0.0,0.0,0.0,0
416,3580.0,0.0,3580.0,0.0,0.0,0.0,1213.0,3580.0,0.0,0.0,0.0,0
417,10580.0,10580.0,0.0,0.0,0.0,0.0,1220.0,10580.0,0.0,0.0,0.0,0
418,0.0,4055.0,-4055.0,0.0,0.0,0.0,1224.0,0.0,0.0,0.0,0.0,0
419,13040.0,13040.0,0.0,0.0,0.0,0.0,1228.0,13040.0,0.0,0.0,0.0,0
420,4800.0,4800.0,0.0,0.0,0.0,0.0,1231.0,4800.0,0.0,0.0,0.0,0
421,11992.0,11992.0,0.0,0.0,0.0,0.0,1233.0,11992.0,0.0,0.0,0.0,0
422,750.0,750.0,0.0,0.0,0.0,0.0,1235.0,750.0,0.0,0.0,0.0,0
423,900.0,900.0,0.0,0.0,0.0,0.0,1238.0,900.0,0.0,0.0,0.0,0
424,2084.0,2084.0,0.0,0.0,0.0,0.0,1239.0,2084.0,0.0,0.0,0.0,0
425,2084.0,2084.0,0.0,0.0,0.0,0.0,1240.0,2084.0,0.0,0.0,0.0,0
426,6128.0,6128.0,0.0,0.0,0.0,0.0,1242.0,6128.0,0.0,0.0,0.0,0
427,6511.0,6511.0,0.0,0.0,0.0,0.0,1247.0,6511.0,0.0,0.0,0.0,0
428,378.0,378.0,0.0,0.0,0.0,0.0,1249.0,378.0,0.0,0.0,0.0,0
429,5000.0,5000.0,0.0,0.0,0.0,0.0,1250.0,5000.0,0.0,0.0,0.0,0
430,800.0,800.0,0.0,0.0,0.0,0.0,1252.0,800.0,0.0,0.0,0.0,0
431,1834.0,1834.0,0.0,0.0,0.0,0.0,1253.0,1834.0,0.0,0.0,0.0,0
432,10532.0,10532.0,0.0,0.0,0.0,0.0,1254.0,10532.0,0.0,0.0,0.0,0
433,15000.0,15000.0,0.0,0.0,0.0,0.0,1262.0,15000.0,0.0,0.0,0.0,0
434,5685.0,5685.0,0.0,0.0,0.0,0.0,1263.0,5685.0,0.0,0.0,0.0,0
435,3795.0,0.0,3795.0,0.0,0.0,0.0,1265.0,3795.0,0.0,0.0,0.0,0
436,3500.0,3500.0,0.0,0.0,0.0,0.0,1266.0,3500.0,0.0,0.0,0.0,0
437,937.0,937.0,0.0,0.0,0.0,0.0,1267.0,937.0,0.0,0.0,0.0,0
438,3900.0,3900.0,0.0,0.0,0.0,0.0,1268.0,3900.0,0.0,0.0,0.0,0
439,1324.0,1324.0,0.0,0.0,0.0,0.0,1270.0,1324.0,0.0,0.0,0.0,0
440,14455.0,14455.0,0.0,0.0,0.0,0.0,1271.0,14455.0,0.0,0.0,0.0,0
441,3470.0,3470.0,0.0,0.0,0.0,0.0,1276.0,3470.0,0.0,0.0,0.0,0
442,9000.0,0.0,9000.0,0.0,0.0,0.0,1277.0,9000.0,0.0,0.0,0.0,0
443,2735.0,2735.0,0.0,0.0,0.0,0.0,1281.0,2735.0,0.0,0.0,0.0,0
444,906.0,906.0,0.0,0.0,0.0,0.0,1284.0,906.0,0.0,0.0,0.0,0
445,2585.0,2585.0,0.0,0.0,0.0,0.0,1285.0,2585.0,0.0,0.0,0.0,0
446,3575.0,3575.0,0.0,0.0,0.0,0.0,1286.0,3575.0,0.0,0.0,0.0,0
447,855.0,855.0,0.0,0.0,0.0,0.0,1287.0,855.0,0.0,0.0,0.0,0
448,0.0,24506.0,-24506.0,0.0,0.0,0.0,1299.0,0.0,0.0,0.0,0.0,0
449,0.0,2768.0,-2768.0,0.0,0.0,0.0,1301.0,0.0,0.0,0.0,0.0,0
450,0.0,5600.0,-5600.0,0.0,0.0,0.0,1303.0,0.0,0.0,0.0,0.0,0
451,0.0,15014.0,-15014.0,0.0,0.0,0.0,1305.0,0.0,0.0,0.0,0.0,0
452,5500.0,5500.0,0.0,0.0,0.0,0.0,1317.0,5500.0,0.0,0.0,0.0,0
453,19500.0,19500.0,0.0,0.0,0.0,0.0,1318.0,19500.0,0.0,0.0,0.0,0
454,25600.0,25600.0,0.0,0.0,0.0,0.0,1319.0,25600.0,0.0,0.0,0.0,0
455,34500.0,34500.0,0.0,0.0,0.0,0.0,1321.0,34500.0,0.0,0.0,0.0,0
456,6250.0,6250.0,0.0,0.0,0.0,0.0,1324.0,6250.0,0.0,0.0,0.0,0
457,1538.0,1538.0,0.0,0.0,0.0,0.0,1327.0,1538.0,0.0,0.0,0.0,0
458,21000.0,21000.0,0.0,0.0,0.0,0.0,1343.0,21000.0,0.0,0.0,0.0,0
459,5600.0,5600.0,0.0,0.0,0.0,0.0,1346.0,5600.0,0.0,0.0,0.0,0
460,6000.0,6000.0,0.0,0.0,0.0,0.0,1347.0,6000.0,0.0,0.0,0.0,0
461,0.0,25179.0,-25179.0,0.0,0.0,0.0,1351.0,0.0,0.0,0.0,0.0,0
462,2800.0,2800.0,0.0,0.0,0.0,0.0,1355.0,2800.0,0.0,0.0,0.0,0
463,18000.0,18000.0,0.0,0.0,0.0,0.0,1357.0,18000.0,0.0,0.0,0.0,0
464,5000.0,5000.0,0.0,0.0,0.0,0.0,1359.0,5000.0,0.0,0.0,0.0,0
465,4051.0,4051.0,0.0,0.0,0.0,0.0,1362.0,4051.0,0.0,0.0,0.0,0
466,-1400.0,-1400.0,0.0,0.0,0.0,0.0,1363.0,-1400.0,0.0,0.0,0.0,0
467,48500.0,0.0,48500.0,0.0,0.0,0.0,1365.0,48500.0,0.0,0.0,0.0,0
468,30255.0,30255.0,0.0,0.0,0.0,0.0,1368.0,30255.0,0.0,0.0,0.0,0
469,120500.0,120500.0,0.0,0.0,0.0,0.0,1373.0,120500.0,0.0,0.0,0.0,0
470,2179.0,2179.0,0.0,0.0,0.0,0.0,1377.0,2179.0,0.0,0.0,0.0,0
471,2000.0,2000.0,0.0,0.0,0.0,0.0,1379.0,2000.0,0.0,0.0,0.0,0
472,1395.0,1395.0,0.0,0.0,0.0,0.0,1381.0,1395.0,0.0,0.0,0.0,0
473,3420.0,3420.0,0.0,0.0,0.0,0.0,1385.0,3420.0,0.0,0.0,0.0,0
474,5140.44,5140.0,0.44,0.0,0.0,0.0,1386.0,5140.44,0.0,0.0,0.0,0
475,3820.0,3820.0,0.0,0.0,0.0,0.0,1387.0,3820.0,0.0,0.0,0.0,0
476,6875.0,6875.0,0.0,0.0,0.0,0.0,1390.0,6875.0,0.0,0.0,0.0,0
477,10550.0,10550.0,0.0,0.0,0.0,0.0,1393.0,10550.0,0.0,0.0,0.0,0
478,6085.0,6085.0,0.0,0.0,0.0,0.0,1396.0,6085.0,0.0,0.0,0.0,0
479,10415.0,10415.0,0.0,0.0,0.0,0.0,1397.0,10415.0,0.0,0.0,0.0,0
480,17100.0,17100.0,0.0,0.0,0.0,0.0,1398.0,17100.0,0.0,0.0,0.0,0
481,3868.1,3868.1,0.0,0.0,0.0,0.0,1399.0,3868.1,0.0,0.0,0.0,0
482,20000.0,20000.0,0.0,0.0,0.0,0.0,1400.0,20000.0,0.0,0.0,0.0,0
483,2000.0,2000.0,0.0,0.0,0.0,0.0,1401.0,2000.0,0.0,0.0,0.0,0
484,8000.0,8000.0,0.0,0.0,0.0,0.0,1402.0,8000.0,0.0,0.0,0.0,0
485,31875.0,31875.0,0.0,0.0,0.0,0.0,1403.0,31875.0,0.0,0.0,0.0,0
486,4065.0,4065.0,0.0,0.0,0.0,0.0,1416.0,4065.0,0.0,0.0,0.0,0
487,1780.0,1780.0,0.0,0.0,0.0,0.0,1417.0,1780.0,1.0,14.0,165.0,0
488,3855.0,3855.0,0.0,0.0,0.0,0.0,1419.0,3855.0,2.0,21.0,325.0,0
489,4750.0,4750.0,0.0,0.0,0.0,0.0,1420.0,4750.0,2.0,22.0,405.0,0
490,4477.0,4477.0,0.0,0.0,0.0,0.0,1421.0,4477.0,2.0,23.0,405.0,0
491,904.0,904.0,0.0,0.0,0.0,0.0,1429.0,904.0,6.0,8.0,0.0,0
492,3085.0,3085.0,0.0,0.0,0.0,0.0,1430.0,3085.0,2.0,16.0,325.0,0
493,176000.0,176000.0,0.0,0.0,0.0,0.0,1432.0,176000.0,0.0,0.0,0.0,0
494,7450.0,7450.0,0.0,0.0,0.0,0.0,1433.0,7450.0,0.0,0.0,0.0,0
495,4206.0,4206.0,0.0,0.0,0.0,0.0,1434.0,4206.0,0.0,0.0,0.0,0
496,32000.0,32000.0,0.0,0.0,0.0,0.0,1438.0,32000.0,0.0,0.0,0.0,0
497,8440.0,8440.0,0.0,0.0,0.0,0.0,1439.0,8440.0,3.0,35.0,325.0,0
498,1635.0,1635.0,0.0,0.0,0.0,0.0,1440.0,1635.0,2.0,9.0,325.0,0
499,650.0,650.0,0.0,0.0,0.0,0.0,1441.0,650.0,0.0,0.0,0.0,0
500,2500.0,2500.0,0.0,0.0,0.0,0.0,1442.0,2500.0,0.0,0.0,0.0,0
501,2000.0,2000.0,0.0,0.0,0.0,0.0,1445.0,5325.0,2.0,35.0,262.0,0
502,2575.0,2575.0,0.0,0.0,0.0,0.0,1446.0,2575.0,2.0,14.0,325.0,0
503,700.0,700.0,0.0,0.0,0.0,0.0,1447.0,700.0,0.0,0.0,0.0,0
504,6000.0,6000.0,0.0,0.0,0.0,0.0,1449.0,6000.0,0.0,0.0,0.0,0
505,5000.0,5000.0,0.0,0.0,0.0,0.0,1453.0,5000.0,0.0,0.0,0.0,0
506,14710.0,14710.0,0.0,0.0,0.0,0.0,1457.0,14710.0,0.0,0.0,0.0,0
507,1465.0,1465.0,0.0,0.0,0.0,0.0,1460.0,1465.0,0.0,0.0,0.0,0
508,6560.0,6560.0,0.0,0.0,0.0,0.0,1464.0,6560.0,0.0,0.0,0.0,0
509,11855.0,11855.0,0.0,0.0,0.0,0.0,1465.0,11855.0,0.0,0.0,0.0,0
510,32300.0,32300.0,0.0,0.0,0.0,0.0,1466.0,32300.0,0.0,0.0,0.0,0
511,10280.0,10280.0,0.0,0.0,0.0,0.0,1467.0,10280.0,0.0,0.0,0.0,0
512,815.0,815.0,0.0,0.0,0.0,0.0,1468.0,815.0,0.0,0.0,0.0,0
513,4495.0,0.0,4495.0,0.0,0.0,0.0,1471.0,4495.0,3.0,14.0,405.0,0
514,-1090.91,-1090.0,-0.91,0.0,0.0,0.0,1488.0,-1090.91,0.0,0.0,0.0,0
515,9818.3,9818.0,0.3,0.0,0.0,0.0,1493.0,9818.3,0.0,0.0,0.0,0
516,12800.0,12800.0,0.0,0.0,0.0,0.0,1495.0,12800.0,0.0,0.0,0.0,0
517,6200.0,6200.0,0.0,0.0,0.0,0.0,1496.0,6200.0,0.0,0.0,0.0,0
518,1820.0,1820.0,0.0,0.0,0.0,0.0,1497.0,1820.0,0.0,0.0,0.0,0
519,2200.0,2200.0,0.0,0.0,0.0,0.0,1498.0,2200.0,0.0,0.0,0.0,0
520,4565.0,4565.0,0.0,0.0,0.0,0.0,1500.0,4565.0,0.0,0.0,0.0,0
521,1500.0,1500.0,0.0,0.0,0.0,0.0,1506.0,1500.0,0.0,0.0,0.0,0
522,1240.0,1240.0,0.0,0.0,0.0,0.0,1507.0,1240.0,2.0,5.0,0.0,0
523,1400.0,1400.0,0.0,0.0,0.0,0.0,1508.0,1400.0,0.0,0.0,0.0,0
524,815.0,815.0,0.0,0.0,0.0,0.0,1510.0,815.0,0.0,0.0,0.0,0
525,-6025.0,-6025.0,0.0,0.0,0.0,0.0,1516.0,-6025.0,0.0,0.0,0.0,0
526,1435.0,1435.0,0.0,0.0,0.0,0.0,1518.0,1435.0,0.0,0.0,0.0,0
527,11410.0,11410.0,0.0,0.0,0.0,0.0,1519.0,11410.0,0.0,0.0,0.0,0
528,6860.0,6860.0,0.0,0.0,0.0,0.0,1520.0,6860.0,0.0,0.0,0.0,0
529,25520.0,25520.0,0.0,0.0,0.0,0.0,1521.0,25520.0,0.0,0.0,0.0,0
530,6200.0,6200.0,0.0,0.0,0.0,0.0,1522.0,6200.0,0.0,0.0,0.0,0
531,3500.0,3500.0,0.0,0.0,0.0,0.0,1523.0,3500.0,0.0,0.0,0.0,0
532,8965.0,8965.0,0.0,0.0,0.0,0.0,1527.0,8965.0,0.0,0.0,0.0,0
533,5647.0,5647.0,0.0,0.0,0.0,0.0,1528.0,5647.0,0.0,0.0,0.0,0
534,13121.5,13121.0,0.5,0.0,0.0,0.0,1531.0,13121.5,0.0,0.0,0.0,0
535,29235.0,29235.0,0.0,0.0,0.0,0.0,1532.0,29235.0,0.0,0.0,0.0,0
536,2000.0,2000.0,0.0,0.0,0.0,0.0,1533.0,2000.0,0.0,0.0,0.0,0
537,4276.0,4276.0,0.0,0.0,0.0,0.0,1534.0,4276.0,0.0,0.0,0.0,0
538,2800.0,2800.0,0.0,0.0,0.0,0.0,1536.0,2800.0,0.0,0.0,0.0,0
539,2890.0,2890.0,0.0,0.0,0.0,0.0,1539.0,2890.0,0.0,0.0,0.0,0
540,4065.0,4065.0,0.0,0.0,0.0,0.0,1541.0,4065.0,0.0,0.0,0.0,0
541,1150.0,1150.0,0.0,0.0,0.0,0.0,1543.0,1150.0,0.0,0.0,0.0,0
542,10740.0,10740.0,0.0,0.0,0.0,0.0,1544.0,10740.0,0.0,0.0,0.0,0
543,4030.0,4030.0,0.0,0.0,0.0,0.0,1545.0,4030.0,0.0,0.0,0.0,0
544,5720.0,5720.0,0.0,0.0,0.0,0.0,1547.0,5720.0,0.0,0.0,0.0,0
545,16000.0,16000.0,0.0,0.0,0.0,0.0,1550.0,16000.0,0.0,0.0,0.0,0
546,6987.0,6987.0,0.0,0.0,0.0,0.0,1551.0,6987.0,0.0,0.0,0.0,0
547,3372.0,3372.0,0.0,0.0,0.0,0.0,1556.0,3372.0,0.0,0.0,0.0,0
548,2400.0,2400.0,0.0,0.0,0.0,0.0,1561.0,2400.0,0.0,0.0,0.0,0
549,23110.0,23110.0,0.0,0.0,0.0,0.0,1562.0,23110.0,0.0,0.0,0.0,0
550,-1150.0,-1150.0,0.0,0.0,0.0,0.0,1564.0,-1150.0,0.0,0.0,0.0,0
551,3910.0,3910.0,0.0,0.0,0.0,0.0,1566.0,3910.0,0.0,0.0,0.0,0
552,2300.0,2300.0,0.0,0.0,0.0,0.0,1567.0,2300.0,0.0,0.0,0.0,0
553,-1200.0,-1200.0,0.0,0.0,0.0,0.0,1568.0,-1200.0,0.0,0.0,0.0,0
554,11050.0,11050.0,0.0,0.0,0.0,0.0,1573.0,11050.0,0.0,0.0,0.0,0
555,9730.0,9730.0,0.0,0.0,0.0,0.0,1577.0,9730.0,0.0,0.0,0.0,0
556,5370.0,5370.0,0.0,0.0,0.0,0.0,1578.0,5370.0,0.0,0.0,0.0,0
557,4300.0,4300.0,0.0,0.0,0.0,0.0,1579.0,4300.0,0.0,0.0,0.0,0
558,1995.0,0.0,1995.0,0.0,0.0,0.0,1580.0,1995.0,0.0,0.0,0.0,0
559,8000.0,8000.0,0.0,0.0,0.0,0.0,1581.0,8000.0,0.0,0.0,0.0,0
560,3405.0,0.0,3405.0,0.0,0.0,0.0,1587.0,3405.0,0.0,0.0,0.0,0
561,2000.0,2000.0,0.0,0.0,0.0,0.0,1588.0,2000.0,0.0,0.0,0.0,0
562,1425.0,1425.0,0.0,0.0,0.0,0.0,1589.0,1425.0,0.0,0.0,0.0,0
563,1065.0,1065.0,0.0,0.0,0.0,0.0,1590.0,1065.0,0.0,0.0,0.0,0
564,1788.0,1788.0,0.0,0.0,0.0,0.0,1591.0,1788.0,0.0,0.0,0.0,0
565,6720.0,6720.0,0.0,0.0,0.0,0.0,1592.0,6720.0,0.0,0.0,0.0,0
566,1700.0,1700.0,0.0,0.0,0.0,0.0,1597.0,1700.0,0.0,0.0,0.0,0
567,3640.0,3640.0,0.0,0.0,0.0,0.0,1598.0,3640.0,0.0,0.0,0.0,0
568,2525.0,2525.0,0.0,0.0,0.0,0.0,1601.0,2525.0,0.0,0.0,0.0,0
569,1900.0,1900.0,0.0,0.0,0.0,0.0,1612.0,1900.0,0.0,0.0,0.0,0
570,-400.0,-400.0,0.0,0.0,0.0,0.0,1613.0,-400.0,0.0,0.0,0.0,0
571,3700.0,3700.0,0.0,0.0,0.0,0.0,1620.0,3700.0,0.0,0.0,0.0,0
572,5600.0,5600.0,0.0,0.0,0.0,0.0,1621.0,5600.0,0.0,0.0,0.0,0
573,7039.0,7039.0,0.0,0.0,0.0,0.0,1622.0,7039.0,0.0,0.0,0.0,0
574,13856.0,13856.0,0.0,0.0,0.0,0.0,1623.0,13856.0,0.0,0.0,0.0,0
575,5700.0,5700.0,0.0,0.0,0.0,0.0,1629.0,5700.0,0.0,0.0,0.0,0
576,3770.0,3770.0,0.0,0.0,0.0,0.0,1630.0,3770.0,0.0,0.0,0.0,0
577,2850.0,2850.0,0.0,0.0,0.0,0.0,1632.0,2850.0,0.0,0.0,0.0,0
578,2850.0,2850.0,0.0,0.0,0.0,0.0,1633.0,2850.0,0.0,0.0,0.0,0
579,2850.0,2850.0,0.0,0.0,0.0,0.0,1634.0,2850.0,0.0,0.0,0.0,0
580,955.0,955.0,0.0,0.0,0.0,0.0,1639.0,955.0,0.0,0.0,0.0,0
581,0.0,0.0,0.0,0.0,0.0,0.0,1640.0,0.0,0.0,0.0,0.0,0
582,0.0,0.0,0.0,0.0,0.0,0.0,1641.0,0.0,0.0,0.0,0.0,0
583,12690.0,12690.0,0.0,0.0,0.0,0.0,1642.0,12690.0,0.0,0.0,0.0,0
584,0.0,0.0,0.0,0.0,0.0,0.0,1643.0,0.0,0.0,0.0,0.0,0
585,0.0,0.0,0.0,0.0,0.0,0.0,1644.0,0.0,0.0,0.0,0.0,0
586,0.0,0.0,0.0,0.0,0.0,0.0,1645.0,0.0,0.0,0.0,0.0,0
587,0.0,0.0,0.0,0.0,0.0,0.0,1646.0,0.0,0.0,0.0,0.0,0
588,0.0,0.0,0.0,0.0,0.0,0.0,1647.0,0.0,0.0,0.0,0.0,0
589,31600.0,31600.0,0.0,0.0,0.0,0.0,1648.0,31600.0,0.0,0.0,0.0,0
590,9800.0,9800.0,0.0,0.0,0.0,0.0,1650.0,9800.0,0.0,0.0,0.0,0
591,24850.0,24850.0,0.0,0.0,0.0,0.0,1652.0,24850.0,0.0,0.0,0.0,0
592,1155.0,1155.0,0.0,0.0,0.0,0.0,1654.0,1155.0,0.0,0.0,0.0,0
593,1800.0,1800.0,0.0,0.0,0.0,0.0,1657.0,1800.0,0.0,0.0,0.0,0
594,1835.0,1835.0,0.0,0.0,0.0,0.0,1659.0,1835.0,0.0,0.0,0.0,0
595,1570.0,1570.0,0.0,0.0,0.0,0.0,1660.0,1570.0,0.0,0.0,0.0,0
596,2900.0,2900.0,0.0,0.0,0.0,0.0,1667.0,2900.0,0.0,0.0,0.0,0
597,2635.0,2635.0,0.0,0.0,0.0,0.0,1671.0,2635.0,0.0,0.0,0.0,0
598,40000.0,40000.0,0.0,0.0,0.0,0.0,1673.0,40000.0,0.0,0.0,0.0,0
599,3180.0,3180.0,0.0,0.0,0.0,0.0,1675.0,3180.0,0.0,0.0,0.0,0
600,1650.0,1650.0,0.0,0.0,0.0,0.0,1677.0,1650.0,0.0,0.0,0.0,0
601,800.0,800.0,0.0,0.0,0.0,0.0,1678.0,800.0,0.0,0.0,0.0,0
602,2715.0,2715.0,0.0,0.0,0.0,0.0,1680.0,2715.0,0.0,0.0,0.0,0
603,8095.0,8095.0,0.0,0.0,0.0,0.0,1685.0,8095.0,0.0,0.0,0.0,0
604,21590.0,21590.0,0.0,0.0,0.0,0.0,1687.0,21590.0,0.0,0.0,0.0,0
605,15800.0,15800.0,0.0,0.0,0.0,0.0,1689.0,15800.0,0.0,0.0,0.0,0
606,5390.0,5390.0,0.0,0.0,0.0,0.0,1692.0,5390.0,0.0,0.0,0.0,0
607,7320.0,7320.0,0.0,0.0,0.0,0.0,1693.0,7320.0,0.0,0.0,0.0,0
608,2175.0,2175.0,0.0,0.0,0.0,0.0,1694.0,2175.0,0.0,0.0,0.0,0
609,14700.0,14700.0,0.0,0.0,0.0,0.0,1700.0,14700.0,0.0,0.0,0.0,0
610,6105.0,6105.0,0.0,0.0,0.0,0.0,1716.0,6105.0,0.0,0.0,0.0,0
611,10890.0,10890.0,0.0,0.0,0.0,0.0,1717.0,10890.0,0.0,0.0,0.0,0
612,3710.0,3710.0,0.0,0.0,0.0,0.0,1722.0,3710.0,0.0,0.0,0.0,0
613,6005.0,6005.0,0.0,0.0,0.0,0.0,1723.0,6005.0,0.0,0.0,0.0,0
614,1290.0,1290.0,0.0,0.0,0.0,0.0,1724.0,1290.0,0.0,0.0,0.0,0
615,1100.0,1100.0,0.0,0.0,0.0,0.0,1725.0,1100.0,0.0,0.0,0.0,0
616,3500.0,3500.0,0.0,0.0,0.0,0.0,1726.0,3500.0,0.0,0.0,0.0,0
617,-2672.0,-2672.0,0.0,0.0,0.0,0.0,1728.0,-2672.0,0.0,0.0,0.0,0
618,1650.0,1650.0,0.0,0.0,0.0,0.0,1730.0,1650.0,0.0,0.0,0.0,0
619,1040.0,1040.0,0.0,0.0,0.0,0.0,1736.0,1040.0,0.0,0.0,0.0,0
620,1455.0,1455.0,0.0,0.0,0.0,0.0,1737.0,1455.0,0.0,0.0,0.0,0
621,915.0,915.0,0.0,0.0,0.0,0.0,1741.0,915.0,0.0,0.0,0.0,0
622,16371.11,16371.0,0.11,0.0,0.0,0.0,1758.0,16371.11,0.0,0.0,0.0,0
623,-7638.0,-7638.0,0.0,0.0,0.0,0.0,1761.0,-7638.0,0.0,0.0,0.0,0
624,-3405.75,-3405.0,-0.75,0.0,0.0,0.0,1762.0,-3405.75,0.0,0.0,0.0,0
625,-5358.0,-5358.0,0.0,0.0,0.0,0.0,1763.0,-5358.0,0.0,0.0,0.0,0
626,365.0,365.0,0.0,0.0,0.0,0.0,1764.0,365.0,0.0,0.0,0.0,0
627,1560.0,1560.0,0.0,0.0,0.0,0.0,1771.0,1560.0,0.0,0.0,0.0,0
628,490.0,490.0,0.0,0.0,0.0,0.0,1777.0,490.0,0.0,0.0,0.0,0
629,2225.0,2225.0,0.0,0.0,0.0,0.0,1778.0,2225.0,0.0,0.0,0.0,0
630,730.0,730.0,0.0,0.0,0.0,0.0,1779.0,730.0,0.0,0.0,0.0,0
631,380.0,380.0,0.0,0.0,0.0,0.0,1780.0,380.0,0.0,0.0,0.0,0
632,6482.0,6482.0,0.0,0.0,0.0,0.0,1781.0,6482.0,0.0,0.0,0.0,0
633,4905.0,4905.0,0.0,0.0,0.0,0.0,1783.0,4905.0,0.0,0.0,0.0,0
634,3045.0,3045.0,0.0,0.0,0.0,0.0,1784.0,3045.0,0.0,0.0,0.0,0
635,2025.0,2025.0,0.0,0.0,0.0,0.0,1785.0,2025.0,0.0,0.0,0.0,0
636,5450.0,5450.0,0.0,0.0,0.0,0.0,1788.0,5450.0,0.0,0.0,0.0,0
637,38410.0,38410.0,0.0,0.0,0.0,0.0,1789.0,38410.0,0.0,0.0,0.0,0
638,1505.0,1505.0,0.0,0.0,0.0,0.0,1790.0,1505.0,0.0,0.0,0.0,0
639,18340.0,18340.0,0.0,0.0,0.0,0.0,1791.0,18340.0,0.0,0.0,0.0,0
640,11450.0,11450.0,0.0,0.0,0.0,0.0,1792.0,11450.0,0.0,0.0,0.0,0
641,27045.0,27045.0,0.0,0.0,0.0,0.0,1793.0,27045.0,0.0,0.0,0.0,0
642,4310.0,4310.0,0.0,0.0,0.0,0.0,1794.0,4310.0,0.0,0.0,0.0,0
643,6230.0,6230.0,0.0,0.0,0.0,0.0,1795.0,6230.0,0.0,0.0,0.0,0
644,2045.0,2045.0,0.0,0.0,0.0,0.0,1799.0,2045.0,0.0,0.0,0.0,0
645,10100.0,10100.0,0.0,0.0,0.0,0.0,1800.0,10100.0,0.0,0.0,0.0,0
646,1175.0,1175.0,0.0,0.0,0.0,0.0,1802.0,1175.0,0.0,0.0,0.0,0
647,902.0,902.0,0.0,0.0,0.0,0.0,1803.0,902.0,0.0,0.0,0.0,0
648,7610.0,7610.0,0.0,0.0,0.0,0.0,1813.0,7610.0,0.0,0.0,0.0,0
649,10450.0,10450.0,0.0,0.0,0.0,0.0,1818.0,10450.0,0.0,0.0,0.0,0
650,7000.0,7000.0,0.0,0.0,0.0,0.0,1819.0,7000.0,0.0,0.0,0.0,0
651,8800.0,8800.0,0.0,0.0,0.0,0.0,1822.0,8800.0,0.0,0.0,0.0,0
652,38500.0,38500.0,0.0,0.0,0.0,0.0,1825.0,38500.0,0.0,0.0,0.0,0
653,990.0,990.0,0.0,0.0,0.0,0.0,1831.0,990.0,0.0,0.0,0.0,0
654,2205.0,2205.0,0.0,0.0,0.0,0.0,1833.0,2205.0,0.0,0.0,0.0,0
655,825.0,825.0,0.0,0.0,0.0,0.0,1835.0,825.0,0.0,0.0,0.0,0
656,2280.0,2280.0,0.0,0.0,0.0,0.0,1836.0,2280.0,0.0,0.0,0.0,0
657,14340.0,0.0,14340.0,0.0,0.0,0.0,1841.0,14340.0,0.0,0.0,0.0,0
658,5500.0,5500.0,0.0,0.0,0.0,0.0,1842.0,5500.0,0.0,0.0,0.0,0
659,18150.0,18150.0,0.0,0.0,0.0,0.0,1845.0,18150.0,0.0,0.0,0.0,0
660,1055.0,1055.0,0.0,0.0,0.0,0.0,1847.0,1055.0,0.0,0.0,0.0,0
661,865.0,865.0,0.0,0.0,0.0,0.0,1848.0,865.0,0.0,0.0,0.0,0
662,2350.0,2350.0,0.0,0.0,0.0,0.0,1849.0,2350.0,0.0,0.0,0.0,0
663,2790.0,2790.0,0.0,0.0,0.0,0.0,1850.0,2790.0,0.0,0.0,0.0,0
664,4500.0,4500.0,0.0,0.0,0.0,0.0,1853.0,4500.0,0.0,0.0,0.0,0
665,2640.0,2640.0,0.0,0.0,0.0,0.0,1854.0,2640.0,0.0,0.0,0.0,0
666,1400.0,1400.0,0.0,0.0,0.0,0.0,1859.0,1400.0,0.0,0.0,0.0,0
667,625.0,625.0,0.0,0.0,0.0,0.0,1860.0,625.0,0.0,0.0,0.0,0
668,800.0,800.0,0.0,0.0,0.0,0.0,1864.0,800.0,0.0,0.0,0.0,0
669,3700.0,3700.0,0.0,0.0,0.0,0.0,1866.0,3700.0,0.0,0.0,0.0,0
670,2475.0,2475.0,0.0,0.0,0.0,0.0,1867.0,2475.0,0.0,0.0,0.0,0
671,1350.0,1350.0,0.0,0.0,0.0,0.0,1868.0,1350.0,0.0,0.0,0.0,0
672,13121.0,13121.0,0.0,0.0,0.0,0.0,1869.0,13121.0,0.0,0.0,0.0,0
673,-2800.0,-2800.0,0.0,0.0,0.0,0.0,1870.0,-2800.0,0.0,0.0,0.0,0
674,1835.0,1835.0,0.0,0.0,0.0,0.0,1876.0,1835.0,0.0,0.0,0.0,0
675,7955.0,7955.0,0.0,0.0,0.0,0.0,1878.0,7955.0,0.0,0.0,0.0,0
676,-13030.0,-13030.0,0.0,0.0,0.0,0.0,1879.0,-13030.0,0.0,0.0,0.0,0
677,18600.0,18600.0,0.0,0.0,0.0,0.0,1890.0,18600.0,0.0,0.0,0.0,0
678,8066.0,8066.0,0.0,0.0,0.0,0.0,1891.0,8066.0,0.0,0.0,0.0,0
679,1435.0,1435.0,0.0,0.0,0.0,0.0,1892.0,1435.0,0.0,0.0,0.0,0
680,5155.5,5155.0,0.5,0.0,0.0,0.0,1893.0,5155.5,0.0,0.0,0.0,0
681,9180.0,9180.0,0.0,0.0,0.0,0.0,1900.0,9180.0,0.0,0.0,0.0,0
682,1500.0,1500.0,0.0,0.0,0.0,0.0,1901.0,1500.0,0.0,0.0,0.0,0
683,41131.0,41131.0,0.0,0.0,0.0,0.0,1904.0,41131.0,0.0,0.0,0.0,0
684,2902.0,2902.0,0.0,0.0,0.0,0.0,1905.0,2902.0,0.0,0.0,0.0,0
685,1200.0,1200.0,0.0,0.0,0.0,0.0,1908.0,1200.0,0.0,0.0,0.0,0
686,10619.0,10619.0,0.0,0.0,0.0,0.0,1910.0,10619.0,0.0,0.0,0.0,0
687,-1300.0,-1300.0,0.0,0.0,0.0,0.0,1912.0,-1300.0,0.0,0.0,0.0,0
688,1435.0,1435.0,0.0,0.0,0.0,0.0,1913.0,1435.0,0.0,0.0,0.0,0
689,745.0,745.0,0.0,0.0,0.0,0.0,1914.0,745.0,0.0,0.0,0.0,0
690,495.0,495.0,0.0,0.0,0.0,0.0,1917.0,495.0,0.0,0.0,0.0,0
691,9895.0,9895.0,0.0,0.0,0.0,0.0,1923.0,9895.0,0.0,0.0,0.0,0
692,1050.0,1050.0,0.0,0.0,0.0,0.0,1924.0,1050.0,0.0,0.0,0.0,0
693,1520.0,1520.0,0.0,0.0,0.0,0.0,1928.0,1520.0,0.0,0.0,0.0,0
694,4055.0,4055.0,0.0,0.0,0.0,0.0,1931.0,4055.0,0.0,0.0,0.0,0
695,4950.0,4950.0,0.0,0.0,0.0,0.0,1932.0,4950.0,0.0,0.0,0.0,0
696,1455.0,1455.0,0.0,0.0,0.0,0.0,1934.0,1455.0,0.0,0.0,0.0,0
697,1855.0,1855.0,0.0,0.0,0.0,0.0,1936.0,1855.0,0.0,0.0,0.0,0
698,1590.0,1590.0,0.0,0.0,0.0,0.0,1938.0,1590.0,0.0,0.0,0.0,0
699,2485.0,2485.0,0.0,0.0,0.0,0.0,1940.0,2485.0,0.0,0.0,0.0,0
700,1240.0,1240.0,0.0,0.0,0.0,0.0,1942.0,1240.0,0.0,0.0,0.0,0
701,0.0,0.0,0.0,0.0,0.0,0.0,1944.0,0.0,0.0,0.0,0.0,0
702,2620.0,2620.0,0.0,0.0,0.0,0.0,1945.0,2620.0,0.0,0.0,0.0,0
703,5085.0,5085.0,0.0,0.0,0.0,0.0,1948.0,5085.0,0.0,0.0,0.0,0
704,2560.0,2560.0,0.0,0.0,0.0,0.0,1950.0,2560.0,0.0,0.0,0.0,0
705,6500.0,6500.0,0.0,0.0,0.0,0.0,1951.0,6500.0,0.0,0.0,0.0,0
706,1505.0,1505.0,0.0,0.0,0.0,0.0,1954.0,1505.0,0.0,0.0,0.0,0
707,1480.0,1480.0,0.0,0.0,0.0,0.0,1955.0,1480.0,0.0,0.0,0.0,0
708,1190.0,1190.0,0.0,0.0,0.0,0.0,1956.0,1190.0,0.0,0.0,0.0,0
709,0.0,0.0,0.0,0.0,0.0,0.0,1959.0,0.0,0.0,0.0,0.0,0
710,37315.0,37315.0,0.0,0.0,0.0,0.0,1960.0,37315.0,0.0,0.0,0.0,0
711,5075.0,0.0,5075.0,0.0,0.0,0.0,1970.0,5075.0,0.0,0.0,0.0,0
712,2905.0,2905.0,0.0,0.0,0.0,0.0,1972.0,2905.0,0.0,0.0,0.0,0
713,2630.0,2630.0,0.0,0.0,0.0,0.0,1974.0,2630.0,0.0,0.0,0.0,0
714,3885.0,3885.0,0.0,0.0,0.0,0.0,1977.0,3885.0,0.0,0.0,0.0,0
715,14180.0,14180.0,0.0,0.0,0.0,0.0,1979.0,14180.0,0.0,0.0,0.0,0
716,21525.0,21525.0,0.0,0.0,0.0,0.0,1980.0,21525.0,0.0,0.0,0.0,0
717,14360.0,14360.0,0.0,0.0,0.0,0.0,1981.0,14360.0,0.0,0.0,0.0,0
718,6110.0,0.0,6110.0,0.0,0.0,0.0,1982.0,6110.0,0.0,0.0,0.0,0
719,4000.0,0.0,4000.0,0.0,0.0,0.0,1984.0,4000.0,0.0,0.0,0.0,0
720,9120.0,9120.0,0.0,0.0,0.0,0.0,1985.0,9120.0,0.0,0.0,0.0,0
721,4670.0,4670.0,0.0,0.0,0.0,0.0,1990.0,4670.0,0.0,0.0,0.0,0
722,9800.0,9800.0,0.0,0.0,0.0,0.0,2007.0,9800.0,0.0,0.0,0.0,0
723,85000.0,85000.0,0.0,0.0,0.0,0.0,2013.0,85000.0,0.0,0.0,0.0,0
724,3635.0,3635.0,0.0,0.0,0.0,0.0,2020.0,3635.0,0.0,0.0,0.0,0
725,5815.0,5815.0,0.0,0.0,0.0,0.0,2021.0,5815.0,0.0,0.0,0.0,0
726,8460.0,8460.0,0.0,0.0,0.0,0.0,2023.0,8460.0,0.0,0.0,0.0,0
727,24000.0,24000.0,0.0,0.0,0.0,0.0,2024.0,24000.0,0.0,0.0,0.0,0
728,12460.0,12460.0,0.0,0.0,0.0,0.0,2025.0,12460.0,0.0,0.0,0.0,0
729,745.0,745.0,0.0,0.0,0.0,0.0,2030.0,745.0,0.0,0.0,0.0,0
730,0.0,0.0,0.0,0.0,0.0,0.0,2032.0,0.0,0.0,0.0,0.0,0
731,0.0,0.0,0.0,0.0,0.0,0.0,2033.0,0.0,0.0,0.0,0.0,0
732,435.0,435.0,0.0,0.0,0.0,0.0,2037.0,435.0,0.0,0.0,0.0,0
733,1890.0,1890.0,0.0,0.0,0.0,0.0,2039.0,1890.0,0.0,0.0,0.0,0
734,5600.0,5600.0,0.0,0.0,0.0,0.0,2043.0,5600.0,0.0,0.0,0.0,0
735,860.0,860.0,0.0,0.0,0.0,0.0,2044.0,860.0,0.0,0.0,0.0,0
736,2850.0,2850.0,0.0,0.0,0.0,0.0,2047.0,2850.0,0.0,0.0,0.0,0
737,3100.0,3100.0,0.0,0.0,0.0,0.0,2048.0,3100.0,0.0,0.0,0.0,0
738,840.0,840.0,0.0,0.0,0.0,0.0,2050.0,840.0,0.0,0.0,0.0,0
739,18580.0,0.0,18580.0,0.0,0.0,0.0,2058.0,18580.0,0.0,0.0,0.0,0
740,12000.0,12000.0,0.0,0.0,0.0,0.0,2059.0,12000.0,0.0,0.0,0.0,0
741,10405.0,10405.0,0.0,0.0,0.0,0.0,2060.0,10405.0,0.0,0.0,0.0,0
742,1960.0,0.0,1960.0,0.0,0.0,0.0,2061.0,1960.0,0.0,0.0,0.0,0
743,5100.0,5100.0,0.0,0.0,0.0,0.0,2062.0,5100.0,0.0,0.0,0.0,0
744,5040.0,5040.0,0.0,0.0,0.0,0.0,2063.0,5040.0,0.0,0.0,0.0,0
745,0.0,4675.0,-4675.0,0.0,0.0,0.0,2065.0,0.0,0.0,0.0,0.0,0
746,1530.0,1530.0,0.0,0.0,0.0,0.0,2067.0,1530.0,0.0,0.0,0.0,0
747,30000.0,30000.0,0.0,0.0,0.0,0.0,2069.0,30000.0,0.0,0.0,0.0,0
748,-500.0,-500.0,0.0,0.0,0.0,0.0,2070.0,-500.0,0.0,0.0,0.0,0
749,1780.0,1780.0,0.0,0.0,0.0,0.0,2072.0,1780.0,0.0,0.0,0.0,0
750,1920.0,1920.0,0.0,0.0,0.0,0.0,2073.0,1920.0,0.0,0.0,0.0,0
751,2440.0,2440.0,0.0,0.0,0.0,0.0,2076.0,2440.0,0.0,0.0,0.0,0
752,22500.0,0.0,22500.0,0.0,0.0,0.0,2077.0,22500.0,0.0,0.0,0.0,0
753,1895.0,1895.0,0.0,0.0,0.0,0.0,2078.0,1895.0,0.0,0.0,0.0,0
754,1600.0,1600.0,0.0,0.0,0.0,0.0,2090.0,1600.0,0.0,0.0,0.0,0
755,935.0,935.0,0.0,0.0,0.0,0.0,2091.0,935.0,0.0,0.0,0.0,0
756,1070.0,1070.0,0.0,0.0,0.0,0.0,2092.0,1070.0,0.0,0.0,0.0,0
757,2105.0,2105.0,0.0,0.0,0.0,0.0,2093.0,2105.0,0.0,0.0,0.0,0
758,1430.0,1430.0,0.0,0.0,0.0,0.0,2094.0,1430.0,0.0,0.0,0.0,0
759,895.0,895.0,0.0,0.0,0.0,0.0,2095.0,895.0,0.0,0.0,0.0,0
760,915.0,915.0,0.0,0.0,0.0,0.0,2096.0,915.0,0.0,0.0,0.0,0
761,6810.0,6810.0,0.0,0.0,0.0,0.0,2097.0,6810.0,0.0,0.0,0.0,0
762,130000.0,130000.0,0.0,0.0,0.0,0.0,2098.0,130000.0,0.0,0.0,0.0,0
763,10840.0,0.0,10840.0,0.0,0.0,0.0,2100.0,10840.0,0.0,0.0,0.0,0
764,18970.0,0.0,18970.0,0.0,0.0,0.0,2103.0,18970.0,0.0,0.0,0.0,0
765,1520.0,1520.0,0.0,0.0,0.0,0.0,2104.0,1520.0,0.0,0.0,0.0,0
766,4675.0,4675.0,0.0,0.0,0.0,0.0,2109.0,4675.0,0.0,0.0,0.0,0
767,30000.0,30000.0,0.0,0.0,0.0,0.0,2110.0,30000.0,0.0,0.0,0.0,0
768,1760.0,1760.0,0.0,0.0,0.0,0.0,2111.0,1760.0,0.0,0.0,0.0,0
769,6180.0,6180.0,0.0,0.0,0.0,0.0,2112.0,6180.0,0.0,0.0,0.0,0
770,3890.0,3890.0,0.0,0.0,0.0,0.0,2113.0,3890.0,0.0,0.0,0.0,0
771,20855.0,20855.0,0.0,0.0,0.0,0.0,2119.0,20855.0,0.0,0.0,0.0,0
772,3045.0,0.0,3045.0,0.0,0.0,0.0,2120.0,3045.0,0.0,0.0,0.0,0
773,2475.0,2475.0,0.0,0.0,0.0,0.0,2122.0,2475.0,0.0,0.0,0.0,0
774,430.0,430.0,0.0,0.0,0.0,0.0,2125.0,430.0,0.0,0.0,0.0,0
775,32000.0,32000.0,0.0,0.0,0.0,0.0,2127.0,32000.0,0.0,0.0,0.0,0
776,22500.0,0.0,22500.0,0.0,0.0,0.0,2130.0,22500.0,0.0,0.0,0.0,0
777,3790.0,3790.0,0.0,0.0,0.0,0.0,2131.0,3790.0,0.0,0.0,0.0,0
778,4260.0,4260.0,0.0,0.0,0.0,0.0,2133.0,4260.0,0.0,0.0,0.0,0
779,92130.0,92130.0,0.0,0.0,0.0,0.0,2159.0,92130.0,0.0,0.0,0.0,0
780,3855.0,3855.0,0.0,0.0,0.0,0.0,2161.0,3855.0,0.0,0.0,0.0,0
781,3040.0,0.0,3040.0,0.0,0.0,0.0,2162.0,3040.0,0.0,0.0,0.0,0
782,3325.0,3325.0,0.0,0.0,0.0,0.0,2164.0,3325.0,0.0,0.0,0.0,0
783,9335.0,9335.0,0.0,0.0,0.0,0.0,2165.0,9335.0,0.0,0.0,0.0,0
784,3650.0,3650.0,0.0,0.0,0.0,0.0,2167.0,3650.0,0.0,0.0,0.0,0
785,947500.0,947500.0,0.0,0.0,0.0,0.0,2168.0,947500.0,0.0,0.0,0.0,0
786,2227.0,2227.0,0.0,0.0,0.0,0.0,2173.0,2227.0,0.0,0.0,0.0,0
787,6603.0,6603.0,0.0,0.0,0.0,0.0,2175.0,6603.0,0.0,0.0,0.0,0
788,710.0,710.0,0.0,0.0,0.0,0.0,2176.0,710.0,0.0,0.0,0.0,0
789,1117.0,1117.0,0.0,0.0,0.0,0.0,2177.0,1117.0,0.0,0.0,0.0,0
790,1735.0,1735.0,0.0,0.0,0.0,0.0,2187.0,1735.0,0.0,0.0,0.0,0
791,-495.0,-495.0,0.0,0.0,0.0,0.0,2188.0,-495.0,0.0,0.0,0.0,0
792,4475.0,4475.0,0.0,0.0,0.0,0.0,2191.0,4475.0,0.0,0.0,0.0,0
793,580.0,580.0,0.0,0.0,0.0,0.0,2193.0,580.0,0.0,0.0,0.0,0
794,2660.0,0.0,2660.0,0.0,0.0,0.0,2211.0,2660.0,0.0,0.0,0.0,0
795,-3070.0,-3070.0,0.0,0.0,0.0,0.0,2213.0,-3070.0,0.0,0.0,0.0,0
796,4640.0,4640.0,0.0,0.0,0.0,0.0,2217.0,4640.0,0.0,0.0,0.0,0
797,495.0,495.0,0.0,0.0,0.0,0.0,2220.0,495.0,0.0,0.0,0.0,0
798,2140.0,2140.0,0.0,0.0,0.0,0.0,2227.0,2140.0,0.0,0.0,0.0,0
799,4600.0,0.0,4600.0,0.0,0.0,0.0,2229.0,4600.0,0.0,0.0,0.0,0
800,1605.0,0.0,1605.0,0.0,0.0,0.0,2234.0,1605.0,0.0,0.0,0.0,0
801,10800.0,10800.0,0.0,0.0,0.0,0.0,2239.0,10800.0,0.0,0.0,0.0,0
802,6000.0,6000.0,0.0,0.0,0.0,0.0,2241.0,6000.0,0.0,0.0,0.0,0
803,2570.0,0.0,2570.0,0.0,0.0,0.0,2243.0,2570.0,0.0,0.0,0.0,0
804,17480.0,17480.0,0.0,0.0,0.0,0.0,2246.0,17480.0,0.0,0.0,0.0,0
805,3085.0,3085.0,0.0,0.0,0.0,0.0,2248.0,3085.0,0.0,0.0,0.0,0
806,495.0,495.0,0.0,0.0,0.0,0.0,2250.0,495.0,0.0,0.0,0.0,0
807,1608.5,1608.0,0.5,0.0,0.0,0.0,2252.0,1608.5,0.0,0.0,0.0,0
808,4500.0,4500.0,0.0,0.0,0.0,0.0,2254.0,4500.0,0.0,0.0,0.0,0
809,1950.0,1950.0,0.0,0.0,0.0,0.0,2257.0,1950.0,0.0,0.0,0.0,0
810,0.0,0.0,0.0,0.0,0.0,0.0,2258.0,0.0,0.0,0.0,0.0,0
811,2395.0,2395.0,0.0,0.0,0.0,0.0,2259.0,2395.0,0.0,0.0,0.0,0
812,4285.0,4285.0,0.0,0.0,0.0,0.0,2260.0,4285.0,0.0,0.0,0.0,0
813,20295.0,20295.0,0.0,0.0,0.0,0.0,2261.0,20295.0,0.0,0.0,0.0,0
814,1770.0,1770.0,0.0,0.0,0.0,0.0,2263.0,1770.0,0.0,0.0,0.0,0
815,64257.0,64257.0,0.0,0.0,0.0,0.0,2264.0,64257.0,0.0,0.0,0.0,0
816,48865.0,48865.0,0.0,0.0,0.0,0.0,2265.0,48865.0,0.0,0.0,0.0,0
817,9320.0,9320.0,0.0,0.0,0.0,0.0,2266.0,9320.0,0.0,0.0,0.0,0
818,18000.0,18000.0,0.0,0.0,0.0,0.0,2267.0,18000.0,0.0,0.0,0.0,0
819,7045.0,7045.0,0.0,0.0,0.0,0.0,2269.0,7045.0,0.0,0.0,0.0,0
820,5850.0,5850.0,0.0,0.0,0.0,0.0,2270.0,5850.0,0.0,0.0,0.0,0
821,4370.0,4370.0,0.0,0.0,0.0,0.0,2271.0,4370.0,0.0,0.0,0.0,0
822,22440.0,22440.0,0.0,0.0,0.0,0.0,2272.0,22440.0,0.0,0.0,0.0,0
823,12400.0,12400.0,0.0,0.0,0.0,0.0,2273.0,12400.0,0.0,0.0,0.0,0
824,4995.0,4995.0,0.0,0.0,0.0,0.0,2274.0,4995.0,0.0,0.0,0.0,0
825,2600.0,0.0,2600.0,0.0,0.0,0.0,2276.0,2600.0,0.0,0.0,0.0,0
826,14400.0,14400.0,0.0,0.0,0.0,0.0,2277.0,14400.0,0.0,0.0,0.0,0
827,12955.0,12955.0,0.0,0.0,0.0,0.0,2279.0,12955.0,0.0,0.0,0.0,0
828,18540.0,18540.0,0.0,0.0,0.0,0.0,2280.0,18540.0,0.0,0.0,0.0,0
829,7900.0,0.0,7900.0,0.0,0.0,0.0,2281.0,7900.0,0.0,0.0,0.0,0
830,9915.0,9915.0,0.0,0.0,0.0,0.0,2282.0,9915.0,0.0,0.0,0.0,0
831,3110.0,3110.0,0.0,0.0,0.0,0.0,2285.0,3110.0,0.0,0.0,0.0,0
832,8020.0,8020.0,0.0,0.0,0.0,0.0,2287.0,8020.0,0.0,0.0,0.0,0
833,975.0,975.0,0.0,0.0,0.0,0.0,2289.0,975.0,0.0,0.0,0.0,0
834,-4281.52,-4281.0,-0.52,0.0,0.0,0.0,2294.0,-4281.52,0.0,0.0,0.0,0
835,7305.0,7305.0,0.0,0.0,0.0,0.0,2295.0,7305.0,0.0,0.0,0.0,0
836,2000.0,2000.0,0.0,0.0,0.0,0.0,2296.0,2000.0,0.0,0.0,0.0,0
837,1455.0,1455.0,0.0,0.0,0.0,0.0,2298.0,1455.0,0.0,0.0,0.0,0
838,1355.0,1355.0,0.0,0.0,0.0,0.0,2300.0,1355.0,0.0,0.0,0.0,0
839,1495.0,1495.0,0.0,0.0,0.0,0.0,2302.0,1495.0,0.0,0.0,0.0,0
840,-6200.0,-6200.0,0.0,0.0,0.0,0.0,2303.0,-6200.0,0.0,0.0,0.0,0
841,2310.0,2310.0,0.0,0.0,0.0,0.0,2305.0,2310.0,0.0,0.0,0.0,0
842,5300.0,5300.0,0.0,0.0,0.0,0.0,2307.0,5300.0,0.0,0.0,0.0,0
843,1155.0,1155.0,0.0,0.0,0.0,0.0,2309.0,1155.0,0.0,0.0,0.0,0
844,3600.0,3600.0,0.0,0.0,0.0,0.0,2310.0,3600.0,0.0,0.0,0.0,0
845,1355.0,1355.0,0.0,0.0,0.0,0.0,2313.0,1355.0,0.0,0.0,0.0,0
846,6010.0,6010.0,0.0,0.0,0.0,0.0,2314.0,6010.0,0.0,0.0,0.0,0
847,1480.0,1480.0,0.0,0.0,0.0,0.0,2317.0,1480.0,0.0,0.0,0.0,0
848,800.0,800.0,0.0,0.0,0.0,0.0,2318.0,800.0,0.0,0.0,0.0,0
849,5120.0,5120.0,0.0,0.0,0.0,0.0,2319.0,5120.0,0.0,0.0,0.0,0
850,5560.0,5560.0,0.0,0.0,0.0,0.0,2320.0,5560.0,0.0,0.0,0.0,0
851,650.0,650.0,0.0,0.0,0.0,0.0,2326.0,650.0,0.0,0.0,0.0,0
852,1750.0,1750.0,0.0,0.0,0.0,0.0,2329.0,1750.0,0.0,0.0,0.0,0
853,4680.0,4680.0,0.0,0.0,0.0,0.0,2330.0,4680.0,0.0,0.0,0.0,0
854,3180.0,3180.0,0.0,0.0,0.0,0.0,2335.0,3180.0,0.0,0.0,0.0,0
855,860.0,860.0,0.0,0.0,0.0,0.0,2339.0,860.0,0.0,0.0,0.0,0
856,1200.0,1200.0,0.0,0.0,0.0,0.0,2341.0,1200.0,0.0,0.0,0.0,0
857,8500.0,8500.0,0.0,0.0,0.0,0.0,2342.0,8500.0,0.0,0.0,0.0,0
858,10790.0,10790.0,0.0,0.0,0.0,0.0,2343.0,10790.0,0.0,0.0,0.0,0
859,8300.0,8300.0,0.0,0.0,0.0,0.0,2344.0,8300.0,0.0,0.0,0.0,0
860,5000.0,5000.0,0.0,0.0,0.0,0.0,2345.0,5000.0,0.0,0.0,0.0,0
861,1605.0,1605.0,0.0,0.0,0.0,0.0,2353.0,1605.0,0.0,0.0,0.0,0
862,5380.0,5380.0,0.0,0.0,0.0,0.0,2355.0,5380.0,0.0,0.0,0.0,0
863,3340.0,3340.0,0.0,0.0,0.0,0.0,2357.0,3340.0,0.0,0.0,0.0,0
864,2780.0,2780.0,0.0,0.0,0.0,0.0,2359.0,2780.0,0.0,0.0,0.0,0
865,695.0,695.0,0.0,0.0,0.0,0.0,2360.0,695.0,0.0,0.0,0.0,0
866,980.0,980.0,0.0,0.0,0.0,0.0,2363.0,980.0,0.0,0.0,0.0,0
867,2385.0,2385.0,0.0,0.0,0.0,0.0,2364.0,2385.0,0.0,0.0,0.0,0
868,9440.0,9440.0,0.0,0.0,0.0,0.0,2366.0,9440.0,0.0,0.0,0.0,0
869,2235.0,2235.0,0.0,0.0,0.0,0.0,2368.0,2235.0,0.0,0.0,0.0,0
870,45640.0,45640.0,0.0,0.0,0.0,0.0,2373.0,45640.0,0.0,0.0,0.0,0
871,36000.0,36000.0,0.0,0.0,0.0,0.0,2375.0,36000.0,0.0,0.0,0.0,0
872,5280.0,5280.0,0.0,0.0,0.0,0.0,2377.0,5280.0,0.0,0.0,0.0,0
873,545.0,545.0,0.0,0.0,0.0,0.0,2379.0,545.0,0.0,0.0,0.0,0
874,975.0,0.0,975.0,0.0,0.0,0.0,2380.0,975.0,0.0,0.0,0.0,0
875,2560.0,2560.0,0.0,0.0,0.0,0.0,2384.0,2560.0,0.0,0.0,0.0,0
876,17940.0,17940.0,0.0,0.0,0.0,0.0,2390.0,17940.0,0.0,0.0,0.0,0
877,-5540.0,-5540.0,0.0,0.0,0.0,0.0,2391.0,-5540.0,0.0,0.0,0.0,0
878,1635.0,1635.0,0.0,0.0,0.0,0.0,2392.0,1635.0,0.0,0.0,0.0,0
879,5925.0,5925.0,0.0,0.0,0.0,0.0,2397.0,5925.0,0.0,0.0,0.0,0
880,5925.0,5925.0,0.0,0.0,0.0,0.0,2398.0,5925.0,0.0,0.0,0.0,0
881,5925.0,5925.0,0.0,0.0,0.0,0.0,2399.0,5925.0,0.0,0.0,0.0,0
882,5925.0,5925.0,0.0,0.0,0.0,0.0,2400.0,5925.0,0.0,0.0,0.0,0
883,5925.0,5925.0,0.0,0.0,0.0,0.0,2401.0,5925.0,0.0,0.0,0.0,0
884,5925.0,5925.0,0.0,0.0,0.0,0.0,2402.0,5925.0,0.0,0.0,0.0,0
885,5925.0,5925.0,0.0,0.0,0.0,0.0,2403.0,5925.0,0.0,0.0,0.0,0
886,5925.0,5925.0,0.0,0.0,0.0,0.0,2404.0,5925.0,0.0,0.0,0.0,0
887,4660.0,4660.0,0.0,0.0,0.0,0.0,2419.0,4660.0,0.0,0.0,0.0,0
888,5600.0,5600.0,0.0,0.0,0.0,0.0,2422.0,5600.0,0.0,0.0,0.0,0
889,3040.0,3040.0,0.0,0.0,0.0,0.0,2432.0,3040.0,0.0,0.0,0.0,0
890,5200.0,5200.0,0.0,0.0,0.0,0.0,2438.0,5200.0,0.0,0.0,0.0,0
891,2110.0,2110.0,0.0,0.0,0.0,0.0,2439.0,2110.0,0.0,0.0,0.0,0
892,2310.0,2310.0,0.0,0.0,0.0,0.0,2440.0,2310.0,0.0,0.0,0.0,0
893,4575.0,4575.0,0.0,0.0,0.0,0.0,2443.0,4575.0,0.0,0.0,0.0,0
894,5410.0,0.0,5410.0,0.0,0.0,0.0,2445.0,5410.0,0.0,0.0,0.0,0
895,3450.0,3450.0,0.0,0.0,0.0,0.0,2447.0,3450.0,0.0,0.0,0.0,0
896,8940.0,8940.0,0.0,0.0,0.0,0.0,2448.0,8940.0,0.0,0.0,0.0,0
897,5105.0,5105.0,0.0,0.0,0.0,0.0,2449.0,5105.0,0.0,0.0,0.0,0
898,7250.0,0.0,7250.0,0.0,0.0,0.0,2450.0,7250.0,0.0,0.0,0.0,0
899,30300.0,0.0,30300.0,0.0,0.0,0.0,2454.0,30300.0,0.0,0.0,0.0,0
900,8595.0,8595.0,0.0,0.0,0.0,0.0,2455.0,8595.0,0.0,0.0,0.0,0
901,2656.5,2656.0,0.5,0.0,0.0,0.0,2456.0,2656.5,0.0,0.0,0.0,0
902,360.0,360.0,0.0,0.0,0.0,0.0,2459.0,360.0,0.0,0.0,0.0,0
903,2155.0,2155.0,0.0,0.0,0.0,0.0,2461.0,2155.0,0.0,0.0,0.0,0
904,3840.0,3840.0,0.0,0.0,0.0,0.0,2463.0,3840.0,0.0,0.0,0.0,0
905,945.0,945.0,0.0,0.0,0.0,0.0,2465.0,945.0,0.0,0.0,0.0,0
906,1425.0,1425.0,0.0,0.0,0.0,0.0,2467.0,1425.0,0.0,0.0,0.0,0
907,8000.0,8000.0,0.0,0.0,0.0,0.0,2471.0,8000.0,0.0,0.0,0.0,0
908,2870.0,2870.0,0.0,0.0,0.0,0.0,2472.0,2870.0,0.0,0.0,0.0,0
909,2730.0,2730.0,0.0,0.0,0.0,0.0,2473.0,2730.0,0.0,0.0,0.0,0
910,5925.0,5925.0,0.0,0.0,0.0,0.0,2474.0,5925.0,0.0,0.0,0.0,0
911,5925.0,5925.0,0.0,0.0,0.0,0.0,2475.0,5925.0,0.0,0.0,0.0,0
912,13560.0,13560.0,0.0,0.0,0.0,0.0,2476.0,13560.0,0.0,0.0,0.0,0
913,2960.0,2960.0,0.0,0.0,0.0,0.0,2477.0,2960.0,0.0,0.0,0.0,0
914,1155.0,1155.0,0.0,0.0,0.0,0.0,2478.0,1155.0,0.0,0.0,0.0,0
915,5280.0,5280.0,0.0,0.0,0.0,0.0,2479.0,5280.0,0.0,0.0,0.0,0
916,10660.0,10660.0,0.0,0.0,0.0,0.0,2481.0,10660.0,0.0,0.0,0.0,0
917,9240.0,9240.0,0.0,0.0,0.0,0.0,2482.0,9240.0,0.0,0.0,0.0,0
918,1025.0,1025.0,0.0,0.0,0.0,0.0,2484.0,1025.0,0.0,0.0,0.0,0
919,2500.0,2500.0,0.0,0.0,0.0,0.0,2485.0,2500.0,0.0,0.0,0.0,0
920,5313.0,5313.0,0.0,0.0,0.0,0.0,2486.0,5313.0,0.0,0.0,0.0,0
921,4358.0,4358.0,0.0,0.0,0.0,0.0,2487.0,4358.0,0.0,0.0,0.0,0
922,3000.0,3000.0,0.0,0.0,0.0,0.0,2489.0,3000.0,0.0,0.0,0.0,0
923,12660.0,12660.0,0.0,0.0,0.0,0.0,2492.0,12660.0,0.0,0.0,0.0,0
924,2025.0,2025.0,0.0,0.0,0.0,0.0,2493.0,2025.0,0.0,0.0,0.0,0
925,1765.0,1765.0,0.0,0.0,0.0,0.0,2495.0,1765.0,0.0,0.0,0.0,0
926,875.0,875.0,0.0,0.0,0.0,0.0,2496.0,875.0,0.0,0.0,0.0,0
927,8619.52,0.0,8619.52,0.0,0.0,0.0,2498.0,8619.52,0.0,0.0,0.0,0
928,12555.0,12555.0,0.0,0.0,0.0,0.0,2499.0,12555.0,0.0,0.0,0.0,0
929,5785.0,5785.0,0.0,0.0,0.0,0.0,2500.0,5785.0,0.0,0.0,0.0,0
930,2880.0,2880.0,0.0,0.0,0.0,0.0,2502.0,2880.0,0.0,0.0,0.0,0
931,5315.0,5315.0,0.0,0.0,0.0,0.0,2504.0,5315.0,0.0,0.0,0.0,0
932,990.0,990.0,0.0,0.0,0.0,0.0,2506.0,990.0,0.0,0.0,0.0,0
933,240.0,240.0,0.0,0.0,0.0,0.0,2508.0,240.0,0.0,0.0,0.0,0
934,1145.0,1145.0,0.0,0.0,0.0,0.0,2510.0,1145.0,0.0,0.0,0.0,0
935,1330.0,1330.0,0.0,0.0,0.0,0.0,2512.0,1330.0,0.0,0.0,0.0,0
936,760.0,760.0,0.0,0.0,0.0,0.0,2514.0,760.0,0.0,0.0,0.0,0
937,1520.0,1520.0,0.0,0.0,0.0,0.0,2516.0,1520.0,0.0,0.0,0.0,0
938,2656.5,2656.0,0.5,0.0,0.0,0.0,2518.0,2656.5,0.0,0.0,0.0,0
939,5925.0,5925.0,0.0,0.0,0.0,0.0,2522.0,5925.0,0.0,0.0,0.0,0
940,5925.0,5925.0,0.0,0.0,0.0,0.0,2524.0,5925.0,0.0,0.0,0.0,0
941,2250.0,2250.0,0.0,0.0,0.0,0.0,2552.0,2250.0,0.0,0.0,0.0,0
942,6000.0,6000.0,0.0,0.0,0.0,0.0,2553.0,6000.0,0.0,0.0,0.0,0
943,1295.0,1295.0,0.0,0.0,0.0,0.0,2555.0,1295.0,0.0,0.0,0.0,0
944,10.0,10.0,0.0,0.0,0.0,0.0,2557.0,10.0,0.0,0.0,0.0,0
945,21990.0,21990.0,0.0,0.0,0.0,0.0,2558.0,21990.0,0.0,0.0,0.0,0
946,6440.0,6440.0,0.0,0.0,0.0,0.0,2559.0,6440.0,0.0,0.0,0.0,0
947,7355.0,7355.0,0.0,0.0,0.0,0.0,2560.0,7355.0,0.0,0.0,0.0,0
948,3775.0,3775.0,0.0,0.0,0.0,0.0,2561.0,3775.0,0.0,0.0,0.0,0
949,1480.0,1480.0,0.0,0.0,0.0,0.0,2562.0,1480.0,0.0,0.0,0.0,0
950,675.0,675.0,0.0,0.0,0.0,0.0,2573.0,675.0,0.0,0.0,0.0,0
951,5925.0,5925.0,0.0,0.0,0.0,0.0,2576.0,5925.0,0.0,0.0,0.0,0
952,7530.0,7530.0,0.0,0.0,0.0,0.0,2579.0,7530.0,0.0,0.0,0.0,0
953,15200.0,15200.0,0.0,0.0,0.0,0.0,2583.0,15200.0,0.0,0.0,0.0,0
955,350.0,350.0,0.0,0.0,0.0,0.0,2587.0,350.0,0.0,0.0,0.0,0
956,1680.0,1680.0,0.0,0.0,0.0,0.0,2588.0,1680.0,0.0,0.0,0.0,0
957,1660.0,1660.0,0.0,0.0,0.0,0.0,2589.0,1660.0,0.0,0.0,0.0,0
958,1840.0,1840.0,0.0,0.0,0.0,0.0,2590.0,1840.0,0.0,0.0,0.0,0
959,1320.0,1320.0,0.0,0.0,0.0,0.0,2591.0,1320.0,0.0,0.0,0.0,0
960,3400.0,3400.0,0.0,0.0,0.0,0.0,2592.0,3400.0,0.0,0.0,0.0,0
961,2680.0,2680.0,0.0,0.0,0.0,0.0,2593.0,2680.0,0.0,0.0,0.0,0
962,4575.0,4575.0,0.0,0.0,0.0,0.0,2594.0,4575.0,0.0,0.0,0.0,0
963,4820.0,4820.0,0.0,0.0,0.0,0.0,2595.0,4820.0,0.0,0.0,0.0,0
964,2375.0,0.0,2375.0,0.0,0.0,0.0,2598.0,2375.0,0.0,0.0,0.0,0
965,1230.0,1230.0,0.0,0.0,0.0,0.0,2602.0,1230.0,0.0,0.0,0.0,0
966,22775.0,22775.0,0.0,0.0,0.0,0.0,2604.0,22775.0,0.0,0.0,0.0,0
967,1995.0,1995.0,0.0,0.0,0.0,0.0,2609.0,1995.0,0.0,0.0,0.0,0
968,1680.0,1680.0,0.0,0.0,0.0,0.0,2613.0,1680.0,0.0,0.0,0.0,0
969,3060.0,3060.0,0.0,0.0,0.0,0.0,2614.0,3060.0,0.0,0.0,0.0,0
970,5640.0,5640.0,0.0,0.0,0.0,0.0,2620.0,5640.0,0.0,0.0,0.0,0
971,500.0,500.0,0.0,0.0,0.0,0.0,2622.0,500.0,0.0,0.0,0.0,0
972,2205.0,2205.0,0.0,0.0,0.0,0.0,2643.0,2205.0,0.0,0.0,0.0,0
973,5925.0,5925.0,0.0,0.0,0.0,0.0,2645.0,5925.0,0.0,0.0,0.0,0
974,6320.0,6320.0,0.0,0.0,0.0,0.0,2646.0,6320.0,0.0,0.0,0.0,0
975,5925.0,5925.0,0.0,0.0,0.0,0.0,2648.0,5925.0,0.0,0.0,0.0,0
976,865.0,865.0,0.0,0.0,0.0,0.0,2650.0,865.0,2.0,5.0,325.0,0
977,3900.0,3900.0,0.0,0.0,0.0,0.0,2651.0,3900.0,0.0,0.0,0.0,0
978,2000.0,2000.0,0.0,0.0,0.0,0.0,2652.0,2000.0,0.0,0.0,0.0,0
979,2425.0,2425.0,0.0,0.0,0.0,0.0,2657.0,2425.0,2.0,14.0,325.0,0
980,7800.0,7800.0,0.0,0.0,0.0,0.0,2662.0,7800.0,0.0,0.0,0.0,0
981,975.0,975.0,0.0,0.0,0.0,0.0,2663.0,975.0,1.0,5.0,165.0,0
982,12750.0,12750.0,0.0,0.0,0.0,0.0,2664.0,12750.0,0.0,0.0,0.0,0
983,12540.0,12540.0,0.0,0.0,0.0,0.0,2665.0,12540.0,4.0,48.0,205.0,0
984,1920.0,1920.0,0.0,0.0,0.0,0.0,2666.0,1920.0,0.0,0.0,0.0,0
985,3000.0,0.0,3000.0,0.0,0.0,0.0,2680.0,3000.0,2.0,16.0,325.0,0
986,5880.0,5880.0,0.0,0.0,0.0,0.0,2685.0,5880.0,21.0,97.0,60.0,0
987,1395.0,1395.0,0.0,0.0,0.0,0.0,2687.0,1395.0,1.0,7.0,165.0,0
988,2685.0,2685.0,0.0,0.0,0.0,0.0,2690.0,2685.0,1.0,14.0,165.0,0
989,2690.0,2690.0,0.0,0.0,0.0,0.0,2692.0,2690.0,1.0,14.0,165.0,0
990,1380.0,1380.0,0.0,0.0,0.0,0.0,2694.0,1380.0,1.0,7.0,165.0,0
991,3965.0,3965.0,0.0,0.0,0.0,0.0,2696.0,3965.0,1.0,21.0,165.0,0
992,4660.0,4660.0,0.0,0.0,0.0,0.0,2698.0,4660.0,1.0,24.0,165.0,0
993,645.0,645.0,0.0,0.0,0.0,0.0,2699.0,645.0,1.0,3.0,165.0,0
994,1335.0,1335.0,0.0,0.0,0.0,0.0,2700.0,1335.0,1.0,7.0,165.0,0
995,3235.0,3235.0,0.0,0.0,0.0,0.0,2701.0,3235.0,2.0,14.0,405.0,0
996,1720.0,1720.0,0.0,0.0,0.0,0.0,2702.0,1720.0,2.0,8.0,325.0,0
997,4500.0,4500.0,0.0,0.0,0.0,0.0,2703.0,4500.0,0.0,0.0,0.0,0
998,4090.0,4090.0,0.0,0.0,0.0,0.0,2704.0,4090.0,1.0,0.0,0.0,0
999,6295.0,6295.0,0.0,0.0,0.0,0.0,2707.0,6295.0,1.0,28.0,205.0,0
1000,5925.0,5925.0,0.0,0.0,0.0,0.0,2709.0,5925.0,1.0,35.0,165.0,0
1001,5925.0,5925.0,0.0,0.0,0.0,0.0,2711.0,5925.0,1.0,35.0,165.0,0
1002,5925.0,5925.0,0.0,0.0,0.0,0.0,2713.0,5925.0,1.0,35.0,165.0,0
1003,2840.0,2840.0,0.0,0.0,0.0,0.0,2714.0,2840.0,2.0,16.0,165.0,0
1004,-1407.0,0.0,-1407.0,0.0,0.0,0.0,2716.0,-1407.0,0.0,0.0,0.0,0
1005,2530.0,2530.0,0.0,0.0,0.0,0.0,2717.0,2530.0,2.0,14.0,325.0,0
1006,3190.0,3190.0,0.0,0.0,0.0,0.0,2718.0,3190.0,3.0,18.0,325.0,0
1007,3680.0,3680.0,0.0,0.0,0.0,0.0,2719.0,3680.0,3.0,19.0,325.0,0
1008,2610.0,2610.0,0.0,0.0,0.0,0.0,2720.0,2610.0,5.0,15.0,325.0,0
1009,4010.0,4010.0,0.0,0.0,0.0,0.0,2721.0,4010.0,3.0,23.0,325.0,0
1010,4885.0,4885.0,0.0,0.0,0.0,0.0,2722.0,4885.0,4.0,28.0,325.0,0
1011,5725.0,5725.0,0.0,0.0,0.0,0.0,2723.0,5725.0,3.0,33.0,325.0,0
1012,1255.0,1255.0,0.0,0.0,0.0,0.0,2724.0,1255.0,1.0,7.0,165.0,0
1013,10810.0,10810.0,0.0,0.0,0.0,0.0,2725.0,10810.0,9.0,60.0,325.0,0
1014,2045.0,2045.0,0.0,0.0,0.0,0.0,2726.0,2045.0,2.0,11.0,325.0,0
1015,4170.0,4170.0,0.0,0.0,0.0,0.0,2728.0,4170.0,3.0,24.0,325.0,0
1016,3960.0,3960.0,0.0,0.0,0.0,0.0,2729.0,3960.0,4.0,28.0,165.0,0
1017,1505.0,1505.0,0.0,0.0,0.0,0.0,2730.0,1505.0,2.0,8.0,325.0,0
1018,4735.0,4735.0,0.0,0.0,0.0,0.0,2733.0,4735.0,3.0,22.0,325.0,0
1019,330.0,330.0,0.0,0.0,0.0,0.0,2734.0,330.0,2.0,2.0,165.0,0
1020,5290.0,5290.0,0.0,0.0,0.0,0.0,2735.0,5290.0,5.0,28.0,325.0,0
1021,1470.0,1470.0,0.0,0.0,0.0,0.0,2736.0,1470.0,1.0,8.0,165.0,0
1022,5750.0,5750.0,0.0,0.0,0.0,0.0,2737.0,5750.0,0.0,0.0,0.0,0
1023,1311.0,1311.0,0.0,0.0,0.0,0.0,2739.0,1311.0,2.0,7.0,325.0,0
1024,995.0,995.0,0.0,0.0,0.0,0.0,2740.0,995.0,1.0,3.0,165.0,0
1025,5415.0,5415.0,0.0,0.0,0.0,0.0,2742.0,5415.0,4.0,28.0,165.0,0
1026,5500.0,5500.0,0.0,0.0,0.0,0.0,2745.0,5500.0,0.0,0.0,0.0,0
1027,1600.0,1600.0,0.0,0.0,0.0,0.0,2747.0,1600.0,2.0,8.0,325.0,0
1028,7435.0,7435.0,0.0,0.0,0.0,0.0,2749.0,7435.0,3.0,42.0,325.0,0
1029,1355.0,1355.0,0.0,0.0,0.0,0.0,2750.0,1355.0,1.0,7.0,165.0,0
1030,2280.0,2280.0,0.0,0.0,0.0,0.0,2752.0,2280.0,2.0,12.0,325.0,0
1031,2040.0,2040.0,0.0,0.0,0.0,0.0,2756.0,2040.0,3.0,11.0,325.0,0
1032,1450.0,1450.0,0.0,0.0,0.0,0.0,2757.0,1450.0,4.0,8.0,325.0,0
1033,19193.0,19193.0,0.0,0.0,0.0,0.0,2758.0,19193.0,0.0,0.0,0.0,0
1034,11420.0,11420.0,0.0,0.0,0.0,0.0,2759.0,11420.0,4.0,48.0,165.0,0
1035,11625.0,0.0,11625.0,0.0,0.0,0.0,2760.0,11625.0,0.0,0.0,0.0,0
1036,6705.0,6705.0,0.0,0.0,0.0,0.0,2761.0,6705.0,3.0,38.0,325.0,0
1037,2660.0,2660.0,0.0,0.0,0.0,0.0,2762.0,2660.0,2.0,14.0,165.0,0
1038,10160.0,0.0,10160.0,0.0,0.0,0.0,2764.0,10160.0,6.0,40.0,443.0,0
1039,4320.0,4320.0,0.0,0.0,0.0,0.0,2767.0,4320.0,3.0,24.0,325.0,0
1040,2205.0,2205.0,0.0,0.0,0.0,0.0,2768.0,2205.0,2.0,12.0,325.0,0
1041,11850.0,11850.0,0.0,0.0,0.0,0.0,2771.0,11850.0,1.0,70.0,169.0,0
1042,3490.0,3490.0,0.0,0.0,0.0,0.0,2772.0,3490.0,0.0,0.0,0.0,0
1043,14880.0,14880.0,0.0,0.0,0.0,0.0,2773.0,14880.0,0.0,0.0,0.0,0
1044,17765.0,17765.0,0.0,0.0,0.0,0.0,2774.0,17765.0,5.0,79.0,325.0,0
1045,14855.0,14855.0,0.0,0.0,0.0,0.0,2776.0,14855.0,0.0,0.0,0.0,0
1046,3915.0,3915.0,0.0,0.0,0.0,0.0,2780.0,3915.0,3.0,14.0,325.0,0
1047,2115.0,2115.0,0.0,0.0,0.0,0.0,2781.0,2115.0,2.0,13.0,325.0,0
1048,10500.0,10500.0,0.0,0.0,0.0,0.0,2786.0,10500.0,10.0,42.0,165.0,0
1049,6090.0,6090.0,0.0,0.0,0.0,0.0,2803.0,6090.0,3.0,30.0,173.0,0
1050,5925.0,5925.0,0.0,0.0,0.0,0.0,2811.0,5925.0,1.0,35.0,169.0,0
1051,825.0,825.0,0.0,0.0,0.0,0.0,2813.0,825.0,1.0,5.0,165.0,0
1052,750.0,750.0,0.0,0.0,0.0,0.0,2815.0,750.0,2.0,4.0,325.0,0
1053,12300.0,12300.0,0.0,0.0,0.0,0.0,2817.0,12300.0,24.0,36.0,330.0,0
1054,6150.0,6150.0,0.0,0.0,0.0,0.0,2820.0,6150.0,0.0,0.0,0.0,0
1055,5770.0,5770.0,0.0,0.0,0.0,0.0,2821.0,5770.0,0.0,0.0,0.0,0
1056,3050.0,3050.0,0.0,0.0,0.0,0.0,2826.0,3050.0,3.0,17.0,325.0,0
1057,3150.0,0.0,3150.0,0.0,0.0,0.0,2841.0,3150.0,0.0,0.0,0.0,0
1058,1040.0,1040.0,0.0,0.0,0.0,0.0,2844.0,1040.0,0.0,0.0,0.0,0
1059,7475.0,7475.0,0.0,0.0,0.0,0.0,2845.0,7475.0,5.0,115.0,65.0,0
1060,1720.0,1720.0,0.0,0.0,0.0,0.0,2846.0,1720.0,1.0,8.0,165.0,0
1061,4400.0,0.0,4400.0,0.0,0.0,0.0,2847.0,4400.0,0.0,0.0,0.0,0
1062,1665.0,1665.0,0.0,0.0,0.0,0.0,2852.0,1665.0,1.0,7.0,165.0,0
1063,1855.0,1855.0,0.0,0.0,0.0,0.0,2854.0,1855.0,1.0,7.0,205.0,0
1064,1475.0,1475.0,0.0,0.0,0.0,0.0,2857.0,1475.0,1.0,7.0,165.0,0
1065,2520.0,2520.0,0.0,0.0,0.0,0.0,2861.0,2520.0,7.0,42.0,60.0,0
1066,1445.0,1445.0,0.0,0.0,0.0,0.0,2863.0,1445.0,1.0,7.0,154.0,0
1067,1260.0,1260.0,0.0,0.0,0.0,0.0,2865.0,1260.0,2.0,6.0,154.0,0
1068,3840.0,3840.0,0.0,0.0,0.0,0.0,2867.0,3840.0,4.0,64.0,60.0,0
1069,2755.0,2755.0,0.0,0.0,0.0,0.0,2869.0,2755.0,1.0,14.0,165.0,0
1070,2455.0,0.0,2455.0,0.0,0.0,0.0,2875.0,2455.0,0.0,0.0,0.0,0
1071,-31200.0,-31200.0,0.0,0.0,0.0,0.0,2907.0,-31200.0,0.0,0.0,0.0,0
1072,2825.0,2825.0,0.0,0.0,0.0,0.0,2944.0,2825.0,0.0,0.0,0.0,0
1073,1395.0,1395.0,0.0,0.0,0.0,0.0,2945.0,1395.0,0.0,0.0,0.0,0
1074,1050.0,1050.0,0.0,0.0,0.0,0.0,2946.0,1050.0,0.0,0.0,0.0,0
1075,1900.0,1900.0,0.0,0.0,0.0,0.0,2956.0,1900.0,0.0,0.0,0.0,0
1076,1060.0,1060.0,0.0,0.0,0.0,0.0,2957.0,1060.0,0.0,0.0,0.0,0
1077,1240.0,1240.0,0.0,0.0,0.0,0.0,2958.0,1240.0,0.0,0.0,0.0,0
1078,11975.0,11975.0,0.0,0.0,0.0,0.0,2959.0,11975.0,0.0,0.0,0.0,0
1079,5925.0,5925.0,0.0,0.0,0.0,0.0,2961.0,5925.0,0.0,0.0,0.0,0
1080,5925.0,5925.0,0.0,0.0,0.0,0.0,2963.0,5925.0,0.0,0.0,0.0,0
1081,5925.0,5925.0,0.0,0.0,0.0,0.0,2965.0,5925.0,0.0,0.0,0.0,0
1082,375.0,375.0,0.0,0.0,0.0,0.0,2967.0,375.0,0.0,0.0,0.0,0
1083,330.0,330.0,0.0,0.0,0.0,0.0,2969.0,330.0,0.0,0.0,0.0,0
1084,7950.0,7950.0,0.0,0.0,0.0,0.0,2972.0,7950.0,0.0,0.0,0.0,0
1085,4180.0,0.0,4180.0,0.0,0.0,0.0,2978.0,4180.0,0.0,0.0,0.0,0
1086,1990.0,1990.0,0.0,0.0,0.0,0.0,2979.0,1990.0,0.0,0.0,0.0,0
1087,1305.0,1305.0,0.0,0.0,0.0,0.0,2981.0,1305.0,0.0,0.0,0.0,0
1088,17645.0,17645.0,0.0,0.0,0.0,0.0,2983.0,17645.0,0.0,0.0,0.0,0
1089,1200.0,1200.0,0.0,0.0,0.0,0.0,2984.0,1200.0,0.0,0.0,0.0,0
1090,15050.0,15050.0,0.0,0.0,0.0,0.0,2986.0,15050.0,0.0,0.0,0.0,0
1091,4700.0,4700.0,0.0,0.0,0.0,0.0,2987.0,4700.0,0.0,0.0,0.0,0
1092,19560.0,19560.0,0.0,0.0,0.0,0.0,2989.0,19560.0,0.0,0.0,0.0,0
1093,1140.0,1140.0,0.0,0.0,0.0,0.0,2990.0,1140.0,0.0,0.0,0.0,0
1094,6715.0,0.0,6715.0,0.0,0.0,0.0,2993.0,6715.0,0.0,0.0,0.0,0
1095,13600.0,13600.0,0.0,0.0,0.0,0.0,3001.0,13600.0,0.0,0.0,0.0,0
1096,1280.0,1280.0,0.0,0.0,0.0,0.0,3002.0,1280.0,0.0,0.0,0.0,0
1097,2160.0,2160.0,0.0,0.0,0.0,0.0,3003.0,2160.0,0.0,0.0,0.0,0
1098,1280.0,1280.0,0.0,0.0,0.0,0.0,3004.0,1280.0,0.0,0.0,0.0,0
1099,3420.0,3420.0,0.0,0.0,0.0,0.0,3005.0,3420.0,0.0,0.0,0.0,0
1100,5125.0,5125.0,0.0,0.0,0.0,0.0,3009.0,5125.0,0.0,0.0,0.0,0
1101,5040.0,5040.0,0.0,0.0,0.0,0.0,3011.0,5040.0,0.0,0.0,0.0,0
1102,2635.0,2635.0,0.0,0.0,0.0,0.0,3013.0,2635.0,0.0,0.0,0.0,0
1103,9820.0,9820.0,0.0,0.0,0.0,0.0,3015.0,9820.0,0.0,0.0,0.0,0
1104,1435.0,1435.0,0.0,0.0,0.0,0.0,3017.0,1435.0,0.0,0.0,0.0,0
1105,2880.0,2880.0,0.0,0.0,0.0,0.0,3018.0,2880.0,0.0,0.0,0.0,0
1106,3360.0,3360.0,0.0,0.0,0.0,0.0,3020.0,3360.0,0.0,0.0,0.0,0
1107,826.0,826.0,0.0,0.0,0.0,0.0,3021.0,826.0,0.0,0.0,0.0,0
1108,7905.0,7905.0,0.0,0.0,0.0,0.0,3023.0,7905.0,0.0,0.0,0.0,0
1109,770.0,770.0,0.0,0.0,0.0,0.0,3024.0,770.0,0.0,0.0,0.0,0
1110,4700.0,4700.0,0.0,0.0,0.0,0.0,3026.0,4700.0,0.0,0.0,0.0,0
1111,1330.0,1330.0,0.0,0.0,0.0,0.0,3027.0,1330.0,0.0,0.0,0.0,0
1112,3476.0,3476.0,0.0,0.0,0.0,0.0,3028.0,3476.0,0.0,0.0,0.0,0
1113,4750.0,4750.0,0.0,0.0,0.0,0.0,3029.0,4750.0,0.0,0.0,0.0,0
1114,3855.0,3855.0,0.0,0.0,0.0,0.0,3030.0,3855.0,0.0,0.0,0.0,0
1115,2400.0,2400.0,0.0,0.0,0.0,0.0,3032.0,2400.0,0.0,0.0,0.0,0
1116,3780.0,3780.0,0.0,0.0,0.0,0.0,3034.0,3780.0,0.0,0.0,0.0,0
1117,2560.0,2560.0,0.0,0.0,0.0,0.0,3036.0,2560.0,0.0,0.0,0.0,0
1118,945.0,945.0,0.0,0.0,0.0,0.0,3038.0,945.0,0.0,0.0,0.0,0
1119,3320.0,3320.0,0.0,0.0,0.0,0.0,3040.0,3320.0,0.0,0.0,0.0,0
1120,7225.0,7225.0,0.0,0.0,0.0,0.0,3042.0,7225.0,0.0,0.0,0.0,0
1121,2880.0,2880.0,0.0,0.0,0.0,0.0,3044.0,2880.0,0.0,0.0,0.0,0
1122,2760.0,2760.0,0.0,0.0,0.0,0.0,3046.0,2760.0,0.0,0.0,0.0,0
1123,880.0,880.0,0.0,0.0,0.0,0.0,3047.0,880.0,0.0,0.0,0.0,0
1124,1380.0,1380.0,0.0,0.0,0.0,0.0,3048.0,1380.0,0.0,0.0,0.0,0
1125,4235.0,0.0,4235.0,0.0,0.0,0.0,3052.0,4235.0,0.0,0.0,0.0,0
1126,4400.0,0.0,4400.0,0.0,0.0,0.0,3053.0,4400.0,0.0,0.0,0.0,0
1127,1425.0,1425.0,0.0,0.0,0.0,0.0,3054.0,1425.0,0.0,0.0,0.0,0
1128,1460.0,1460.0,0.0,0.0,0.0,0.0,3055.0,1460.0,0.0,0.0,0.0,0
1129,4220.0,4220.0,0.0,0.0,0.0,0.0,3056.0,4220.0,0.0,0.0,0.0,0
1130,2505.0,2505.0,0.0,0.0,0.0,0.0,3057.0,2505.0,0.0,0.0,0.0,0
1131,5680.0,5680.0,0.0,0.0,0.0,0.0,3058.0,5680.0,0.0,0.0,0.0,0
1132,9140.0,5495.0,3645.0,0.0,0.0,0.0,3059.0,9140.0,0.0,0.0,0.0,0
1133,86400.0,86400.0,0.0,0.0,0.0,0.0,3060.0,86400.0,0.0,0.0,0.0,0
1134,1860.0,1860.0,0.0,0.0,0.0,0.0,3061.0,1860.0,0.0,0.0,0.0,0
1135,0.0,0.0,0.0,0.0,0.0,0.0,3062.0,0.0,0.0,0.0,0.0,0
1136,6175.0,0.0,6175.0,0.0,0.0,0.0,3063.0,6175.0,0.0,0.0,0.0,0
1137,5925.0,5925.0,0.0,0.0,0.0,0.0,3065.0,5925.0,0.0,0.0,0.0,0
1138,5925.0,5925.0,0.0,0.0,0.0,0.0,3067.0,5925.0,0.0,0.0,0.0,0
1139,5925.0,5925.0,0.0,0.0,0.0,0.0,3069.0,5925.0,0.0,0.0,0.0,0
1140,3795.0,3795.0,0.0,0.0,0.0,0.0,3071.0,3795.0,0.0,0.0,0.0,0
1141,5925.0,5925.0,0.0,0.0,0.0,0.0,3073.0,5925.0,0.0,0.0,0.0,0
1142,655.0,655.0,0.0,0.0,0.0,0.0,3075.0,655.0,0.0,0.0,0.0,0
1143,4390.0,4390.0,0.0,0.0,0.0,0.0,3077.0,4390.0,0.0,0.0,0.0,0
1144,3465.0,3465.0,0.0,0.0,0.0,0.0,3079.0,3465.0,0.0,0.0,0.0,0
1145,3260.0,3260.0,0.0,0.0,0.0,0.0,3082.0,3260.0,0.0,0.0,0.0,0
1146,2310.0,2310.0,0.0,0.0,0.0,0.0,3084.0,2310.0,0.0,0.0,0.0,0
1147,1920.0,1920.0,0.0,0.0,0.0,0.0,3086.0,1920.0,0.0,0.0,0.0,0
1148,660.0,660.0,0.0,0.0,0.0,0.0,3088.0,660.0,0.0,0.0,0.0,0
1149,1755.0,1755.0,0.0,0.0,0.0,0.0,3090.0,1755.0,0.0,0.0,0.0,0
1150,2550.0,2550.0,0.0,0.0,0.0,0.0,3092.0,2550.0,0.0,0.0,0.0,0
1151,-4320.0,-4320.0,0.0,0.0,0.0,0.0,3096.0,-4320.0,0.0,0.0,0.0,0
1152,32700.0,0.0,32700.0,0.0,0.0,0.0,3099.0,32700.0,0.0,0.0,0.0,0
1153,5020.0,5020.0,0.0,0.0,0.0,0.0,3101.0,5020.0,0.0,0.0,0.0,0
1154,3530.0,0.0,3530.0,0.0,0.0,0.0,3103.0,3530.0,0.0,0.0,0.0,0
1155,3765.0,3765.0,0.0,0.0,0.0,0.0,3107.0,3765.0,0.0,0.0,0.0,0
1156,1320.0,1320.0,0.0,0.0,0.0,0.0,3109.0,1320.0,0.0,0.0,0.0,0
1157,18550.0,18550.0,0.0,0.0,0.0,0.0,3110.0,18550.0,0.0,0.0,0.0,0
1158,3440.0,3440.0,0.0,0.0,0.0,0.0,3111.0,3440.0,0.0,0.0,0.0,0
1159,2055.0,2055.0,0.0,0.0,0.0,0.0,3112.0,2055.0,0.0,0.0,0.0,0
1160,2950.0,2950.0,0.0,0.0,0.0,0.0,3113.0,2950.0,0.0,0.0,0.0,0
1161,5875.0,5875.0,0.0,0.0,0.0,0.0,3114.0,5875.0,0.0,0.0,0.0,0
1162,48146.0,48146.0,0.0,0.0,0.0,0.0,3115.0,48146.0,0.0,0.0,0.0,0
1163,7540.0,7540.0,0.0,0.0,0.0,0.0,3117.0,7540.0,0.0,0.0,0.0,0
1164,2610.0,2610.0,0.0,0.0,0.0,0.0,3119.0,2610.0,0.0,0.0,0.0,0
1165,4700.0,4700.0,0.0,0.0,0.0,0.0,3121.0,4700.0,0.0,0.0,0.0,0
1166,1900.0,1900.0,0.0,0.0,0.0,0.0,3123.0,1900.0,0.0,0.0,0.0,0
1167,1305.0,1305.0,0.0,0.0,0.0,0.0,3124.0,1305.0,0.0,0.0,0.0,0
1168,2088.0,2088.0,0.0,0.0,0.0,0.0,3127.0,2088.0,0.0,0.0,0.0,0
1169,0.0,0.0,0.0,0.0,0.0,0.0,3131.0,0.0,0.0,0.0,0.0,0
1170,2720.0,2720.0,0.0,0.0,0.0,0.0,3133.0,2720.0,0.0,0.0,0.0,0
1171,1640.0,1640.0,0.0,0.0,0.0,0.0,3135.0,1640.0,0.0,0.0,0.0,0
1172,1355.0,1355.0,0.0,0.0,0.0,0.0,3138.0,1355.0,0.0,0.0,0.0,0
1173,5190.0,5190.0,0.0,0.0,0.0,0.0,3139.0,5190.0,0.0,0.0,0.0,0
1174,3895.0,3895.0,0.0,0.0,0.0,0.0,3141.0,3895.0,0.0,0.0,0.0,0
1175,2375.0,2375.0,0.0,0.0,0.0,0.0,3143.0,2375.0,0.0,0.0,0.0,0
1176,3840.0,3840.0,0.0,0.0,0.0,0.0,3145.0,3840.0,0.0,0.0,0.0,0
1177,7000.0,7000.0,0.0,0.0,0.0,0.0,3146.0,7000.0,0.0,0.0,0.0,0
1178,15565.0,15565.0,0.0,0.0,0.0,0.0,3151.0,15565.0,0.0,0.0,0.0,0
1179,6505.0,0.0,6505.0,0.0,0.0,0.0,3153.0,6505.0,0.0,0.0,0.0,0
1180,1320.0,1320.0,0.0,0.0,0.0,0.0,3155.0,1320.0,0.0,0.0,0.0,0
1181,2595.0,0.0,2595.0,0.0,0.0,0.0,3157.0,2595.0,0.0,0.0,0.0,0
1182,40000.0,40000.0,0.0,0.0,0.0,0.0,3158.0,40000.0,0.0,0.0,0.0,0
1183,1955.0,1955.0,0.0,0.0,0.0,0.0,3159.0,1955.0,0.0,0.0,0.0,0
1184,3830.0,3830.0,0.0,0.0,0.0,0.0,3161.0,3830.0,0.0,0.0,0.0,0
1185,990.0,990.0,0.0,0.0,0.0,0.0,3163.0,990.0,0.0,0.0,0.0,0
1186,910.0,910.0,0.0,0.0,0.0,0.0,3165.0,910.0,0.0,2.0,165.0,0
1187,5925.0,5925.0,0.0,0.0,0.0,0.0,3169.0,5925.0,0.0,0.0,0.0,0
1188,1555.0,1555.0,0.0,0.0,0.0,0.0,3173.0,1555.0,0.0,0.0,0.0,0
1189,4715.0,4715.0,0.0,0.0,0.0,0.0,3188.0,4715.0,0.0,0.0,0.0,0
1190,1880.0,1880.0,0.0,0.0,0.0,0.0,3208.0,1880.0,0.0,0.0,0.0,0
1191,5005.0,5005.0,0.0,0.0,0.0,0.0,3210.0,5005.0,0.0,0.0,0.0,0
1192,3540.0,3540.0,0.0,0.0,0.0,0.0,3212.0,3540.0,0.0,0.0,0.0,0
1193,3290.0,3290.0,0.0,0.0,0.0,0.0,3214.0,3290.0,0.0,0.0,0.0,0
1194,9635.0,9635.0,0.0,0.0,0.0,0.0,3215.0,9635.0,0.0,0.0,0.0,0
1195,8610.0,8610.0,0.0,0.0,0.0,0.0,3225.0,8610.0,0.0,0.0,0.0,0
1196,6440.0,6440.0,0.0,0.0,0.0,0.0,3226.0,6440.0,0.0,0.0,0.0,0
1197,4655.0,4655.0,0.0,0.0,0.0,0.0,3227.0,4655.0,0.0,0.0,0.0,0
1198,2656.5,2656.0,0.5,0.0,0.0,0.0,3230.0,2656.5,0.0,0.0,0.0,0
1199,2656.5,2656.0,0.5,0.0,0.0,0.0,3232.0,2656.5,0.0,0.0,0.0,0
1200,2430.0,2430.0,0.0,0.0,0.0,0.0,3234.0,2430.0,0.0,0.0,0.0,0
1201,2880.0,2880.0,0.0,0.0,0.0,0.0,3236.0,2880.0,0.0,0.0,0.0,0
1202,2087.0,2087.0,0.0,0.0,0.0,0.0,3238.0,2087.0,0.0,0.0,0.0,0
1203,0.0,0.0,0.0,0.0,0.0,0.0,3241.0,0.0,0.0,0.0,0.0,0
1204,2280.0,2280.0,0.0,0.0,0.0,0.0,3243.0,2280.0,0.0,0.0,0.0,0
1205,1440.0,1440.0,0.0,0.0,0.0,0.0,3245.0,1440.0,0.0,0.0,0.0,0
1206,1640.0,1640.0,0.0,0.0,0.0,0.0,3248.0,1640.0,0.0,0.0,0.0,0
1207,4720.0,4720.0,0.0,0.0,0.0,0.0,3250.0,4720.0,0.0,0.0,0.0,0
1208,5612.0,5612.0,0.0,0.0,0.0,0.0,3252.0,5612.0,0.0,0.0,0.0,0
1209,3795.0,3795.0,0.0,0.0,0.0,0.0,3256.0,3795.0,0.0,0.0,0.0,0
1210,1155.0,1155.0,0.0,0.0,0.0,0.0,3258.0,1155.0,0.0,0.0,0.0,0
1211,2640.0,2640.0,0.0,0.0,0.0,0.0,3260.0,2640.0,0.0,0.0,0.0,0
1212,3680.0,3680.0,0.0,0.0,0.0,0.0,3262.0,3680.0,0.0,0.0,0.0,0
1213,3320.0,3320.0,0.0,0.0,0.0,0.0,3264.0,3320.0,0.0,0.0,0.0,0
1214,2720.0,2720.0,0.0,0.0,0.0,0.0,3266.0,2720.0,0.0,0.0,0.0,0
1215,1328.0,1328.0,0.0,0.0,0.0,0.0,3268.0,1328.0,0.0,0.0,0.0,0
1216,1897.0,1897.0,0.0,0.0,0.0,0.0,3270.0,1897.0,0.0,0.0,0.0,0
1217,24035.0,24035.0,0.0,0.0,0.0,0.0,3273.0,24035.0,0.0,0.0,0.0,0
1218,4140.0,4140.0,0.0,0.0,0.0,0.0,3274.0,4140.0,0.0,0.0,0.0,0
1219,4140.0,0.0,4140.0,0.0,0.0,0.0,3275.0,4140.0,0.0,0.0,0.0,0
1220,26350.0,26350.0,0.0,0.0,0.0,0.0,3277.0,26350.0,0.0,0.0,0.0,0
1221,2350.0,0.0,2350.0,0.0,0.0,0.0,3284.0,2350.0,0.0,0.0,0.0,0
1222,35400.0,0.0,35400.0,0.0,0.0,0.0,3285.0,35400.0,0.0,0.0,0.0,0
1223,1650.0,1650.0,0.0,0.0,0.0,0.0,3287.0,1650.0,0.0,0.0,0.0,0
1224,5925.0,5925.0,0.0,0.0,0.0,0.0,3289.0,5925.0,0.0,0.0,0.0,0
1225,5925.0,5925.0,0.0,0.0,0.0,0.0,3291.0,5925.0,0.0,0.0,0.0,0
1226,1475.0,1475.0,0.0,0.0,0.0,0.0,3293.0,1475.0,0.0,0.0,0.0,0
1227,14640.0,14640.0,0.0,0.0,0.0,0.0,3294.0,14640.0,0.0,0.0,0.0,0
1228,6270.0,6270.0,0.0,0.0,0.0,0.0,3296.0,6270.0,0.0,0.0,0.0,0
1229,1310.0,1310.0,0.0,0.0,0.0,0.0,3298.0,1310.0,0.0,0.0,0.0,0
1230,570.0,570.0,0.0,0.0,0.0,0.0,3300.0,570.0,0.0,0.0,0.0,0
1231,760.0,760.0,0.0,0.0,0.0,0.0,3302.0,760.0,0.0,0.0,0.0,0
1232,2040.0,2040.0,0.0,0.0,0.0,0.0,3304.0,2040.0,0.0,0.0,0.0,0
1233,3120.0,3120.0,0.0,0.0,0.0,0.0,3306.0,3120.0,0.0,0.0,0.0,0
1234,4620.0,4620.0,0.0,0.0,0.0,0.0,3308.0,4620.0,0.0,0.0,0.0,0
1235,14680.0,14680.0,0.0,0.0,0.0,0.0,3310.0,14680.0,0.0,0.0,0.0,0
1236,5420.0,5420.0,0.0,0.0,0.0,0.0,3312.0,5420.0,0.0,0.0,0.0,0
1237,1330.0,1330.0,0.0,0.0,0.0,0.0,3314.0,1330.0,0.0,0.0,0.0,0
1238,9585.0,9585.0,0.0,0.0,0.0,0.0,3316.0,9585.0,0.0,0.0,0.0,0
1239,11540.0,0.0,11540.0,0.0,0.0,0.0,3317.0,11540.0,0.0,0.0,0.0,0
1240,1385.0,1385.0,0.0,0.0,0.0,0.0,3319.0,1385.0,0.0,0.0,0.0,0
1241,6060.0,6060.0,0.0,0.0,0.0,0.0,3321.0,6060.0,0.0,0.0,0.0,0
1242,5320.0,5320.0,0.0,0.0,0.0,0.0,3323.0,5320.0,0.0,0.0,0.0,0
1243,12970.0,12970.0,0.0,0.0,0.0,0.0,3325.0,12970.0,0.0,0.0,0.0,0
1244,3795.0,3795.0,0.0,0.0,0.0,0.0,3327.0,3795.0,0.0,0.0,0.0,0
1245,2660.0,2660.0,0.0,0.0,0.0,0.0,3333.0,2660.0,0.0,0.0,0.0,0
1246,15190.0,15190.0,0.0,0.0,0.0,0.0,3335.0,15190.0,0.0,0.0,0.0,0
1247,1310.0,1310.0,0.0,0.0,0.0,0.0,3337.0,1310.0,0.0,0.0,0.0,0
1248,760.0,760.0,0.0,0.0,0.0,0.0,3339.0,760.0,0.0,0.0,0.0,0
1249,1880.0,1880.0,0.0,0.0,0.0,0.0,3341.0,1880.0,0.0,0.0,0.0,0
1250,2860.0,2860.0,0.0,0.0,0.0,0.0,3343.0,2860.0,0.0,0.0,0.0,0
1251,9280.0,9280.0,0.0,0.0,0.0,0.0,3345.0,9280.0,0.0,0.0,0.0,0
1252,1330.0,1330.0,0.0,0.0,0.0,0.0,3348.0,1330.0,0.0,0.0,0.0,0
1253,2660.0,2660.0,0.0,0.0,0.0,0.0,3350.0,2660.0,0.0,0.0,0.0,0
1254,2660.0,2660.0,0.0,0.0,0.0,0.0,3352.0,2660.0,0.0,0.0,0.0,0
1255,6200.0,6200.0,0.0,0.0,0.0,0.0,3354.0,6200.0,0.0,0.0,0.0,0
1256,0.0,0.0,0.0,0.0,0.0,0.0,3355.0,0.0,0.0,0.0,0.0,0
1257,7680.0,7680.0,0.0,0.0,0.0,0.0,3357.0,7680.0,0.0,0.0,0.0,0
1258,2660.0,2660.0,0.0,0.0,0.0,0.0,3359.0,2660.0,0.0,0.0,0.0,0
1259,1900.0,1900.0,0.0,0.0,0.0,0.0,3361.0,1900.0,0.0,0.0,0.0,0
1260,13330.0,13330.0,0.0,0.0,0.0,0.0,3363.0,13330.0,0.0,0.0,0.0,0
1261,7620.0,7620.0,0.0,0.0,0.0,0.0,3366.0,7620.0,0.0,0.0,0.0,0
1262,1775.0,0.0,1775.0,0.0,0.0,0.0,3367.0,1775.0,0.0,0.0,0.0,0
1263,11142.0,11142.0,0.0,0.0,0.0,0.0,3369.0,11142.0,0.0,0.0,0.0,0
1264,5925.0,5925.0,0.0,0.0,0.0,0.0,3385.0,5925.0,0.0,0.0,0.0,0
1265,5925.0,5925.0,0.0,0.0,0.0,0.0,3387.0,5925.0,0.0,0.0,0.0,0
1266,5925.0,5925.0,0.0,0.0,0.0,0.0,3389.0,5925.0,0.0,0.0,0.0,0
1267,5280.0,5280.0,0.0,0.0,0.0,0.0,3391.0,5280.0,0.0,0.0,0.0,0
1268,6265.0,0.0,6265.0,0.0,0.0,0.0,3392.0,6265.0,0.0,0.0,0.0,0
1269,7325.0,0.0,7325.0,0.0,0.0,0.0,3393.0,7325.0,0.0,0.0,0.0,0
1270,12608.0,0.0,12608.0,0.0,0.0,0.0,3394.0,12608.0,0.0,0.0,0.0,0
1271,3570.0,3570.0,0.0,0.0,0.0,0.0,3395.0,3570.0,0.0,0.0,0.0,0
1272,41310.0,41310.0,0.0,0.0,0.0,0.0,3396.0,41310.0,0.0,0.0,0.0,0
1273,7705.0,7705.0,0.0,0.0,0.0,0.0,3397.0,7705.0,0.0,0.0,0.0,0
1274,18000.0,18000.0,0.0,0.0,0.0,0.0,3398.0,18000.0,0.0,0.0,0.0,0
1275,4670.0,0.0,4670.0,0.0,0.0,0.0,3399.0,4670.0,0.0,0.0,0.0,0
1276,3680.0,3680.0,0.0,0.0,0.0,0.0,3402.0,3680.0,0.0,0.0,0.0,0
1277,21834.0,21834.0,0.0,0.0,0.0,0.0,3403.0,21834.0,0.0,0.0,0.0,0
1278,3415.0,3415.0,0.0,0.0,0.0,0.0,3405.0,3415.0,0.0,0.0,0.0,0
1279,1330.0,1330.0,0.0,0.0,0.0,0.0,3407.0,1330.0,0.0,0.0,0.0,0
1280,23580.0,23580.0,0.0,0.0,0.0,0.0,3409.0,23580.0,0.0,0.0,0.0,0
1281,2660.0,2660.0,0.0,0.0,0.0,0.0,3411.0,2660.0,0.0,0.0,0.0,0
1282,1330.0,1330.0,0.0,0.0,0.0,0.0,3413.0,1330.0,0.0,0.0,0.0,0
1283,1330.0,1330.0,0.0,0.0,0.0,0.0,3415.0,1330.0,0.0,0.0,0.0,0
1284,1970.0,1970.0,0.0,0.0,0.0,0.0,3416.0,1970.0,0.0,0.0,0.0,0
1285,825.0,825.0,0.0,0.0,0.0,0.0,3419.0,825.0,0.0,0.0,0.0,0
1286,2250.0,2250.0,0.0,0.0,0.0,0.0,3421.0,2250.0,0.0,0.0,0.0,0
1287,1140.0,1140.0,0.0,0.0,0.0,0.0,3423.0,1140.0,0.0,0.0,0.0,0
1288,5575.0,5575.0,0.0,0.0,0.0,0.0,3425.0,5575.0,0.0,0.0,0.0,0
1289,1155.0,1155.0,0.0,0.0,0.0,0.0,3427.0,1155.0,0.0,0.0,0.0,0
1290,1320.0,1320.0,0.0,0.0,0.0,0.0,3429.0,1320.0,0.0,0.0,0.0,0
1291,18430.0,18430.0,0.0,0.0,0.0,0.0,3431.0,18430.0,0.0,0.0,0.0,0
1292,47570.0,47570.0,0.0,0.0,0.0,0.0,3433.0,47570.0,0.0,0.0,0.0,0
1293,14335.0,14335.0,0.0,0.0,0.0,0.0,3434.0,14335.0,0.0,0.0,0.0,0
1294,2660.0,2660.0,0.0,0.0,0.0,0.0,3436.0,2660.0,0.0,0.0,0.0,0
1295,31680.0,31680.0,0.0,0.0,0.0,0.0,3440.0,31680.0,0.0,0.0,0.0,0
1296,0.0,0.0,0.0,0.0,0.0,0.0,3443.0,0.0,0.0,0.0,0.0,0
1297,2475.0,2475.0,0.0,0.0,0.0,0.0,3445.0,2475.0,0.0,0.0,0.0,0
1298,4940.0,4940.0,0.0,0.0,0.0,0.0,3447.0,4940.0,0.0,0.0,0.0,0
1299,1520.0,1520.0,0.0,0.0,0.0,0.0,3449.0,1520.0,0.0,0.0,0.0,0
1300,14805.0,14805.0,0.0,0.0,0.0,0.0,3451.0,14805.0,0.0,0.0,0.0,0
1301,1520.0,1520.0,0.0,0.0,0.0,0.0,3453.0,1520.0,0.0,0.0,0.0,0
1302,3795.0,3795.0,0.0,0.0,0.0,0.0,3455.0,3795.0,0.0,0.0,0.0,0
1303,1520.0,1520.0,0.0,0.0,0.0,0.0,3457.0,1520.0,0.0,0.0,0.0,0
1304,3040.0,3040.0,0.0,0.0,0.0,0.0,3459.0,3040.0,0.0,0.0,0.0,0
1305,3800.0,3800.0,0.0,0.0,0.0,0.0,3461.0,3800.0,0.0,0.0,0.0,0
1306,1900.0,1900.0,0.0,0.0,0.0,0.0,3463.0,1900.0,0.0,0.0,0.0,0
1307,7440.0,7440.0,0.0,0.0,0.0,0.0,3465.0,7440.0,0.0,0.0,0.0,0
1308,13050.0,13050.0,0.0,0.0,0.0,0.0,3467.0,13050.0,0.0,0.0,0.0,0
1310,1900.0,1900.0,0.0,0.0,0.0,0.0,3471.0,1900.0,0.0,0.0,0.0,0
1311,1520.0,1520.0,0.0,0.0,0.0,0.0,3473.0,1520.0,0.0,0.0,0.0,0
1312,3040.0,3040.0,0.0,0.0,0.0,0.0,3475.0,3040.0,0.0,0.0,0.0,0
1313,1520.0,1520.0,0.0,0.0,0.0,0.0,3477.0,1520.0,0.0,0.0,0.0,0
1314,3100.0,3100.0,0.0,0.0,0.0,0.0,3479.0,3100.0,0.0,0.0,0.0,0
1315,3800.0,3800.0,0.0,0.0,0.0,0.0,3481.0,3800.0,0.0,0.0,0.0,0
1316,1275.0,1275.0,0.0,0.0,0.0,0.0,3483.0,1275.0,0.0,0.0,0.0,0
1317,40070.0,40070.0,0.0,0.0,0.0,0.0,3485.0,40070.0,0.0,0.0,0.0,0
1318,13285.0,13285.0,0.0,0.0,0.0,0.0,3487.0,13285.0,0.0,0.0,0.0,0
1319,25920.0,25920.0,0.0,0.0,0.0,0.0,3489.0,25920.0,0.0,0.0,0.0,0
1320,14172.0,14172.0,0.0,0.0,0.0,0.0,3501.0,14172.0,0.0,0.0,0.0,0
1321,5925.0,5925.0,0.0,0.0,0.0,0.0,3505.0,5925.0,0.0,0.0,0.0,0
1322,5925.0,5925.0,0.0,0.0,0.0,0.0,3507.0,5925.0,0.0,0.0,0.0,0
1323,5925.0,5925.0,0.0,0.0,0.0,0.0,3509.0,5925.0,0.0,0.0,0.0,0
1324,2640.0,2640.0,0.0,0.0,0.0,0.0,3511.0,2640.0,0.0,0.0,0.0,0
1325,5925.0,5925.0,0.0,0.0,0.0,0.0,3513.0,5925.0,0.0,0.0,0.0,0
1326,4950.0,4950.0,0.0,0.0,0.0,0.0,3515.0,4950.0,0.0,0.0,0.0,0
1327,35750.0,0.0,35750.0,0.0,0.0,0.0,3517.0,35750.0,0.0,0.0,0.0,0
1328,3395.0,3395.0,0.0,0.0,0.0,0.0,3518.0,3395.0,0.0,0.0,0.0,0
1329,17100.0,0.0,17100.0,0.0,0.0,0.0,3525.0,17100.0,0.0,0.0,0.0,0
1330,32480.0,32480.0,0.0,0.0,0.0,0.0,3526.0,32480.0,0.0,0.0,0.0,0
1331,19940.0,19940.0,0.0,0.0,0.0,0.0,3527.0,19940.0,0.0,0.0,0.0,0
1332,2500.0,2500.0,0.0,0.0,0.0,0.0,3528.0,2500.0,0.0,0.0,0.0,0
1333,4520.0,4520.0,0.0,0.0,0.0,0.0,3529.0,4520.0,0.0,0.0,0.0,0
1334,8110.0,8110.0,0.0,0.0,0.0,0.0,3530.0,8110.0,0.0,0.0,0.0,0
1335,14520.0,14520.0,0.0,0.0,0.0,0.0,3532.0,14520.0,0.0,0.0,0.0,0
1336,5160.0,5160.0,0.0,0.0,0.0,0.0,3537.0,5160.0,0.0,0.0,0.0,0
1337,3085.0,3085.0,0.0,0.0,0.0,0.0,3541.0,3085.0,0.0,0.0,0.0,0
1338,5350.0,5350.0,0.0,0.0,0.0,0.0,3542.0,5350.0,0.0,0.0,0.0,0
1339,1475.0,0.0,1475.0,0.0,0.0,0.0,3543.0,1475.0,0.0,0.0,0.0,0
1340,1305.0,0.0,1305.0,0.0,0.0,0.0,3544.0,1305.0,0.0,0.0,0.0,0
1341,40000.0,40000.0,0.0,0.0,0.0,0.0,3545.0,40000.0,0.0,0.0,0.0,0
1342,24249.0,24249.0,0.0,0.0,0.0,0.0,3549.0,24249.0,0.0,0.0,0.0,0
1343,5400.0,0.0,5400.0,0.0,0.0,0.0,3553.0,5400.0,0.0,0.0,0.0,0
1344,1970.0,1970.0,0.0,0.0,0.0,0.0,3554.0,1970.0,0.0,0.0,0.0,0
1345,5230.0,5230.0,0.0,0.0,0.0,0.0,3556.0,5230.0,0.0,0.0,0.0,0
1346,1015.0,0.0,1015.0,0.0,0.0,0.0,3558.0,1015.0,0.0,0.0,0.0,0
1347,1955.0,0.0,1955.0,0.0,0.0,0.0,3559.0,1955.0,0.0,0.0,0.0,0
1348,2640.0,2640.0,0.0,0.0,0.0,0.0,3560.0,2640.0,0.0,0.0,0.0,0
1349,2640.0,2640.0,0.0,0.0,0.0,0.0,3562.0,2640.0,0.0,0.0,0.0,0
1350,5525.0,5525.0,0.0,0.0,0.0,0.0,3566.0,5525.0,0.0,0.0,0.0,0
1351,3000.0,3000.0,0.0,0.0,0.0,0.0,3568.0,3000.0,0.0,0.0,0.0,0
1352,3500.0,3500.0,0.0,0.0,0.0,0.0,3569.0,3500.0,0.0,0.0,0.0,0
1353,1400.0,1400.0,0.0,0.0,0.0,0.0,3570.0,1400.0,0.0,0.0,0.0,0
1354,2710.0,0.0,2710.0,0.0,0.0,0.0,3571.0,2710.0,0.0,0.0,0.0,0
1355,1195.0,0.0,1195.0,0.0,0.0,0.0,3572.0,1195.0,0.0,0.0,0.0,0
1356,3840.0,0.0,3840.0,0.0,0.0,0.0,3573.0,3840.0,0.0,0.0,0.0,0
1357,3795.0,3795.0,0.0,0.0,0.0,0.0,3574.0,3795.0,0.0,0.0,0.0,0
1358,1520.0,1520.0,0.0,0.0,0.0,0.0,3576.0,1520.0,0.0,0.0,0.0,0
1359,5430.0,5430.0,0.0,0.0,0.0,0.0,3578.0,5430.0,0.0,0.0,0.0,0
1360,1380.0,1380.0,0.0,0.0,0.0,0.0,3580.0,1380.0,0.0,0.0,0.0,0
1361,3040.0,3040.0,0.0,0.0,0.0,0.0,3582.0,3040.0,0.0,0.0,0.0,0
1362,3030.0,3030.0,0.0,0.0,0.0,0.0,3584.0,3030.0,0.0,0.0,0.0,0
1363,7590.0,7590.0,0.0,0.0,0.0,0.0,3586.0,7590.0,0.0,0.0,0.0,0
1364,2622.0,2622.0,0.0,0.0,0.0,0.0,3588.0,2622.0,0.0,0.0,0.0,0
1365,6960.0,6960.0,0.0,0.0,0.0,0.0,3590.0,6960.0,0.0,0.0,0.0,0
1366,5760.0,5760.0,0.0,0.0,0.0,0.0,3592.0,5760.0,0.0,0.0,0.0,0
1367,3415.0,3415.0,0.0,0.0,0.0,0.0,3594.0,3415.0,0.0,0.0,0.0,0
1368,3760.0,3760.0,0.0,0.0,0.0,0.0,3596.0,3760.0,0.0,0.0,0.0,0
1369,5040.0,5040.0,0.0,0.0,0.0,0.0,3598.0,5040.0,0.0,0.0,0.0,0
1370,5635.0,5635.0,0.0,0.0,0.0,0.0,3600.0,5635.0,0.0,0.0,0.0,0
1371,15060.0,15060.0,0.0,0.0,0.0,0.0,3602.0,15060.0,0.0,0.0,0.0,0
1372,5319.0,5319.0,0.0,0.0,0.0,0.0,3604.0,5319.0,0.0,0.0,0.0,0
1373,1495.0,1495.0,0.0,0.0,0.0,0.0,3606.0,1495.0,0.0,0.0,0.0,0
1374,5940.0,5940.0,0.0,0.0,0.0,0.0,3608.0,5940.0,0.0,0.0,0.0,0
1375,1690.0,1690.0,0.0,0.0,0.0,0.0,3610.0,1690.0,0.0,0.0,0.0,0
1376,2070.0,2070.0,0.0,0.0,0.0,0.0,3612.0,2070.0,0.0,0.0,0.0,0
1377,2160.0,2160.0,0.0,0.0,0.0,0.0,3614.0,2160.0,0.0,0.0,0.0,0
1378,1420.0,1420.0,0.0,0.0,0.0,0.0,3616.0,1420.0,0.0,0.0,0.0,0
1379,14300.0,14300.0,0.0,0.0,0.0,0.0,3618.0,14300.0,0.0,0.0,0.0,0
1380,16850.0,16850.0,0.0,0.0,0.0,0.0,3620.0,16850.0,0.0,0.0,0.0,0
1381,22700.0,22700.0,0.0,0.0,0.0,0.0,3622.0,22700.0,0.0,0.0,0.0,0
1382,21880.0,21880.0,0.0,0.0,0.0,0.0,3624.0,21880.0,0.0,0.0,0.0,0
1383,11040.0,11040.0,0.0,0.0,0.0,0.0,3626.0,11040.0,0.0,0.0,0.0,0
1384,2400.0,2400.0,0.0,0.0,0.0,0.0,3628.0,2400.0,0.0,0.0,0.0,0
1385,1328.0,1328.0,0.0,0.0,0.0,0.0,3630.0,1328.0,0.0,0.0,0.0,0
1386,3010.0,3010.0,0.0,0.0,0.0,0.0,3632.0,3010.0,0.0,0.0,0.0,0
1387,0.0,0.0,0.0,0.0,0.0,0.0,3634.0,0.0,0.0,0.0,0.0,0
1388,1910.0,1910.0,0.0,0.0,0.0,0.0,3636.0,1910.0,0.0,0.0,0.0,0
1389,11880.0,11880.0,0.0,0.0,0.0,0.0,3638.0,11880.0,0.0,0.0,0.0,0
1390,4140.0,4140.0,0.0,0.0,0.0,0.0,3640.0,4140.0,0.0,0.0,0.0,0
1391,0.0,0.0,0.0,0.0,0.0,0.0,3642.0,0.0,0.0,0.0,0.0,0
1392,1420.0,1420.0,0.0,0.0,0.0,0.0,3644.0,1420.0,0.0,0.0,0.0,0
1393,4620.0,4620.0,0.0,0.0,0.0,0.0,3646.0,4620.0,0.0,0.0,0.0,0
1394,2300.0,2300.0,0.0,0.0,0.0,0.0,3648.0,2300.0,0.0,0.0,0.0,0
1395,2240.0,2240.0,0.0,0.0,0.0,0.0,3650.0,2240.0,0.0,0.0,0.0,0
1396,950.0,950.0,0.0,0.0,0.0,0.0,3652.0,950.0,0.0,0.0,0.0,0
1397,1520.0,1520.0,0.0,0.0,0.0,0.0,3654.0,1520.0,0.0,0.0,0.0,0
1398,945.0,945.0,0.0,0.0,0.0,0.0,3656.0,945.0,0.0,0.0,0.0,0
1399,1325.0,1325.0,0.0,0.0,0.0,0.0,3658.0,1325.0,0.0,0.0,0.0,0
1400,1075.0,1075.0,0.0,0.0,0.0,0.0,3660.0,1075.0,1.0,5.0,165.0,0
1401,1690.0,1690.0,0.0,0.0,0.0,0.0,3662.0,1690.0,0.0,0.0,0.0,0
1402,1685.0,1685.0,0.0,0.0,0.0,0.0,3664.0,1685.0,0.0,0.0,0.0,0
1403,9240.0,9240.0,0.0,0.0,0.0,0.0,3666.0,9240.0,0.0,0.0,0.0,0
1404,2520.0,2520.0,0.0,0.0,0.0,0.0,3668.0,2520.0,0.0,0.0,0.0,0
1405,1870.0,1870.0,0.0,0.0,0.0,0.0,3670.0,1870.0,0.0,0.0,0.0,0
1406,7700.0,7700.0,0.0,0.0,0.0,0.0,3672.0,7700.0,0.0,0.0,0.0,0
1407,4140.0,4140.0,0.0,0.0,0.0,0.0,3674.0,4140.0,0.0,0.0,0.0,0
1408,2620.0,2620.0,0.0,0.0,0.0,0.0,3676.0,2620.0,0.0,0.0,0.0,0
1409,12120.0,12120.0,0.0,0.0,0.0,0.0,3678.0,12120.0,0.0,0.0,0.0,0
1410,0.0,0.0,0.0,0.0,0.0,0.0,3680.0,0.0,0.0,0.0,0.0,0
1411,0.0,0.0,0.0,0.0,0.0,0.0,3682.0,0.0,0.0,0.0,0.0,0
1412,10040.0,10040.0,0.0,0.0,0.0,0.0,3684.0,10040.0,0.0,0.0,0.0,0
1413,2840.0,2840.0,0.0,0.0,0.0,0.0,3685.0,2840.0,0.0,0.0,0.0,0
1414,1888.0,0.0,1888.0,0.0,0.0,0.0,3687.0,1888.0,0.0,0.0,0.0,0
1415,2832.0,0.0,2832.0,0.0,0.0,0.0,3688.0,2832.0,0.0,0.0,0.0,0
1416,4260.0,4260.0,0.0,0.0,0.0,0.0,3693.0,4260.0,0.0,0.0,0.0,0
1417,11906.0,11906.0,0.0,0.0,0.0,0.0,3694.0,11906.0,0.0,0.0,0.0,0
1418,6500.0,6500.0,0.0,0.0,0.0,0.0,3696.0,6500.0,0.0,0.0,0.0,0
1419,22666.0,22666.0,0.0,0.0,0.0,0.0,3698.0,22666.0,0.0,0.0,0.0,0
1420,31350.0,31350.0,0.0,0.0,0.0,0.0,3699.0,31350.0,0.0,0.0,0.0,0
1421,3240.0,0.0,3240.0,0.0,0.0,0.0,3706.0,3240.0,0.0,0.0,0.0,0
1422,1435.0,0.0,1435.0,0.0,0.0,0.0,3708.0,1435.0,0.0,0.0,0.0,0
1423,12360.0,0.0,12360.0,0.0,0.0,0.0,3715.0,12360.0,0.0,0.0,0.0,0
1424,13500.0,0.0,13500.0,0.0,0.0,0.0,3716.0,13500.0,0.0,0.0,0.0,0
1425,1665.0,0.0,1665.0,0.0,0.0,0.0,3717.0,1665.0,0.0,0.0,0.0,0
1426,146800.0,146800.0,0.0,0.0,0.0,0.0,3718.0,146800.0,0.0,0.0,0.0,0
1427,4765.0,4765.0,0.0,0.0,0.0,0.0,3719.0,4765.0,0.0,0.0,0.0,0
1428,-22666.0,-22666.0,0.0,0.0,0.0,0.0,3728.0,-22666.0,0.0,0.0,0.0,0
1429,1995.0,1995.0,0.0,0.0,0.0,0.0,3730.0,1995.0,0.0,0.0,0.0,0
1430,8000.0,8000.0,0.0,0.0,0.0,0.0,3731.0,8000.0,0.0,0.0,0.0,0
1431,2420.0,2420.0,0.0,0.0,0.0,0.0,3732.0,2420.0,0.0,0.0,0.0,0
1432,3865.0,3865.0,0.0,0.0,0.0,0.0,3733.0,3865.0,0.0,0.0,0.0,0
1433,3700.0,3700.0,0.0,0.0,0.0,0.0,3734.0,3700.0,0.0,0.0,0.0,0
1434,1750.0,1750.0,0.0,0.0,0.0,0.0,3742.0,1750.0,0.0,0.0,0.0,0
1435,3445.0,3445.0,0.0,0.0,0.0,0.0,3743.0,3445.0,0.0,0.0,0.0,0
1436,2570.0,2570.0,0.0,0.0,0.0,0.0,3744.0,2570.0,0.0,0.0,0.0,0
1437,820.0,820.0,0.0,0.0,0.0,0.0,3745.0,820.0,0.0,0.0,0.0,0
1438,1610.0,0.0,1610.0,0.0,0.0,0.0,3746.0,1610.0,0.0,0.0,0.0,0
1439,3780.0,0.0,3780.0,0.0,0.0,0.0,3748.0,3780.0,0.0,0.0,0.0,0
1440,5940.0,5940.0,0.0,0.0,0.0,0.0,3751.0,5940.0,0.0,0.0,0.0,0
1441,8500.0,8500.0,0.0,0.0,0.0,0.0,3752.0,8500.0,0.0,0.0,0.0,0
1442,11985.0,0.0,11985.0,0.0,0.0,0.0,3765.0,11985.0,0.0,0.0,0.0,0
1443,3255.0,3255.0,0.0,0.0,0.0,0.0,3766.0,3255.0,0.0,0.0,0.0,0
1444,3780.0,3780.0,0.0,0.0,0.0,0.0,3768.0,3780.0,0.0,0.0,0.0,0
1445,5840.0,5840.0,0.0,0.0,0.0,0.0,3773.0,5840.0,0.0,0.0,0.0,0
1446,3050.0,3050.0,0.0,0.0,0.0,0.0,3775.0,3050.0,0.0,0.0,0.0,0
1447,3030.0,3030.0,0.0,0.0,0.0,0.0,3777.0,3030.0,0.0,0.0,0.0,0
1448,3090.0,3090.0,0.0,0.0,0.0,0.0,3779.0,3090.0,0.0,0.0,0.0,0
1449,2254.0,2254.0,0.0,0.0,0.0,0.0,3781.0,2254.0,0.0,0.0,0.0,0
1450,1510.0,1510.0,0.0,0.0,0.0,0.0,3783.0,1510.0,0.0,0.0,0.0,0
1451,0.0,0.0,0.0,0.0,0.0,0.0,3785.0,0.0,0.0,0.0,0.0,0
1452,885.0,885.0,0.0,0.0,0.0,0.0,3787.0,885.0,0.0,0.0,0.0,0
1453,3036.0,3036.0,0.0,0.0,0.0,0.0,3789.0,3036.0,0.0,0.0,0.0,0
1454,4490.0,4490.0,0.0,0.0,0.0,0.0,3791.0,4490.0,0.0,0.0,0.0,0
1455,0.0,0.0,0.0,0.0,0.0,0.0,3793.0,32360.0,0.0,0.0,0.0,0
1456,1155.0,1155.0,0.0,0.0,0.0,0.0,3795.0,1155.0,0.0,0.0,0.0,0
1457,9190.0,9190.0,0.0,0.0,0.0,0.0,3797.0,9190.0,0.0,0.0,0.0,0
1458,6660.0,6660.0,0.0,0.0,0.0,0.0,3800.0,6660.0,0.0,0.0,0.0,0
1459,1320.0,1320.0,0.0,0.0,0.0,0.0,3802.0,1320.0,0.0,0.0,0.0,0
1460,3890.0,0.0,3890.0,0.0,0.0,0.0,3804.0,3890.0,3.0,15.0,325.0,0
1461,2880.0,0.0,2880.0,0.0,0.0,0.0,3806.0,2880.0,0.0,0.0,0.0,0
1462,1320.0,0.0,1320.0,0.0,0.0,0.0,3808.0,1320.0,0.0,0.0,0.0,0
1463,5080.0,5080.0,0.0,0.0,0.0,0.0,3810.0,5080.0,3.0,18.0,325.0,0
1464,3560.0,3560.0,0.0,0.0,0.0,0.0,3812.0,3560.0,2.0,16.0,325.0,0
1465,2140.0,0.0,2140.0,0.0,0.0,0.0,3814.0,2140.0,1.0,8.0,165.0,0
1466,2800.0,2800.0,0.0,0.0,0.0,0.0,3815.0,2800.0,2.0,16.0,325.0,0
1467,4050.0,4050.0,0.0,0.0,0.0,0.0,3817.0,4050.0,0.0,0.0,0.0,0
1468,825.0,825.0,0.0,0.0,0.0,0.0,3819.0,825.0,0.0,0.0,0.0,0
1469,4200.0,4200.0,0.0,0.0,0.0,0.0,3821.0,4200.0,0.0,0.0,0.0,0
1470,5700.0,5700.0,0.0,0.0,0.0,0.0,3823.0,5700.0,0.0,0.0,0.0,0
1471,3490.0,3490.0,0.0,0.0,0.0,0.0,3825.0,3490.0,1.0,7.0,205.0,0
1472,1320.0,1320.0,0.0,0.0,0.0,0.0,3827.0,1320.0,0.0,0.0,0.0,0
1473,2300.0,2300.0,0.0,0.0,0.0,0.0,3829.0,2300.0,2.0,13.0,325.0,0
1474,1460.0,1460.0,0.0,0.0,0.0,0.0,3831.0,1460.0,1.0,8.0,165.0,0
1475,1005.0,1005.0,0.0,0.0,0.0,0.0,3833.0,1005.0,1.0,5.0,165.0,0
1476,8540.0,8540.0,0.0,0.0,0.0,0.0,3835.0,8540.0,0.0,0.0,0.0,0
1477,0.0,0.0,0.0,0.0,0.0,0.0,3837.0,0.0,6.0,16.0,405.0,0
1478,880.0,0.0,880.0,0.0,0.0,0.0,3839.0,880.0,0.0,0.0,0.0,0
1479,1890.0,0.0,1890.0,0.0,0.0,0.0,3841.0,1890.0,2.0,10.0,325.0,0
1480,7350.0,7350.0,0.0,0.0,0.0,0.0,3843.0,7350.0,0.0,0.0,0.0,0
1481,5760.0,5760.0,0.0,0.0,0.0,0.0,3848.0,5760.0,0.0,0.0,0.0,0
1482,5230.0,5230.0,0.0,0.0,0.0,0.0,3861.0,5230.0,3.0,18.0,325.0,0
1483,2910.0,2910.0,0.0,0.0,0.0,0.0,3863.0,2910.0,2.0,16.0,165.0,0
1484,10944.0,10944.0,0.0,0.0,0.0,0.0,3864.0,10944.0,0.0,0.0,0.0,0
1485,4310.0,4310.0,0.0,0.0,0.0,0.0,3867.0,4310.0,0.0,0.0,0.0,0
1486,4060.0,0.0,4060.0,0.0,0.0,0.0,3868.0,4060.0,2.0,0.0,0.0,0
1487,22180.0,22180.0,0.0,0.0,0.0,0.0,3870.0,22180.0,4.0,63.0,325.0,0
1488,20075.0,20075.0,0.0,0.0,0.0,0.0,3872.0,20075.0,2.0,14.0,325.0,0
1489,4000.0,4000.0,0.0,0.0,0.0,0.0,3874.0,4000.0,1.0,16.0,205.0,0
1490,1640.0,0.0,1640.0,0.0,0.0,0.0,3876.0,1640.0,1.0,8.0,205.0,0
1491,1845.0,0.0,1845.0,0.0,0.0,0.0,3878.0,1845.0,1.0,9.0,205.0,0
1492,6350.0,6350.0,0.0,0.0,0.0,0.0,3880.0,6350.0,3.0,20.0,405.0,0
1493,2075.0,0.0,2075.0,0.0,0.0,0.0,3882.0,2075.0,0.0,0.0,0.0,0
1494,30590.0,0.0,30590.0,0.0,0.0,0.0,3884.0,30590.0,0.0,0.0,0.0,0
1495,10255.0,0.0,10255.0,0.0,0.0,0.0,3885.0,10255.0,0.0,0.0,0.0,0
1496,9700.0,9700.0,0.0,0.0,0.0,0.0,3888.0,9700.0,0.0,0.0,0.0,0
1497,1230.0,0.0,1230.0,0.0,0.0,0.0,3891.0,1230.0,1.0,6.0,205.0,0
1498,10010.0,0.0,10010.0,0.0,0.0,0.0,3893.0,10010.0,2.0,60.0,325.0,0
1499,1005.0,0.0,1005.0,0.0,0.0,0.0,3895.0,1005.0,1.0,5.0,165.0,0
1500,18570.0,0.0,18570.0,0.0,0.0,0.0,3897.0,18570.0,2.0,49.0,165.0,0
1501,2635.0,2635.0,0.0,0.0,0.0,0.0,3904.0,2635.0,2.0,10.0,325.0,0
1502,980.0,0.0,980.0,0.0,0.0,0.0,3905.0,980.0,1.0,4.0,165.0,0
1503,9720.0,0.0,9720.0,0.0,0.0,0.0,3918.0,9720.0,0.0,0.0,0.0,0
1504,5415.0,0.0,5415.0,0.0,0.0,0.0,3919.0,5415.0,2.0,31.0,325.0,0
1505,2425.0,0.0,2425.0,0.0,0.0,0.0,3921.0,2425.0,2.0,14.0,325.0,0
1506,1355.0,0.0,1355.0,0.0,0.0,0.0,3923.0,1355.0,1.0,7.0,165.0,0
1507,5095.0,0.0,5095.0,0.0,0.0,0.0,3925.0,5095.0,2.0,29.0,325.0,0
1508,2460.0,0.0,2460.0,0.0,0.0,0.0,3927.0,2460.0,2.0,10.0,325.0,0
1509,4230.0,0.0,4230.0,0.0,0.0,0.0,3931.0,4230.0,2.0,7.0,165.0,0
1510,1400.0,0.0,1400.0,0.0,0.0,0.0,3933.0,1400.0,2.0,8.0,325.0,0
1511,1240.0,0.0,1240.0,0.0,0.0,0.0,3935.0,1240.0,1.0,7.0,165.0,0
1512,2880.0,0.0,2880.0,0.0,0.0,0.0,3937.0,2880.0,0.0,0.0,0.0,0
1513,1905.0,0.0,1905.0,0.0,0.0,0.0,3939.0,1905.0,2.0,11.0,325.0,0
1514,1025.0,0.0,1025.0,0.0,0.0,0.0,3942.0,1025.0,0.0,0.0,0.0,0
1515,5040.0,0.0,5040.0,0.0,0.0,0.0,3944.0,5040.0,2.0,14.0,165.0,0
1516,7610.0,0.0,7610.0,0.0,0.0,0.0,3946.0,7610.0,3.0,19.0,405.0,0
1517,1640.0,1640.0,0.0,0.0,0.0,0.0,3949.0,1640.0,1.0,8.0,165.0,0
1518,1280.0,1280.0,0.0,0.0,0.0,0.0,3951.0,1280.0,0.0,0.0,0.0,0
1519,1140.0,1140.0,0.0,0.0,0.0,0.0,3953.0,1140.0,1.0,6.0,165.0,0
1520,1200.0,1200.0,0.0,0.0,0.0,0.0,3955.0,1200.0,1.0,6.0,165.0,0
1521,1320.0,1320.0,0.0,0.0,0.0,0.0,3957.0,1320.0,0.0,0.0,0.0,0
1522,1800.0,1800.0,0.0,0.0,0.0,0.0,3959.0,1800.0,0.0,0.0,0.0,0
1523,4570.0,4570.0,0.0,0.0,0.0,0.0,3961.0,4570.0,0.0,0.0,0.0,0
1524,1874.0,1874.0,0.0,0.0,0.0,0.0,3963.0,1874.0,2.0,10.0,325.0,0
1525,2155.0,2155.0,0.0,0.0,0.0,0.0,3965.0,2155.0,2.0,12.0,325.0,0
1526,5640.0,5640.0,0.0,0.0,0.0,0.0,3967.0,5640.0,0.0,0.0,0.0,0
1527,1155.0,1155.0,0.0,0.0,0.0,0.0,3969.0,1155.0,0.0,0.0,0.0,0
1528,1485.0,1485.0,0.0,0.0,0.0,0.0,3971.0,1485.0,2.0,8.0,325.0,0
1529,2600.0,2600.0,0.0,0.0,0.0,0.0,3973.0,2600.0,2.0,16.0,325.0,0
1530,4110.0,4110.0,0.0,0.0,0.0,0.0,3975.0,4110.0,3.0,16.0,325.0,0
1531,7800.0,7800.0,0.0,0.0,0.0,0.0,3977.0,7800.0,0.0,0.0,0.0,0
1532,1320.0,1320.0,0.0,0.0,0.0,0.0,3979.0,1320.0,1.0,8.0,165.0,0
1533,4880.0,4880.0,0.0,0.0,0.0,0.0,3981.0,4880.0,9.0,54.0,325.0,0
1534,3980.0,3980.0,0.0,0.0,0.0,0.0,3983.0,3980.0,3.0,14.0,325.0,0
1535,4160.0,4160.0,0.0,0.0,0.0,0.0,3985.0,4160.0,3.0,15.0,325.0,0
1536,800.0,800.0,0.0,0.0,0.0,0.0,3987.0,800.0,1.0,4.0,165.0,0
1537,1918.0,1918.0,0.0,0.0,0.0,0.0,3989.0,1918.0,1.0,8.0,165.0,0
1538,1305.0,1305.0,0.0,0.0,0.0,0.0,3991.0,1305.0,1.0,5.0,165.0,0
1539,2735.0,2735.0,0.0,0.0,0.0,0.0,3993.0,2735.0,2.0,15.0,82.5,0
1540,2990.0,2990.0,0.0,0.0,0.0,0.0,3995.0,2990.0,2.0,16.0,325.0,0
1541,990.0,990.0,0.0,0.0,0.0,0.0,3997.0,990.0,0.0,0.0,0.0,0
1542,1520.0,1520.0,0.0,0.0,0.0,0.0,3999.0,1520.0,1.0,8.0,165.0,0
1543,990.0,990.0,0.0,0.0,0.0,0.0,4001.0,990.0,2.0,6.0,165.0,0
1544,2254.0,2254.0,0.0,0.0,0.0,0.0,4003.0,2254.0,2.0,12.0,325.0,0
1545,2990.0,2990.0,0.0,0.0,0.0,0.0,4005.0,2990.0,2.0,16.0,165.0,0
1546,1420.0,1420.0,0.0,0.0,0.0,0.0,4007.0,1420.0,2.0,7.0,325.0,0
1547,880.0,880.0,0.0,0.0,0.0,0.0,4009.0,880.0,1.0,4.0,165.0,0
1548,2041.0,2041.0,0.0,0.0,0.0,0.0,4011.0,2041.0,2.0,8.0,165.0,0
1549,1940.0,1940.0,0.0,0.0,0.0,0.0,4015.0,1940.0,2.0,12.0,325.0,0
1550,480.0,480.0,0.0,0.0,0.0,0.0,4017.0,480.0,3.0,8.0,20.0,0
1551,1320.0,1320.0,0.0,0.0,0.0,0.0,4019.0,1320.0,1.0,8.0,165.0,0
1552,1677.0,1677.0,0.0,0.0,0.0,0.0,4020.0,1677.0,2.0,8.0,365.0,0
1553,3540.0,0.0,3540.0,0.0,0.0,0.0,4022.0,3540.0,2.0,15.0,405.0,0
1554,1480.0,1480.0,0.0,0.0,0.0,0.0,4023.0,1480.0,1.0,8.0,160.0,0
1555,2045.0,2045.0,0.0,0.0,0.0,0.0,4024.0,2045.0,1.0,12.0,160.0,0
1556,3036.0,0.0,3036.0,0.0,0.0,0.0,4027.0,3036.0,1.0,16.0,165.0,0
1557,5770.0,5770.0,0.0,0.0,0.0,0.0,4028.0,5770.0,3.0,22.0,325.0,0
1558,4740.0,4740.0,0.0,0.0,0.0,0.0,4030.0,4740.0,1.0,16.0,160.0,0
1559,1195.0,1195.0,0.0,0.0,0.0,0.0,4031.0,1195.0,1.0,7.0,160.0,0
1560,1075.0,0.0,1075.0,0.0,0.0,0.0,4032.0,1075.0,2.0,6.0,325.0,0
1561,820.0,0.0,820.0,0.0,0.0,0.0,4341.0,820.0,1.0,4.0,205.0,0
1562,2050.0,0.0,2050.0,0.0,0.0,0.0,4343.0,2050.0,0.0,0.0,0.0,0
1563,7740.0,0.0,7740.0,0.0,0.0,0.0,4345.0,7740.0,0.0,0.0,0.0,0
1564,2580.0,2580.0,0.0,0.0,0.0,0.0,4347.0,2580.0,3.0,13.0,325.0,0
1565,3760.0,0.0,3760.0,0.0,0.0,0.0,4350.0,3760.0,8.0,16.0,60.0,0
1566,6220.0,6220.0,0.0,0.0,0.0,0.0,4352.0,6220.0,1.0,28.0,165.0,0
1567,1120.0,0.0,1120.0,0.0,0.0,0.0,4353.0,1120.0,0.0,0.0,0.0,0
1568,6300.0,0.0,6300.0,0.0,0.0,0.0,4355.0,6300.0,0.0,0.0,0.0,0
1569,14700.0,14700.0,0.0,0.0,0.0,0.0,4356.0,14700.0,0.0,0.0,0.0,0
1570,31200.0,0.0,31200.0,0.0,0.0,0.0,4358.0,31200.0,0.0,0.0,0.0,0
1571,900.0,0.0,900.0,0.0,0.0,0.0,4359.0,900.0,2.0,5.0,325.0,0
1572,4620.0,4620.0,0.0,0.0,0.0,0.0,4360.0,4620.0,0.0,0.0,0.0,0
1573,4620.0,0.0,4620.0,0.0,0.0,0.0,4362.0,4620.0,2.0,14.0,165.0,0
1574,1650.0,0.0,1650.0,0.0,0.0,0.0,4371.0,1650.0,0.0,0.0,0.0,0
1575,3785.0,0.0,3785.0,0.0,0.0,0.0,4373.0,3785.0,2.0,17.0,405.0,0
1576,1265.0,0.0,1265.0,0.0,0.0,0.0,4375.0,1265.0,2.0,7.0,325.0,0
1577,17390.0,0.0,17390.0,0.0,0.0,0.0,4377.0,17390.0,4.0,52.0,325.0,0
1578,12410.0,12410.0,0.0,0.0,0.0,0.0,4381.0,12410.0,2.0,22.0,165.0,0
1579,1155.0,1155.0,0.0,0.0,0.0,0.0,4384.0,1155.0,0.0,0.0,0.0,0
1580,1155.0,1155.0,0.0,0.0,0.0,0.0,4386.0,1155.0,0.0,0.0,0.0,0
1581,1155.0,1155.0,0.0,0.0,0.0,0.0,4388.0,1155.0,0.0,0.0,0.0,0
1582,11020.0,0.0,11020.0,0.0,0.0,0.0,4390.0,11020.0,0.0,0.0,0.0,0
1583,5390.0,0.0,5390.0,0.0,0.0,0.0,4391.0,5390.0,0.0,0.0,0.0,0
1584,1155.0,1155.0,0.0,0.0,0.0,0.0,4398.0,1155.0,0.0,0.0,0.0,0
1585,1155.0,1155.0,0.0,0.0,0.0,0.0,4400.0,1155.0,1.0,7.0,165.0,0
1586,1280.0,0.0,1280.0,0.0,0.0,0.0,4408.0,1280.0,1.0,7.0,165.0,0
1587,1140.0,0.0,1140.0,0.0,0.0,0.0,4410.0,1140.0,2.0,7.0,325.0,0
1588,7580.0,0.0,7580.0,0.0,0.0,0.0,4412.0,7580.0,2.0,30.0,325.0,0
1589,1630.0,0.0,1630.0,0.0,0.0,0.0,4414.0,1630.0,2.0,10.0,0.0,0
1590,980.0,0.0,980.0,0.0,0.0,0.0,4416.0,980.0,2.0,6.0,325.0,0
1591,1055.0,0.0,1055.0,0.0,0.0,0.0,4418.0,1055.0,2.0,6.0,325.0,0
1592,1500.0,0.0,1500.0,0.0,0.0,0.0,4420.0,1500.0,2.0,4.0,165.0,0
1593,3700.0,0.0,3700.0,0.0,0.0,0.0,4422.0,3700.0,0.0,0.0,0.0,0
1594,1600.0,0.0,1600.0,0.0,0.0,0.0,4424.0,1600.0,1.0,8.0,200.0,0
1595,3870.0,0.0,3870.0,0.0,0.0,0.0,4426.0,3870.0,3.0,15.0,325.0,0
1596,2480.0,0.0,2480.0,0.0,0.0,0.0,4428.0,2480.0,2.0,14.0,325.0,0
1597,6180.0,6180.0,0.0,0.0,0.0,0.0,4430.0,6180.0,0.0,0.0,0.0,0
1598,5340.0,0.0,5340.0,0.0,0.0,0.0,4432.0,5340.0,4.0,32.0,325.0,0
1599,2065.0,0.0,2065.0,0.0,0.0,0.0,4434.0,2065.0,2.0,11.0,325.0,0
1600,20500.0,0.0,20500.0,0.0,0.0,0.0,4436.0,20500.0,0.0,0.0,0.0,0
1601,1565.0,1565.0,0.0,0.0,0.0,0.0,4437.0,1565.0,1.0,2.0,3.0,0
1602,1320.0,0.0,1320.0,0.0,0.0,0.0,4438.0,1320.0,2.0,4.0,165.0,0
1603,1320.0,0.0,1320.0,0.0,0.0,0.0,4440.0,1320.0,1.0,8.0,165.0,0
1604,3525.0,3525.0,0.0,0.0,0.0,0.0,4442.0,3525.0,2.0,18.0,325.0,0
1605,1440.0,0.0,1440.0,0.0,0.0,0.0,4444.0,1440.0,2.0,8.0,325.0,0
1606,990.0,0.0,990.0,0.0,0.0,0.0,4446.0,990.0,1.0,6.0,165.0,0
1607,1845.0,0.0,1845.0,0.0,0.0,0.0,4448.0,1845.0,1.0,9.0,205.0,0
1608,1155.0,0.0,1155.0,0.0,0.0,0.0,4450.0,1155.0,1.0,7.0,165.0,0
1609,6790.0,0.0,6790.0,0.0,0.0,0.0,4452.0,6790.0,2.0,26.0,165.0,0
1610,20000.0,0.0,20000.0,0.0,0.0,0.0,4454.0,20000.0,0.0,0.0,0.0,0
1611,1490.0,0.0,1490.0,0.0,0.0,0.0,4455.0,1490.0,2.0,7.0,325.0,0
1612,2575.0,0.0,2575.0,0.0,0.0,0.0,4456.0,2575.0,2.0,14.0,325.0,0
1613,2610.0,2610.0,0.0,0.0,0.0,0.0,4460.0,2610.0,2.0,14.0,165.0,0
1614,2310.0,2310.0,0.0,0.0,0.0,0.0,4462.0,2310.0,2.0,14.0,165.0,0
1615,2310.0,0.0,2310.0,0.0,0.0,0.0,4464.0,2310.0,4.0,14.0,165.0,0
1616,2275.0,0.0,2275.0,0.0,0.0,0.0,4468.0,2275.0,2.0,14.0,325.0,0
1617,-2324.0,0.0,-2324.0,0.0,0.0,0.0,4470.0,-2324.0,0.0,0.0,0.0,0
1618,5000.0,5000.0,0.0,0.0,0.0,0.0,4474.0,5000.0,0.0,0.0,0.0,0
1619,2310.0,2310.0,0.0,0.0,0.0,0.0,4476.0,2310.0,2.0,14.0,165.0,0
1620,2310.0,2310.0,0.0,0.0,0.0,0.0,4478.0,2310.0,2.0,14.0,165.0,0
1621,2310.0,2310.0,0.0,0.0,0.0,0.0,4480.0,2310.0,2.0,14.0,165.0,0
1622,2310.0,2310.0,0.0,0.0,0.0,0.0,4482.0,2310.0,2.0,14.0,165.0,0
1623,5930.0,0.0,5930.0,0.0,0.0,0.0,4484.0,5930.0,0.0,0.0,0.0,0
1624,2940.0,0.0,2940.0,0.0,0.0,0.0,4485.0,2940.0,0.0,0.0,0.0,0
1625,4560.0,0.0,4560.0,0.0,0.0,0.0,4486.0,4560.0,0.0,0.0,0.0,0
1626,14250.0,14250.0,0.0,0.0,0.0,0.0,4487.0,14250.0,0.0,0.0,0.0,0
1627,29400.0,29400.0,0.0,0.0,0.0,0.0,4488.0,29400.0,0.0,0.0,0.0,0
1628,41020.0,41020.0,0.0,0.0,0.0,0.0,4489.0,41020.0,0.0,0.0,0.0,0
1629,65155.0,0.0,65155.0,0.0,0.0,0.0,4490.0,65155.0,0.0,0.0,0.0,0
1630,2310.0,2310.0,0.0,0.0,0.0,0.0,4492.0,2310.0,0.0,0.0,0.0,0
1631,2310.0,2310.0,0.0,0.0,0.0,0.0,4494.0,2310.0,0.0,0.0,0.0,0
1632,2310.0,2310.0,0.0,0.0,0.0,0.0,4496.0,2310.0,0.0,0.0,0.0,0
1633,2810.0,2810.0,0.0,0.0,0.0,0.0,4498.0,2810.0,0.0,0.0,0.0,0
1634,10220.0,10220.0,0.0,0.0,0.0,0.0,4500.0,10220.0,0.0,0.0,0.0,0
1635,3990.0,0.0,3990.0,0.0,0.0,0.0,4502.0,3990.0,0.0,0.0,0.0,0
1636,52025.0,0.0,52025.0,0.0,0.0,0.0,4532.0,52025.0,0.0,0.0,0.0,0
1637,5325.0,0.0,5325.0,0.0,0.0,0.0,4533.0,5325.0,0.0,0.0,0.0,0
1638,3645.0,0.0,3645.0,0.0,0.0,0.0,4535.0,3645.0,0.0,0.0,0.0,0
1639,5315.0,0.0,5315.0,0.0,0.0,0.0,4537.0,5315.0,0.0,0.0,0.0,0
1640,10340.0,0.0,10340.0,0.0,0.0,0.0,4539.0,10340.0,0.0,0.0,0.0,0
1641,8260.0,0.0,8260.0,0.0,0.0,0.0,4559.0,8260.0,0.0,0.0,0.0,0
1642,1970.0,0.0,1970.0,0.0,0.0,0.0,4562.0,1970.0,0.0,0.0,0.0,0
1643,12336.0,0.0,12336.0,0.0,0.0,0.0,4564.0,12336.0,0.0,0.0,0.0,0
1644,2475.0,2475.0,0.0,0.0,0.0,0.0,4576.0,2475.0,0.0,0.0,0.0,0
1645,29000.0,0.0,29000.0,0.0,0.0,0.0,4580.0,29000.0,0.0,0.0,0.0,0
1646,3490.0,0.0,3490.0,0.0,0.0,0.0,4581.0,3490.0,0.0,0.0,0.0,0
1647,15620.0,15620.0,0.0,0.0,0.0,0.0,4583.0,15620.0,0.0,0.0,0.0,0
1648,3135.0,0.0,3135.0,0.0,0.0,0.0,4584.0,3135.0,0.0,0.0,0.0,0
1649,6480.0,0.0,6480.0,0.0,0.0,0.0,4585.0,6480.0,0.0,0.0,0.0,0
1650,39750.0,0.0,39750.0,0.0,0.0,0.0,4586.0,39750.0,0.0,0.0,0.0,0
1651,18420.0,0.0,18420.0,0.0,0.0,0.0,4587.0,18420.0,0.0,0.0,0.0,0
1652,4900.0,0.0,4900.0,0.0,0.0,0.0,4591.0,4900.0,0.0,0.0,0.0,0
1653,3400.0,0.0,3400.0,0.0,0.0,0.0,4592.0,3400.0,0.0,0.0,0.0,0
1654,9900.0,0.0,9900.0,0.0,0.0,0.0,4593.0,9900.0,0.0,0.0,0.0,0
1655,15600.0,15600.0,0.0,0.0,0.0,0.0,4594.0,15600.0,0.0,0.0,0.0,0
1656,3600.0,0.0,3600.0,0.0,0.0,0.0,4595.0,3600.0,0.0,0.0,0.0,0
1657,9760.0,0.0,9760.0,0.0,0.0,0.0,4596.0,9760.0,0.0,0.0,0.0,0
1658,1155.0,1155.0,0.0,0.0,0.0,0.0,4597.0,1155.0,0.0,0.0,0.0,0
1659,1305.0,0.0,1305.0,0.0,0.0,0.0,4600.0,1305.0,0.0,0.0,0.0,0
1660,2510.0,0.0,2510.0,0.0,0.0,0.0,4601.0,2510.0,0.0,0.0,0.0,0
1661,8870.0,0.0,8870.0,0.0,0.0,0.0,4603.0,8870.0,0.0,0.0,0.0,0
1662,9420.0,0.0,9420.0,0.0,0.0,0.0,4604.0,9420.0,0.0,0.0,0.0,0
1663,314.13,314.0,0.13,0.0,0.0,0.0,4605.0,314.13,0.0,0.0,0.0,0
1664,1995.0,0.0,1995.0,0.0,0.0,0.0,4608.0,1995.0,0.0,0.0,0.0,0
1665,5080.0,0.0,5080.0,0.0,0.0,0.0,4609.0,5080.0,0.0,0.0,0.0,0
1666,3135.0,0.0,3135.0,0.0,0.0,0.0,4611.0,3135.0,0.0,0.0,0.0,0
1667,4900.0,4900.0,0.0,0.0,0.0,0.0,4616.0,4900.0,0.0,0.0,0.0,0
1668,2300.0,0.0,2300.0,0.0,0.0,0.0,4618.0,2300.0,0.0,0.0,0.0,0
1669,1485.0,0.0,1485.0,0.0,0.0,0.0,4619.0,1485.0,0.0,0.0,0.0,0
1670,1520.0,0.0,1520.0,0.0,0.0,0.0,4621.0,1520.0,0.0,0.0,0.0,0
1671,1340.0,0.0,1340.0,0.0,0.0,0.0,4622.0,1340.0,0.0,0.0,0.0,0
1672,8175.0,0.0,8175.0,0.0,0.0,0.0,4623.0,8175.0,0.0,0.0,0.0,0
1673,12060.0,0.0,12060.0,0.0,0.0,0.0,4624.0,12060.0,0.0,0.0,0.0,0
1674,1320.0,0.0,1320.0,0.0,0.0,0.0,4625.0,1320.0,0.0,0.0,0.0,0
1675,14400.0,0.0,14400.0,0.0,0.0,0.0,4627.0,14400.0,0.0,0.0,0.0,0
1676,5680.0,0.0,5680.0,0.0,0.0,0.0,4629.0,5680.0,0.0,0.0,0.0,0
1677,400.0,0.0,400.0,0.0,0.0,0.0,4631.0,400.0,0.0,0.0,0.0,0
1678,1320.0,0.0,1320.0,0.0,0.0,0.0,4633.0,1320.0,0.0,0.0,0.0,0
1679,12340.0,0.0,12340.0,0.0,0.0,0.0,4635.0,12340.0,0.0,0.0,0.0,0
1680,11010.0,0.0,11010.0,0.0,0.0,0.0,4637.0,11010.0,0.0,0.0,0.0,0
1681,3360.0,0.0,3360.0,0.0,0.0,0.0,4639.0,3360.0,0.0,0.0,0.0,0
1682,2100.0,0.0,2100.0,0.0,0.0,0.0,4641.0,2100.0,0.0,0.0,0.0,0
1683,6980.0,0.0,6980.0,0.0,0.0,0.0,4643.0,6980.0,0.0,0.0,0.0,0
1684,23980.0,0.0,23980.0,0.0,0.0,0.0,4645.0,23980.0,0.0,0.0,0.0,0
1685,1075.0,0.0,1075.0,0.0,0.0,0.0,4647.0,1075.0,0.0,0.0,0.0,0
1686,23300.0,0.0,23300.0,0.0,0.0,0.0,4649.0,23300.0,0.0,0.0,0.0,0
1687,1665.0,0.0,1665.0,0.0,0.0,0.0,4652.0,1665.0,0.0,0.0,0.0,0
1688,6205.0,0.0,6205.0,0.0,0.0,0.0,4653.0,6205.0,0.0,0.0,0.0,0
1689,6160.0,0.0,6160.0,0.0,0.0,0.0,4655.0,6160.0,0.0,0.0,0.0,0
1690,3830.0,0.0,3830.0,0.0,0.0,0.0,4656.0,3830.0,0.0,0.0,0.0,0
1691,2080.0,0.0,2080.0,0.0,0.0,0.0,4661.0,2080.0,0.0,0.0,0.0,0
1692,840.0,0.0,840.0,0.0,0.0,0.0,4663.0,840.0,0.0,0.0,0.0,0
1693,40950.0,40950.0,0.0,7.0,0.0,0.0,4665.0,40950.0,0.0,7.0,0.0,0
1694,5458.0,0.0,5458.0,7.0,0.0,0.0,4667.0,5458.0,0.0,7.0,0.0,0
1695,500.0,0.0,500.0,7.0,0.0,0.0,4669.0,500.0,0.0,7.0,0.0,0
1696,3005.0,0.0,3005.0,7.0,0.0,0.0,4670.0,3005.0,0.0,7.0,0.0,0
1697,2800.0,0.0,2800.0,7.0,0.0,0.0,4671.0,2800.0,0.0,7.0,0.0,0
1698,4230.0,0.0,4230.0,7.0,0.0,0.0,4675.0,4230.0,0.0,7.0,0.0,0
1699,6110.0,0.0,6110.0,7.0,0.0,0.0,4676.0,6110.0,0.0,7.0,0.0,0
1700,16000.0,0.0,16000.0,7.0,0.0,0.0,4677.0,16000.0,0.0,7.0,0.0,0
1701,7300.0,7300.0,0.0,7.0,0.0,0.0,4678.0,7300.0,0.0,7.0,0.0,0
1702,4225.0,4225.0,0.0,7.0,0.0,0.0,4679.0,4225.0,0.0,7.0,0.0,0
1703,10040.0,0.0,10040.0,7.0,0.0,0.0,4680.0,10040.0,0.0,7.0,0.0,0
1704,5275.0,0.0,5275.0,7.0,0.0,0.0,4681.0,5275.0,0.0,7.0,0.0,0
1705,2560.0,0.0,2560.0,7.0,0.0,0.0,4682.0,2560.0,0.0,7.0,0.0,0
1706,4850.0,0.0,4850.0,7.0,0.0,0.0,4683.0,4850.0,0.0,7.0,0.0,0
1707,2910.0,0.0,2910.0,7.0,0.0,0.0,4684.0,2910.0,0.0,7.0,0.0,0
1708,5780.0,0.0,5780.0,7.0,0.0,0.0,4685.0,5780.0,0.0,7.0,0.0,0
1709,21900.0,0.0,21900.0,7.0,0.0,0.0,4686.0,21900.0,0.0,7.0,0.0,0
1710,660.0,0.0,660.0,7.0,0.0,0.0,4687.0,660.0,0.0,7.0,0.0,0
1711,26760.0,0.0,26760.0,7.0,0.0,0.0,4688.0,26760.0,0.0,7.0,0.0,0
1712,3650.0,0.0,3650.0,7.0,0.0,0.0,4689.0,3650.0,0.0,7.0,0.0,0
1713,680.0,0.0,680.0,7.0,0.0,0.0,4690.0,680.0,0.0,7.0,0.0,0
1714,985.0,0.0,985.0,7.0,0.0,0.0,4692.0,985.0,0.0,7.0,0.0,0
1715,12830.0,0.0,12830.0,7.0,0.0,0.0,4694.0,12830.0,0.0,7.0,0.0,0
1716,3570.0,0.0,3570.0,7.0,0.0,0.0,4696.0,3570.0,0.0,7.0,0.0,0
1717,1995.0,0.0,1995.0,7.0,0.0,0.0,4698.0,1995.0,0.0,7.0,0.0,0
1718,3125.0,0.0,3125.0,7.0,0.0,0.0,4700.0,3125.0,0.0,7.0,0.0,0
1719,2440.0,0.0,2440.0,7.0,0.0,0.0,4702.0,2440.0,0.0,7.0,0.0,0
1720,1300.0,0.0,1300.0,7.0,0.0,0.0,4703.0,1300.0,0.0,7.0,0.0,0
1721,2810.0,0.0,2810.0,7.0,0.0,0.0,4704.0,2810.0,0.0,7.0,0.0,0
1722,710.0,0.0,710.0,7.0,0.0,0.0,4705.0,710.0,0.0,7.0,0.0,0
1723,4560.0,0.0,4560.0,7.0,0.0,0.0,4706.0,4560.0,0.0,7.0,0.0,0
1724,6520.0,0.0,6520.0,7.0,0.0,0.0,4707.0,6520.0,0.0,7.0,0.0,0
1725,4400.0,4400.0,0.0,7.0,0.0,0.0,4708.0,4400.0,0.0,7.0,0.0,0
1726,1500.0,0.0,1500.0,7.0,0.0,0.0,4710.0,1500.0,0.0,7.0,0.0,0
1727,2700.0,0.0,2700.0,7.0,0.0,0.0,4714.0,2700.0,0.0,7.0,0.0,0
1728,4640.0,0.0,4640.0,7.0,0.0,0.0,4715.0,4640.0,0.0,7.0,0.0,0
1729,4180.0,0.0,4180.0,7.0,0.0,0.0,4717.0,4180.0,0.0,7.0,0.0,0
1730,18820.0,0.0,18820.0,7.0,0.0,0.0,4719.0,18820.0,0.0,7.0,0.0,0
1731,11600.0,0.0,11600.0,7.0,0.0,0.0,4720.0,11600.0,0.0,7.0,0.0,0
1732,3990.0,0.0,3990.0,7.0,0.0,0.0,4722.0,3990.0,0.0,7.0,0.0,0
1733,29065.0,0.0,29065.0,7.0,0.0,0.0,4723.0,29065.0,0.0,7.0,0.0,0
1734,8320.0,0.0,8320.0,7.0,0.0,0.0,4726.0,8320.0,0.0,7.0,0.0,0
1735,4750.0,0.0,4750.0,7.0,0.0,0.0,4727.0,4750.0,0.0,7.0,0.0,0
1736,760.0,760.0,0.0,7.0,0.0,0.0,4728.0,760.0,0.0,7.0,0.0,0
1737,1520.0,1520.0,0.0,7.0,0.0,0.0,4730.0,1520.0,0.0,7.0,0.0,0
1738,5880.0,0.0,5880.0,7.0,0.0,0.0,4732.0,5880.0,0.0,7.0,0.0,0
1739,7830.0,0.0,7830.0,7.0,0.0,0.0,4735.0,7830.0,2.0,42.0,165.0,0
1740,5085.0,5085.0,0.0,7.0,0.0,0.0,4736.0,5085.0,3.0,28.0,325.0,0
1741,20450.0,0.0,20450.0,7.0,0.0,0.0,4738.0,20450.0,3.0,63.0,405.0,0
1742,-11000.0,0.0,-11000.0,7.0,0.0,0.0,4741.0,-11000.0,0.0,7.0,0.0,0
1743,6090.0,0.0,6090.0,7.0,0.0,0.0,4742.0,6090.0,3.0,21.0,325.0,0
1744,1190.0,0.0,1190.0,7.0,0.0,0.0,4743.0,1190.0,2.0,6.0,165.0,0
1745,1655.0,0.0,1655.0,7.0,0.0,0.0,4744.0,1655.0,1.0,7.0,165.0,0
1746,1750.0,0.0,1750.0,7.0,0.0,0.0,4746.0,1750.0,2.0,5.0,165.0,0
1747,1330.0,0.0,1330.0,7.0,0.0,0.0,4747.0,1330.0,3.0,21.0,60.0,0
1748,32000.0,0.0,32000.0,7.0,0.0,0.0,4750.0,39500.0,0.0,7.0,0.0,0
1749,17400.0,0.0,17400.0,7.0,0.0,0.0,4751.0,17400.0,2.0,10.0,205.0,0
1750,200.0,0.0,200.0,0.0,0.0,0.0,19.0,200.0,0.0,0.0,0.0,0
1751,,0.0,0.0,0.0,0.0,0.0,22.0,0.0,0.0,0.0,0.0,0
