ID,Scope of Work,Labor Type,Labor Rate,Labor Hours,Total Labor Cost,Material Type,Material Cost,Approved,Total
1,,1,165,12,1980,4,450,1,2430
2,,1,165,18,2970,2,250,0,3220
3,,3,205,9,1845,4,450,0,2295
4,,2,160,18,2880,5,550,1,3430
5,,4,200,5,1000,5,550,0,1550
6,,2,160,6,960,2,250,0,1210
7,,4,200,10,2000,2,250,0,2250
8,,1,165,14,2310,4,450,0,2760
9,,1,165,13,2145,3,350,1,2495
10,,4,200,10,2000,4,450,0,2450
11,,1,165,11,1815,3,350,0,2165
12,,1,165,10,1650,2,250,0,1900
13,,1,165,15,2475,1,150,1,2625
14,,2,160,11,1760,1,150,1,1910
15,,3,205,15,3075,5,550,1,3625
16,,1,165,14,2310,1,150,1,2460
17,,3,205,6,1230,1,150,1,1380
18,,2,160,11,1760,3,350,0,2110
19,,3,205,17,3485,5,550,0,4035
20,,2,160,10,1600,4,450,0,2050
21,,2,160,6,960,4,450,1,1410
22,,3,205,16,3280,3,350,0,3630
23,,3,205,15,3075,4,450,0,3525
24,,1,165,16,2640,2,250,1,2890
25,,4,200,13,2600,1,150,0,2750
26,,3,205,5,1025,4,450,0,1475
27,,2,160,16,2560,1,150,0,2710
28,,2,160,11,1760,5,550,0,2310
29,,3,205,12,2460,1,150,0,2610
30,,4,200,18,3600,1,150,1,3750
31,,4,200,15,3000,5,550,0,3550
32,,4,200,16,3200,4,450,0,3650
33,,2,160,15,2400,2,250,1,2650
34,,2,160,12,1920,2,250,1,2170
35,,3,205,8,1640,4,450,1,2090
36,,2,160,5,800,1,150,1,950
37,,2,160,16,2560,3,350,1,2910
38,,4,200,14,2800,3,350,1,3150
39,,1,165,18,2970,3,350,0,3320
40,,2,160,14,2240,4,450,1,2690
41,,3,205,15,3075,5,550,1,3625
42,,4,200,13,2600,5,550,1,3150
43,,2,160,11,1760,3,350,0,2110
44,,3,205,12,2460,3,350,0,2810
45,,4,200,11,2200,5,550,0,2750
46,,3,205,7,1435,5,550,1,1985
47,,2,160,12,1920,4,450,1,2370
48,,3,205,8,1640,1,150,1,1790
49,,2,160,13,2080,4,450,0,2530
50,,4,200,14,2800,3,350,0,3150
51,,1,165,11,1815,5,550,1,2365
52,,4,200,12,2400,1,150,0,2550
53,,3,205,17,3485,5,550,0,4035
54,,4,200,18,3600,3,350,1,3950
55,,3,205,10,2050,5,550,1,2600
56,,3,205,18,3690,2,250,0,3940
57,,3,205,13,2665,2,250,1,2915
58,,1,165,6,990,3,350,0,1340
59,,1,165,13,2145,5,550,1,2695
60,,4,200,5,1000,1,150,1,1150
61,,4,200,12,2400,3,350,1,2750
62,,2,160,5,800,3,350,1,1150
63,,3,205,18,3690,3,350,1,4040
64,,1,165,14,2310,4,450,1,2760
65,,3,205,16,3280,1,150,1,3430
66,,4,200,18,3600,5,550,0,4150
67,,2,160,16,2560,2,250,0,2810
68,,2,160,7,1120,5,550,0,1670
69,,3,205,6,1230,4,450,0,1680
70,,4,200,15,3000,5,550,0,3550
71,,1,165,18,2970,5,550,1,3520
72,,4,200,13,2600,3,350,1,2950
73,,4,200,12,2400,4,450,0,2850
74,,3,205,12,2460,3,350,0,2810
75,,2,160,11,1760,4,450,0,2210
76,,3,205,8,1640,2,250,0,1890
77,,1,165,8,1320,4,450,1,1770
78,,2,160,12,1920,3,350,0,2270
79,,4,200,10,2000,1,150,1,2150
80,,1,165,11,1815,3,350,1,2165
81,,1,165,11,1815,5,550,0,2365
82,,2,160,5,800,3,350,1,1150
83,,1,165,16,2640,2,250,0,2890
84,,3,205,12,2460,2,250,1,2710
85,,1,165,8,1320,4,450,0,1770
86,,1,165,11,1815,1,150,0,1965
87,,3,205,13,2665,1,150,0,2815
88,,3,205,5,1025,3,350,0,1375
89,,4,200,18,3600,1,150,1,3750
90,,2,160,7,1120,5,550,0,1670
91,,2,160,9,1440,3,350,1,1790
92,,2,160,12,1920,5,550,1,2470
93,,1,165,14,2310,2,250,0,2560
94,,4,200,5,1000,4,450,1,1450
95,,4,200,9,1800,2,250,1,2050
96,,2,160,15,2400,5,550,0,2950
97,,2,160,14,2240,5,550,0,2790
98,,1,165,14,2310,2,250,1,2560
99,,3,205,10,2050,3,350,0,2400
100,,3,205,6,1230,5,550,0,1780
101,,2,160,7,1120,5,550,1,1670
102,,3,205,13,2665,4,450,1,3115
103,,3,205,16,3280,4,450,1,3730
104,,4,200,8,1600,1,150,0,1750
105,,3,205,7,1435,1,150,0,1585
106,,2,160,9,1440,4,450,0,1890
107,,2,160,17,2720,3,350,0,3070
108,,4,200,10,2000,5,550,0,2550
109,,2,160,12,1920,2,250,0,2170
110,,3,205,16,3280,5,550,1,3830
111,,2,160,13,2080,1,150,0,2230
112,,2,160,15,2400,4,450,0,2850
113,,3,205,14,2870,2,250,0,3120
114,,1,165,9,1485,4,450,0,1935
115,,4,200,8,1600,2,250,0,1850
116,,4,200,18,3600,3,350,0,3950
117,,2,160,10,1600,3,350,1,1950
118,,4,200,10,2000,4,450,0,2450
119,,3,205,16,3280,3,350,0,3630
120,,2,160,11,1760,4,450,0,2210
121,,4,200,5,1000,5,550,0,1550
122,,2,160,15,2400,2,250,0,2650
123,,2,160,7,1120,4,450,0,1570
124,,4,200,5,1000,5,550,1,1550
125,,3,205,5,1025,2,250,1,1275
126,,2,160,18,2880,3,350,0,3230
127,,4,200,10,2000,4,450,1,2450
128,,1,165,18,2970,4,450,1,3420
129,,2,160,18,2880,3,350,1,3230
130,,4,200,8,1600,3,350,0,1950
131,,1,165,6,990,3,350,1,1340
132,,1,165,18,2970,1,150,0,3120
133,,2,160,12,1920,1,150,0,2070
134,,2,160,17,2720,4,450,0,3170
135,,4,200,18,3600,2,250,1,3850
136,,1,165,9,1485,1,150,0,1635
137,,3,205,8,1640,3,350,1,1990
138,,2,160,16,2560,1,150,0,2710
139,,3,205,14,2870,1,150,0,3020
140,,3,205,8,1640,2,250,1,1890
141,,2,160,15,2400,4,450,1,2850
142,,3,205,18,3690,5,550,0,4240
143,,1,165,12,1980,2,250,1,2230
144,,4,200,13,2600,1,150,1,2750
145,,4,200,9,1800,2,250,0,2050
146,,3,205,6,1230,2,250,0,1480
147,,4,200,15,3000,5,550,1,3550
148,,2,160,9,1440,3,350,0,1790
149,,3,205,15,3075,4,450,0,3525
150,,4,200,9,1800,2,250,1,2050
151,,1,165,5,825,4,450,0,1275
152,,3,205,6,1230,2,250,0,1480
153,,1,165,17,2805,1,150,0,2955
154,,3,205,5,1025,5,550,1,1575
155,,2,160,17,2720,3,350,0,3070
156,,3,205,9,1845,4,450,0,2295
157,,2,160,8,1280,5,550,0,1830
158,,1,165,9,1485,5,550,0,2035
159,,3,205,5,1025,3,350,0,1375
160,,2,160,18,2880,2,250,1,3130
161,,3,205,18,3690,5,550,0,4240
162,,1,165,6,990,3,350,0,1340
163,,2,160,13,2080,2,250,1,2330
164,,3,205,9,1845,1,150,1,1995
165,,3,205,17,3485,2,250,1,3735
166,,2,160,8,1280,4,450,1,1730
167,,2,160,9,1440,3,350,0,1790
168,,2,160,5,800,4,450,0,1250
169,,3,205,17,3485,5,550,0,4035
170,,4,200,11,2200,3,350,0,2550
171,,4,200,14,2800,1,150,0,2950
172,,2,160,10,1600,2,250,1,1850
173,,3,205,17,3485,3,350,0,3835
174,,4,200,8,1600,1,150,1,1750
175,,1,165,6,990,4,450,1,1440
176,,1,165,5,825,4,450,1,1275
177,,2,160,16,2560,4,450,1,3010
178,,4,200,14,2800,3,350,0,3150
179,,1,165,13,2145,1,150,0,2295
180,,1,165,13,2145,2,250,0,2395
181,,4,200,10,2000,1,150,0,2150
182,,4,200,8,1600,5,550,1,2150
183,,2,160,6,960,1,150,1,1110
184,,1,165,16,2640,1,150,0,2790
185,,3,205,7,1435,5,550,1,1985
186,,2,160,14,2240,4,450,0,2690
187,,2,160,6,960,1,150,0,1110
188,,4,200,12,2400,4,450,0,2850
189,,1,165,6,990,4,450,0,1440
190,,4,200,14,2800,3,350,0,3150
191,,4,200,16,3200,3,350,0,3550
192,,2,160,6,960,5,550,0,1510
193,,3,205,13,2665,3,350,1,3015
194,,1,165,16,2640,5,550,1,3190
195,,3,205,11,2255,2,250,0,2505
196,,3,205,5,1025,3,350,0,1375
197,,2,160,18,2880,2,250,1,3130
198,,3,205,11,2255,2,250,1,2505
199,,2,160,11,1760,3,350,1,2110
200,,2,160,11,1760,3,350,1,2110
201,,3,205,17,3485,3,350,0,3835
202,,4,200,12,2400,4,450,0,2850
203,,1,165,18,2970,5,550,1,3520
204,,1,165,5,825,1,150,0,975
205,,1,165,14,2310,4,450,0,2760
206,,2,160,6,960,2,250,0,1210
207,,3,205,11,2255,3,350,1,2605
208,,1,165,8,1320,5,550,1,1870
209,,1,165,16,2640,1,150,1,2790
210,,4,200,15,3000,2,250,0,3250
211,,3,205,9,1845,2,250,1,2095
212,,1,165,18,2970,2,250,1,3220
213,,1,165,8,1320,3,350,0,1670
214,,1,165,17,2805,2,250,0,3055
215,,1,165,11,1815,2,250,0,2065
216,,4,200,16,3200,3,350,1,3550
217,,1,165,17,2805,4,450,0,3255
218,,1,165,17,2805,4,450,1,3255
219,,3,205,17,3485,1,150,1,3635
220,,2,160,6,960,2,250,1,1210
221,,3,205,12,2460,3,350,0,2810
222,,1,165,14,2310,4,450,0,2760
223,,3,205,17,3485,5,550,0,4035
224,,4,200,5,1000,2,250,1,1250
225,,2,160,10,1600,2,250,0,1850
226,,2,160,10,1600,3,350,1,1950
227,,4,200,9,1800,4,450,1,2250
228,,1,165,11,1815,2,250,1,2065
229,,2,160,9,1440,1,150,0,1590
230,,2,160,18,2880,5,550,1,3430
231,,3,205,8,1640,5,550,0,2190
232,,4,200,17,3400,4,450,0,3850
233,,4,200,12,2400,3,350,1,2750
234,,2,160,6,960,4,450,0,1410
235,,4,200,13,2600,5,550,1,3150
236,,2,160,5,800,4,450,1,1250
237,,3,205,11,2255,1,150,1,2405
238,,1,165,10,1650,2,250,0,1900
239,,1,165,5,825,4,450,1,1275
240,,2,160,17,2720,1,150,0,2870
241,,1,165,14,2310,2,250,0,2560
242,,4,200,10,2000,4,450,1,2450
243,,3,205,10,2050,1,150,0,2200
244,,4,200,9,1800,2,250,0,2050
245,,4,200,11,2200,3,350,0,2550
246,,4,200,7,1400,5,550,0,1950
247,,4,200,8,1600,3,350,0,1950
248,,1,165,16,2640,3,350,0,2990
249,,1,165,14,2310,5,550,1,2860
250,,3,205,7,1435,5,550,1,1985
251,,3,205,15,3075,5,550,0,3625
252,,3,205,9,1845,2,250,1,2095
253,,2,160,9,1440,3,350,0,1790
254,,3,205,9,1845,4,450,1,2295
255,,1,165,18,2970,5,550,0,3520
256,,1,165,18,2970,4,450,0,3420
257,,1,165,12,1980,3,350,0,2330
258,,3,205,9,1845,3,350,1,2195
259,,1,165,6,990,4,450,1,1440
260,,4,200,11,2200,2,250,1,2450
261,,2,160,14,2240,2,250,1,2490
262,,1,165,7,1155,5,550,0,1705
263,,3,205,15,3075,4,450,0,3525
264,,1,165,9,1485,3,350,1,1835
265,,4,200,6,1200,3,350,1,1550
266,,2,160,16,2560,1,150,0,2710
267,,1,165,5,825,1,150,1,975
268,,4,200,5,1000,1,150,0,1150
269,,2,160,5,800,1,150,1,950
270,,4,200,14,2800,1,150,0,2950
271,,3,205,11,2255,3,350,0,2605
272,,1,165,18,2970,1,150,1,3120
273,,1,165,17,2805,4,450,0,3255
274,,2,160,15,2400,4,450,1,2850
275,,3,205,6,1230,2,250,1,1480
276,,3,205,17,3485,5,550,1,4035
277,,1,165,8,1320,2,250,1,1570
278,,2,160,16,2560,3,350,0,2910
279,,2,160,5,800,5,550,0,1350
280,,3,205,14,2870,5,550,0,3420
281,,1,165,5,825,2,250,1,1075
282,,3,205,9,1845,4,450,1,2295
283,,1,165,17,2805,3,350,0,3155
284,,1,165,7,1155,4,450,1,1605
285,,2,160,10,1600,2,250,0,1850
286,,2,160,15,2400,4,450,0,2850
287,,1,165,13,2145,5,550,1,2695
288,,2,160,17,2720,2,250,1,2970
289,,3,205,18,3690,1,150,0,3840
290,,1,165,18,2970,1,150,1,3120
291,,3,205,7,1435,2,250,1,1685
292,,3,205,9,1845,3,350,0,2195
293,,4,200,6,1200,4,450,1,1650
294,,2,160,12,1920,2,250,1,2170
295,,3,205,8,1640,3,350,1,1990
296,,1,165,7,1155,3,350,0,1505
297,,4,200,7,1400,4,450,0,1850
298,,3,205,9,1845,5,550,1,2395
299,,4,200,12,2400,3,350,0,2750
300,,3,205,8,1640,2,250,0,1890
301,,1,165,18,2970,5,550,1,3520
302,,3,205,5,1025,4,450,0,1475
303,,4,200,6,1200,1,150,0,1350
304,,3,205,15,3075,4,450,1,3525
305,,3,205,11,2255,2,250,0,2505
306,,3,205,5,1025,2,250,1,1275
307,,3,205,14,2870,5,550,1,3420
308,,2,160,9,1440,2,250,0,1690
309,,2,160,18,2880,4,450,0,3330
310,,2,160,11,1760,1,150,0,1910
311,,2,160,10,1600,5,550,0,2150
312,,4,200,5,1000,3,350,1,1350
313,,2,160,11,1760,1,150,1,1910
314,,2,160,18,2880,1,150,1,3030
315,,2,160,9,1440,5,550,0,1990
316,,4,200,14,2800,5,550,0,3350
317,,1,165,13,2145,1,150,1,2295
318,,1,165,14,2310,2,250,1,2560
319,,3,205,16,3280,5,550,1,3830
320,,3,205,7,1435,2,250,1,1685
321,,3,205,18,3690,3,350,1,4040
322,,4,200,10,2000,5,550,1,2550
323,,4,200,12,2400,1,150,1,2550
324,,1,165,14,2310,5,550,1,2860
325,,2,160,16,2560,1,150,1,2710
326,,2,160,12,1920,1,150,1,2070
327,,1,165,14,2310,4,450,1,2760
328,,1,165,16,2640,4,450,0,3090
329,,2,160,17,2720,4,450,1,3170
330,,2,160,12,1920,1,150,1,2070
331,,2,160,16,2560,2,250,1,2810
332,,1,165,5,825,3,350,1,1175
333,,1,165,18,2970,3,350,0,3320
334,,2,160,16,2560,4,450,1,3010
335,,1,165,15,2475,3,350,0,2825
336,,3,205,16,3280,3,350,1,3630
337,,1,165,9,1485,3,350,1,1835
338,,4,200,18,3600,2,250,0,3850
339,,3,205,9,1845,5,550,0,2395
340,,3,205,11,2255,3,350,0,2605
341,,3,205,10,2050,1,150,0,2200
342,,1,165,17,2805,2,250,1,3055
343,,2,160,16,2560,2,250,0,2810
344,,1,165,11,1815,2,250,1,2065
345,,2,160,16,2560,1,150,0,2710
346,,4,200,7,1400,1,150,0,1550
347,,2,160,14,2240,4,450,0,2690
348,,1,165,8,1320,2,250,0,1570
349,,2,160,7,1120,4,450,0,1570
350,,1,165,16,2640,1,150,1,2790
351,,4,200,16,3200,5,550,0,3750
352,,4,200,16,3200,1,150,0,3350
353,,3,205,18,3690,1,150,0,3840
354,,4,200,8,1600,3,350,0,1950
355,,4,200,7,1400,1,150,0,1550
356,,1,165,6,990,4,450,1,1440
357,,3,205,5,1025,1,150,1,1175
358,,1,165,6,990,3,350,1,1340
359,,4,200,8,1600,1,150,1,1750
360,,2,160,11,1760,4,450,0,2210
361,,3,205,9,1845,5,550,0,2395
362,,4,200,16,3200,2,250,0,3450
363,,2,160,14,2240,1,150,0,2390
364,,3,205,10,2050,5,550,1,2600
365,,2,160,17,2720,1,150,0,2870
366,,4,200,5,1000,1,150,0,1150
367,,3,205,13,2665,1,150,1,2815
368,,2,160,17,2720,2,250,1,2970
369,,4,200,9,1800,2,250,1,2050
370,,3,205,8,1640,3,350,0,1990
371,,4,200,8,1600,2,250,0,1850
372,,3,205,6,1230,5,550,0,1780
373,,1,165,7,1155,1,150,1,1305
374,,1,165,9,1485,3,350,1,1835
375,,3,205,8,1640,1,150,0,1790
376,,4,200,18,3600,1,150,0,3750
377,,1,165,17,2805,5,550,0,3355
378,,2,160,7,1120,3,350,0,1470
379,,2,160,18,2880,4,450,0,3330
380,,2,160,14,2240,5,550,0,2790
381,,4,200,14,2800,3,350,0,3150
382,,3,205,12,2460,2,250,1,2710
383,,1,165,7,1155,2,250,0,1405
384,,1,165,17,2805,2,250,1,3055
385,,3,205,9,1845,4,450,1,2295
386,,3,205,15,3075,2,250,1,3325
387,,1,165,18,2970,3,350,1,3320
388,,4,200,18,3600,5,550,1,4150
389,,2,160,5,800,3,350,0,1150
390,,3,205,9,1845,4,450,1,2295
391,,2,160,6,960,2,250,1,1210
392,,2,160,16,2560,4,450,1,3010
393,,2,160,12,1920,2,250,0,2170
394,,3,205,12,2460,3,350,1,2810
395,,2,160,5,800,1,150,1,950
396,,1,165,16,2640,1,150,0,2790
397,,2,160,7,1120,4,450,1,1570
398,,1,165,10,1650,3,350,1,2000
399,,1,165,8,1320,2,250,1,1570
400,,1,165,11,1815,5,550,1,2365
401,,2,160,11,1760,3,350,0,2110
402,,2,160,10,1600,1,150,0,1750
403,,1,165,17,2805,5,550,1,3355
404,,1,165,11,1815,3,350,1,2165
405,,3,205,15,3075,4,450,1,3525
406,,4,200,10,2000,5,550,1,2550
407,,4,200,7,1400,3,350,0,1750
408,,1,165,5,825,5,550,0,1375
409,,4,200,16,3200,3,350,0,3550
410,,3,205,15,3075,4,450,1,3525
411,,2,160,18,2880,4,450,0,3330
412,,1,165,12,1980,1,150,0,2130
413,,2,160,5,800,3,350,0,1150
414,,1,165,7,1155,4,450,0,1605
415,,4,200,16,3200,5,550,1,3750
416,,4,200,12,2400,4,450,1,2850
417,,4,200,16,3200,4,450,1,3650
418,,1,165,14,2310,4,450,0,2760
419,,4,200,10,2000,5,550,1,2550
420,,2,160,7,1120,5,550,1,1670
421,,1,165,15,2475,2,250,1,2725
422,,4,200,16,3200,1,150,0,3350
423,,4,200,17,3400,3,350,1,3750
424,,1,165,10,1650,4,450,1,2100
425,,4,200,12,2400,3,350,0,2750
426,,3,205,14,2870,1,150,0,3020
427,,2,160,7,1120,1,150,1,1270
428,,2,160,10,1600,3,350,1,1950
429,,2,160,14,2240,2,250,1,2490
430,,3,205,10,2050,2,250,1,2300
431,,2,160,10,1600,1,150,1,1750
432,,2,160,13,2080,1,150,0,2230
433,,1,165,18,2970,2,250,1,3220
434,,4,200,16,3200,2,250,1,3450
435,,3,205,15,3075,5,550,1,3625
436,,4,200,5,1000,5,550,1,1550
437,,2,160,7,1120,2,250,1,1370
438,,3,205,16,3280,4,450,0,3730
439,,1,165,16,2640,2,250,0,2890
440,,3,205,18,3690,2,250,0,3940
441,,1,165,12,1980,4,450,1,2430
442,,3,205,10,2050,2,250,0,2300
443,,4,200,9,1800,4,450,1,2250
444,,1,165,18,2970,2,250,0,3220
445,,2,160,13,2080,2,250,1,2330
446,,2,160,10,1600,2,250,0,1850
447,,3,205,18,3690,1,150,1,3840
448,,2,160,8,1280,1,150,1,1430
449,,1,165,17,2805,2,250,1,3055
450,,4,200,10,2000,4,450,0,2450
451,,2,160,16,2560,1,150,1,2710
452,,4,200,6,1200,5,550,1,1750
453,,3,205,9,1845,2,250,1,2095
454,,1,165,12,1980,1,150,1,2130
455,,1,165,11,1815,1,150,0,1965
456,,1,165,18,2970,2,250,1,3220
457,,1,165,12,1980,3,350,0,2330
458,,4,200,16,3200,5,550,1,3750
459,,2,160,8,1280,4,450,1,1730
460,,4,200,6,1200,4,450,0,1650
461,,2,160,12,1920,3,350,0,2270
462,,1,165,17,2805,4,450,0,3255
463,,1,165,17,2805,1,150,1,2955
464,,2,160,9,1440,3,350,1,1790
465,,4,200,7,1400,4,450,1,1850
466,,2,160,7,1120,2,250,1,1370
467,,2,160,18,2880,3,350,1,3230
468,,2,160,17,2720,2,250,0,2970
469,,2,160,12,1920,5,550,0,2470
470,,2,160,6,960,4,450,0,1410
471,,4,200,11,2200,2,250,1,2450
472,,2,160,14,2240,4,450,0,2690
473,,4,200,18,3600,3,350,0,3950
474,,4,200,6,1200,4,450,0,1650
475,,4,200,9,1800,4,450,0,2250
476,,3,205,17,3485,2,250,0,3735
477,,1,165,9,1485,3,350,0,1835
478,,4,200,6,1200,4,450,0,1650
479,,1,165,12,1980,3,350,1,2330
480,,4,200,16,3200,1,150,0,3350
481,,2,160,16,2560,4,450,1,3010
482,,4,200,9,1800,2,250,0,2050
483,,4,200,6,1200,5,550,0,1750
484,,2,160,18,2880,1,150,1,3030
485,,2,160,18,2880,2,250,1,3130
486,,1,165,11,1815,2,250,0,2065
487,,3,205,6,1230,2,250,0,1480
488,,1,165,5,825,3,350,0,1175
489,,3,205,14,2870,1,150,1,3020
490,,4,200,16,3200,2,250,1,3450
491,,1,165,7,1155,4,450,0,1605
492,,3,205,9,1845,3,350,0,2195
493,,3,205,10,2050,1,150,1,2200
494,,4,200,13,2600,1,150,0,2750
495,,1,165,15,2475,3,350,1,2825
496,,2,160,8,1280,4,450,0,1730
497,,2,160,11,1760,5,550,1,2310
498,,2,160,18,2880,1,150,0,3030
499,,1,165,10,1650,4,450,1,2100
500,,1,165,18,2970,5,550,0,3520
501,,4,200,13,2600,5,550,1,3150
502,,1,165,10,1650,1,150,1,1800
503,,4,200,10,2000,4,450,0,2450
504,,3,205,18,3690,4,450,1,4140
505,,1,165,18,2970,1,150,0,3120
506,,3,205,7,1435,3,350,1,1785
507,,2,160,15,2400,4,450,0,2850
508,,2,160,13,2080,4,450,0,2530
509,,3,205,6,1230,2,250,0,1480
510,,1,165,6,990,4,450,0,1440
511,,3,205,11,2255,3,350,1,2605
512,,4,200,10,2000,5,550,0,2550
513,,1,165,7,1155,5,550,1,1705
514,,1,165,13,2145,1,150,1,2295
515,,4,200,18,3600,1,150,0,3750
516,,3,205,6,1230,4,450,0,1680
517,,3,205,7,1435,5,550,0,1985
518,,2,160,14,2240,1,150,0,2390
519,,3,205,16,3280,4,450,1,3730
520,,1,165,6,990,2,250,1,1240
521,,1,165,13,2145,1,150,1,2295
522,,4,200,15,3000,3,350,1,3350
523,,3,205,12,2460,1,150,1,2610
524,,4,200,16,3200,3,350,0,3550
525,,2,160,18,2880,4,450,1,3330
526,,1,165,18,2970,4,450,0,3420
527,,1,165,18,2970,5,550,0,3520
528,,4,200,18,3600,2,250,0,3850
529,,4,200,18,3600,5,550,0,4150
530,,2,160,5,800,5,550,1,1350
531,,4,200,8,1600,1,150,1,1750
532,,3,205,14,2870,4,450,0,3320
533,,2,160,7,1120,3,350,1,1470
534,,3,205,14,2870,4,450,1,3320
535,,1,165,18,2970,2,250,0,3220
536,,3,205,8,1640,2,250,1,1890
537,,1,165,6,990,3,350,0,1340
538,,3,205,7,1435,5,550,0,1985
539,,4,200,7,1400,4,450,0,1850
540,,1,165,16,2640,1,150,1,2790
541,,1,165,18,2970,4,450,0,3420
542,,4,200,10,2000,4,450,1,2450
543,,4,200,5,1000,4,450,0,1450
544,,3,205,17,3485,5,550,0,4035
545,,2,160,12,1920,4,450,0,2370
546,,2,160,9,1440,4,450,0,1890
547,,3,205,10,2050,2,250,0,2300
548,,3,205,7,1435,3,350,0,1785
549,,4,200,8,1600,1,150,0,1750
550,,3,205,17,3485,2,250,1,3735
551,,3,205,7,1435,3,350,1,1785
552,,1,165,14,2310,2,250,0,2560
553,,2,160,15,2400,2,250,1,2650
554,,3,205,17,3485,2,250,0,3735
555,,4,200,17,3400,3,350,1,3750
556,,4,200,15,3000,1,150,0,3150
557,,1,165,13,2145,1,150,1,2295
558,,3,205,12,2460,1,150,0,2610
559,,4,200,7,1400,5,550,1,1950
560,,4,200,11,2200,1,150,1,2350
561,,4,200,11,2200,2,250,0,2450
562,,1,165,8,1320,3,350,0,1670
563,,1,165,7,1155,1,150,1,1305
564,,1,165,18,2970,3,350,0,3320
565,,1,165,14,2310,5,550,0,2860
566,,2,160,12,1920,1,150,0,2070
567,,1,165,10,1650,1,150,1,1800
568,,3,205,18,3690,5,550,1,4240
569,,4,200,18,3600,4,450,1,4050
570,,3,205,15,3075,4,450,1,3525
571,,3,205,5,1025,1,150,1,1175
572,,3,205,7,1435,1,150,1,1585
573,,3,205,15,3075,3,350,0,3425
574,,1,165,17,2805,5,550,0,3355
575,,3,205,7,1435,2,250,0,1685
576,,1,165,15,2475,5,550,1,3025
577,,2,160,11,1760,3,350,1,2110
578,,4,200,9,1800,4,450,0,2250
579,,1,165,8,1320,4,450,0,1770
580,,4,200,16,3200,5,550,0,3750
581,,2,160,12,1920,5,550,1,2470
582,,4,200,15,3000,1,150,1,3150
583,,1,165,14,2310,5,550,0,2860
584,,2,160,11,1760,2,250,0,2010
585,,3,205,9,1845,4,450,0,2295
586,,3,205,16,3280,1,150,0,3430
587,,2,160,5,800,1,150,0,950
588,,3,205,6,1230,5,550,0,1780
589,,3,205,11,2255,3,350,0,2605
590,,1,165,8,1320,5,550,1,1870
591,,3,205,11,2255,4,450,1,2705
592,,3,205,17,3485,3,350,1,3835
593,,4,200,13,2600,4,450,0,3050
594,,1,165,6,990,1,150,0,1140
595,,4,200,13,2600,2,250,0,2850
596,,2,160,7,1120,1,150,0,1270
597,,2,160,5,800,2,250,1,1050
598,,1,165,11,1815,1,150,0,1965
599,,3,205,14,2870,1,150,1,3020
600,,3,205,9,1845,5,550,0,2395
601,,2,160,8,1280,4,450,0,1730
602,,1,165,16,2640,1,150,1,2790
603,,1,165,13,2145,3,350,0,2495
604,,3,205,7,1435,4,450,0,1885
605,,2,160,6,960,4,450,1,1410
606,,2,160,16,2560,2,250,0,2810
607,,3,205,10,2050,3,350,0,2400
608,,2,160,11,1760,5,550,0,2310
609,,2,160,5,800,1,150,1,950
610,,2,160,15,2400,1,150,0,2550
611,,1,165,11,1815,1,150,0,1965
612,,3,205,17,3485,1,150,0,3635
613,,1,165,17,2805,3,350,0,3155
614,,4,200,5,1000,2,250,0,1250
615,,2,160,9,1440,5,550,0,1990
616,,1,165,10,1650,3,350,1,2000
617,,3,205,10,2050,3,350,0,2400
618,,2,160,15,2400,1,150,1,2550
619,,4,200,8,1600,1,150,1,1750
620,,4,200,17,3400,4,450,0,3850
621,,1,165,11,1815,1,150,0,1965
622,,2,160,18,2880,2,250,0,3130
623,,1,165,15,2475,1,150,1,2625
624,,1,165,10,1650,1,150,1,1800
625,,2,160,18,2880,4,450,0,3330
626,,3,205,5,1025,2,250,0,1275
627,,2,160,9,1440,4,450,0,1890
628,,2,160,17,2720,3,350,1,3070
629,,3,205,8,1640,5,550,1,2190
630,,2,160,9,1440,2,250,0,1690
631,,2,160,7,1120,5,550,1,1670
632,,3,205,15,3075,1,150,1,3225
633,,4,200,6,1200,2,250,1,1450
634,,3,205,13,2665,4,450,0,3115
635,,2,160,12,1920,4,450,0,2370
636,,4,200,7,1400,3,350,0,1750
637,,2,160,16,2560,1,150,0,2710
638,,2,160,10,1600,4,450,1,2050
639,,3,205,15,3075,5,550,1,3625
640,,4,200,5,1000,1,150,1,1150
641,,1,165,18,2970,4,450,0,3420
642,,4,200,5,1000,3,350,0,1350
643,,2,160,16,2560,2,250,1,2810
644,,2,160,11,1760,4,450,0,2210
645,,3,205,9,1845,3,350,0,2195
646,,1,165,11,1815,5,550,1,2365
647,,4,200,17,3400,5,550,0,3950
648,,1,165,12,1980,5,550,0,2530
649,,1,165,8,1320,4,450,0,1770
650,,3,205,12,2460,5,550,1,3010
651,,2,160,16,2560,2,250,0,2810
652,,1,165,13,2145,3,350,0,2495
653,,2,160,5,800,3,350,1,1150
654,,4,200,13,2600,4,450,1,3050
655,,1,165,14,2310,4,450,0,2760
656,,3,205,17,3485,1,150,1,3635
657,,2,160,6,960,2,250,1,1210
658,,1,165,11,1815,5,550,1,2365
659,,1,165,8,1320,4,450,1,1770
660,,1,165,18,2970,5,550,0,3520
661,,2,160,10,1600,3,350,1,1950
662,,1,165,18,2970,5,550,0,3520
663,,2,160,13,2080,4,450,0,2530
664,,4,200,7,1400,2,250,0,1650
665,,1,165,8,1320,3,350,0,1670
666,,1,165,18,2970,5,550,0,3520
667,,4,200,11,2200,5,550,0,2750
668,,2,160,10,1600,5,550,0,2150
669,,3,205,17,3485,1,150,0,3635
670,,2,160,6,960,4,450,0,1410
671,,3,205,9,1845,3,350,1,2195
672,,1,165,5,825,3,350,0,1175
673,,1,165,11,1815,4,450,1,2265
674,,1,165,10,1650,4,450,1,2100
675,,1,165,18,2970,5,550,1,3520
676,,3,205,17,3485,2,250,0,3735
677,,4,200,15,3000,5,550,1,3550
678,,4,200,9,1800,5,550,0,2350
679,,1,165,9,1485,4,450,0,1935
680,,3,205,5,1025,2,250,1,1275
681,,1,165,12,1980,4,450,0,2430
682,,4,200,6,1200,2,250,1,1450
683,,2,160,15,2400,4,450,0,2850
684,,3,205,15,3075,3,350,0,3425
685,,3,205,12,2460,5,550,1,3010
686,,3,205,8,1640,1,150,0,1790
687,,1,165,9,1485,2,250,0,1735
688,,1,165,16,2640,1,150,1,2790
689,,3,205,5,1025,1,150,0,1175
690,,1,165,12,1980,3,350,1,2330
691,,4,200,14,2800,2,250,1,3050
692,,3,205,6,1230,4,450,0,1680
693,,2,160,9,1440,2,250,0,1690
694,,3,205,10,2050,2,250,0,2300
695,,1,165,7,1155,1,150,1,1305
696,,4,200,10,2000,4,450,0,2450
697,,2,160,17,2720,2,250,0,2970
698,,4,200,9,1800,3,350,0,2150
699,,3,205,15,3075,2,250,0,3325
700,,4,200,18,3600,2,250,0,3850
701,,4,200,10,2000,3,350,0,2350
702,,4,200,15,3000,5,550,1,3550
703,,1,165,13,2145,2,250,0,2395
704,,1,165,12,1980,3,350,0,2330
705,,3,205,10,2050,1,150,1,2200
706,,3,205,8,1640,3,350,1,1990
707,,4,200,13,2600,1,150,0,2750
708,,2,160,12,1920,5,550,1,2470
709,,3,205,13,2665,4,450,0,3115
710,,1,165,13,2145,5,550,1,2695
711,,4,200,15,3000,3,350,1,3350
712,,3,205,13,2665,3,350,1,3015
713,,4,200,14,2800,4,450,0,3250
714,,1,165,17,2805,4,450,1,3255
715,,2,160,16,2560,3,350,0,2910
716,,4,200,12,2400,1,150,1,2550
717,,2,160,11,1760,5,550,0,2310
718,,4,200,11,2200,5,550,1,2750
719,,2,160,11,1760,3,350,0,2110
720,,3,205,9,1845,2,250,0,2095
721,,3,205,14,2870,5,550,1,3420
722,,1,165,18,2970,5,550,1,3520
723,,3,205,9,1845,4,450,0,2295
724,,3,205,10,2050,4,450,1,2500
725,,4,200,10,2000,2,250,1,2250
726,,1,165,16,2640,2,250,0,2890
727,,1,165,7,1155,1,150,1,1305
728,,3,205,10,2050,5,550,1,2600
729,,3,205,13,2665,1,150,0,2815
730,,4,200,16,3200,5,550,0,3750
731,,4,200,16,3200,1,150,0,3350
732,,2,160,13,2080,3,350,1,2430
733,,2,160,15,2400,2,250,1,2650
734,,4,200,8,1600,5,550,0,2150
735,,1,165,8,1320,1,150,1,1470
736,,3,205,15,3075,5,550,1,3625
737,,2,160,10,1600,2,250,0,1850
738,,2,160,16,2560,3,350,1,2910
739,,3,205,14,2870,1,150,1,3020
740,,1,165,12,1980,2,250,1,2230
741,,2,160,11,1760,4,450,0,2210
742,,2,160,12,1920,5,550,0,2470
743,,3,205,12,2460,3,350,1,2810
744,,3,205,9,1845,2,250,0,2095
745,,2,160,11,1760,4,450,1,2210
746,,4,200,12,2400,5,550,1,2950
747,,4,200,17,3400,1,150,0,3550
748,,2,160,6,960,5,550,1,1510
749,,3,205,12,2460,5,550,0,3010
750,,3,205,18,3690,2,250,1,3940
751,,1,165,18,2970,3,350,1,3320
752,,1,165,7,1155,1,150,0,1305
753,,4,200,18,3600,5,550,0,4150
754,,4,200,17,3400,3,350,1,3750
755,,3,205,7,1435,3,350,1,1785
756,,3,205,7,1435,3,350,1,1785
757,,4,200,11,2200,5,550,0,2750
758,,1,165,6,990,4,450,0,1440
759,,3,205,14,2870,3,350,0,3220
760,,1,165,9,1485,1,150,1,1635
761,,1,165,13,2145,3,350,0,2495
762,,2,160,17,2720,3,350,0,3070
763,,1,165,13,2145,3,350,1,2495
764,,2,160,6,960,2,250,0,1210
765,,3,205,17,3485,2,250,1,3735
766,,3,205,6,1230,5,550,0,1780
767,,3,205,9,1845,3,350,0,2195
768,,2,160,7,1120,5,550,1,1670
769,,4,200,8,1600,1,150,1,1750
770,,3,205,11,2255,5,550,0,2805
771,,1,165,13,2145,1,150,0,2295
772,,4,200,10,2000,3,350,0,2350
773,,3,205,13,2665,4,450,0,3115
774,,2,160,17,2720,5,550,0,3270
775,,3,205,14,2870,2,250,0,3120
776,,2,160,13,2080,5,550,1,2630
777,,1,165,16,2640,5,550,1,3190
778,,4,200,17,3400,2,250,1,3650
779,,3,205,6,1230,1,150,0,1380
780,,1,165,17,2805,2,250,1,3055
781,,2,160,8,1280,5,550,1,1830
782,,3,205,14,2870,1,150,1,3020
783,,4,200,13,2600,4,450,0,3050
784,,1,165,6,990,1,150,0,1140
785,,2,160,15,2400,1,150,0,2550
786,,1,165,11,1815,4,450,1,2265
787,,3,205,7,1435,2,250,0,1685
788,,4,200,9,1800,5,550,0,2350
789,,4,200,5,1000,3,350,0,1350
790,,3,205,18,3690,3,350,1,4040
791,,3,205,12,2460,1,150,1,2610
792,,4,200,10,2000,4,450,1,2450
793,,2,160,16,2560,3,350,0,2910
794,,3,205,8,1640,3,350,1,1990
795,,2,160,13,2080,2,250,0,2330
796,,1,165,8,1320,4,450,1,1770
797,,3,205,17,3485,4,450,0,3935
798,,3,205,14,2870,3,350,0,3220
799,,2,160,10,1600,4,450,1,2050
800,,4,200,18,3600,3,350,0,3950
801,,1,165,18,2970,5,550,0,3520
802,,3,205,17,3485,5,550,0,4035
803,,1,165,13,2145,5,550,1,2695
804,,1,165,6,990,5,550,1,1540
805,,4,200,18,3600,4,450,0,4050
806,,2,160,5,800,3,350,1,1150
807,,4,200,11,2200,4,450,1,2650
808,,4,200,6,1200,4,450,1,1650
809,,2,160,12,1920,2,250,0,2170
810,,1,165,10,1650,3,350,0,2000
811,,4,200,8,1600,3,350,0,1950
812,,1,165,6,990,2,250,0,1240
813,,4,200,12,2400,2,250,0,2650
814,,4,200,14,2800,3,350,1,3150
815,,4,200,15,3000,3,350,0,3350
816,,2,160,17,2720,1,150,1,2870
817,,4,200,8,1600,1,150,1,1750
818,,4,200,8,1600,4,450,0,2050
819,,1,165,8,1320,3,350,0,1670
820,,4,200,10,2000,1,150,0,2150
821,,3,205,7,1435,4,450,0,1885
822,,2,160,18,2880,5,550,1,3430
823,,2,160,13,2080,3,350,1,2430
824,,1,165,12,1980,5,550,0,2530
825,,1,165,5,825,3,350,1,1175
826,,4,200,15,3000,3,350,0,3350
827,,3,205,16,3280,5,550,1,3830
828,,2,160,9,1440,2,250,0,1690
829,,4,200,7,1400,3,350,1,1750
830,,4,200,10,2000,4,450,1,2450
831,,4,200,7,1400,4,450,0,1850
832,,4,200,15,3000,4,450,0,3450
833,,1,165,12,1980,5,550,0,2530
834,,3,205,8,1640,5,550,0,2190
835,,3,205,12,2460,3,350,1,2810
836,,4,200,14,2800,2,250,1,3050
837,,1,165,8,1320,4,450,0,1770
838,,1,165,7,1155,4,450,1,1605
839,,2,160,7,1120,3,350,0,1470
840,,1,165,9,1485,5,550,1,2035
841,,3,205,8,1640,5,550,1,2190
842,,3,205,12,2460,1,150,0,2610
843,,1,165,6,990,3,350,1,1340
844,,3,205,13,2665,1,150,0,2815
845,,2,160,14,2240,1,150,1,2390
846,,1,165,17,2805,3,350,0,3155
847,,3,205,12,2460,3,350,0,2810
848,,3,205,14,2870,1,150,1,3020
849,,3,205,13,2665,2,250,1,2915
850,,3,205,6,1230,1,150,0,1380
851,,3,205,15,3075,4,450,1,3525
852,,1,165,13,2145,3,350,0,2495
853,,4,200,15,3000,5,550,1,3550
854,,4,200,17,3400,1,150,0,3550
855,,1,165,7,1155,4,450,0,1605
856,,4,200,9,1800,2,250,0,2050
857,,4,200,14,2800,2,250,1,3050
858,,3,205,12,2460,4,450,0,2910
859,,1,165,14,2310,3,350,1,2660
860,,3,205,10,2050,2,250,0,2300
861,,1,165,14,2310,1,150,0,2460
862,,3,205,8,1640,5,550,0,2190
863,,3,205,9,1845,5,550,0,2395
864,,3,205,6,1230,4,450,1,1680
865,,1,165,5,825,1,150,0,975
866,,2,160,13,2080,1,150,1,2230
867,,2,160,13,2080,1,150,1,2230
868,,4,200,17,3400,4,450,0,3850
869,,1,165,13,2145,1,150,1,2295
870,,1,165,8,1320,1,150,0,1470
871,,1,165,9,1485,4,450,1,1935
872,,1,165,10,1650,2,250,0,1900
873,,1,165,11,1815,5,550,1,2365
874,,2,160,10,1600,5,550,1,2150
875,,1,165,8,1320,4,450,1,1770
876,,2,160,18,2880,2,250,0,3130
877,,4,200,14,2800,4,450,0,3250
878,,4,200,10,2000,5,550,0,2550
879,,1,165,13,2145,4,450,0,2595
880,,1,165,11,1815,1,150,0,1965
881,,3,205,5,1025,3,350,0,1375
882,,2,160,8,1280,3,350,1,1630
883,,1,165,6,990,5,550,0,1540
884,,3,205,12,2460,3,350,0,2810
885,,1,165,7,1155,4,450,1,1605
886,,4,200,9,1800,1,150,1,1950
887,,1,165,15,2475,1,150,0,2625
888,,3,205,11,2255,4,450,1,2705
889,,3,205,15,3075,1,150,1,3225
890,,3,205,7,1435,2,250,1,1685
891,,1,165,12,1980,2,250,1,2230
892,,4,200,16,3200,2,250,1,3450
893,,3,205,11,2255,4,450,1,2705
894,,4,200,14,2800,2,250,0,3050
895,,3,205,8,1640,2,250,1,1890
896,,1,165,18,2970,2,250,0,3220
897,,1,165,13,2145,3,350,1,2495
898,,2,160,13,2080,1,150,0,2230
899,,4,200,17,3400,5,550,0,3950
900,,1,165,10,1650,1,150,0,1800
901,,2,160,13,2080,3,350,0,2430
902,,1,165,17,2805,3,350,0,3155
903,,2,160,17,2720,1,150,0,2870
904,,2,160,16,2560,1,150,0,2710
905,,2,160,11,1760,4,450,1,2210
906,,1,165,6,990,1,150,0,1140
907,,4,200,7,1400,4,450,0,1850
908,,3,205,15,3075,4,450,0,3525
909,,3,205,12,2460,5,550,0,3010
910,,1,165,14,2310,1,150,1,2460
911,,1,165,9,1485,1,150,1,1635
912,,1,165,14,2310,4,450,0,2760
913,,3,205,12,2460,5,550,1,3010
914,,1,165,11,1815,3,350,0,2165
915,,1,165,8,1320,3,350,0,1670
916,,2,160,6,960,2,250,1,1210
917,,4,200,16,3200,4,450,1,3650
918,,1,165,16,2640,5,550,1,3190
919,,2,160,6,960,5,550,1,1510
920,,2,160,9,1440,2,250,0,1690
921,,2,160,14,2240,2,250,1,2490
922,,3,205,15,3075,1,150,0,3225
923,,2,160,11,1760,1,150,0,1910
924,,3,205,13,2665,3,350,1,3015
925,,1,165,6,990,1,150,1,1140
926,,2,160,12,1920,2,250,1,2170
927,,1,165,5,825,3,350,0,1175
928,,1,165,17,2805,4,450,1,3255
929,,3,205,13,2665,5,550,1,3215
930,,2,160,10,1600,3,350,0,1950
931,,2,160,12,1920,1,150,1,2070
932,,2,160,13,2080,2,250,1,2330
933,,4,200,18,3600,5,550,1,4150
934,,4,200,7,1400,2,250,0,1650
935,,3,205,7,1435,2,250,1,1685
936,,1,165,14,2310,4,450,0,2760
937,,3,205,11,2255,4,450,1,2705
938,,1,165,11,1815,5,550,1,2365
939,,2,160,9,1440,4,450,0,1890
940,,3,205,10,2050,5,550,1,2600
941,,4,200,6,1200,1,150,1,1350
942,,2,160,12,1920,3,350,0,2270
943,,4,200,5,1000,1,150,1,1150
944,,4,200,11,2200,4,450,0,2650
945,,3,205,12,2460,1,150,0,2610
946,,4,200,17,3400,3,350,1,3750
947,,3,205,7,1435,4,450,0,1885
948,,1,165,11,1815,5,550,1,2365
949,,3,205,8,1640,2,250,1,1890
950,,1,165,16,2640,1,150,1,2790
951,,1,165,8,1320,1,150,0,1470
952,,3,205,13,2665,4,450,1,3115
953,,3,205,13,2665,4,450,1,3115
954,,3,205,7,1435,1,150,0,1585
955,,2,160,13,2080,3,350,0,2430
956,,4,200,9,1800,1,150,1,1950
957,,2,160,9,1440,2,250,1,1690
958,,1,165,9,1485,2,250,1,1735
959,,2,160,6,960,4,450,0,1410
960,,2,160,16,2560,3,350,1,2910
961,,2,160,7,1120,4,450,1,1570
962,,4,200,18,3600,2,250,1,3850
963,,3,205,14,2870,5,550,1,3420
964,,3,205,5,1025,3,350,1,1375
965,,4,200,6,1200,4,450,1,1650
966,,4,200,16,3200,4,450,1,3650
967,,3,205,8,1640,1,150,1,1790
968,,3,205,7,1435,2,250,1,1685
969,,3,205,18,3690,3,350,0,4040
970,,3,205,7,1435,1,150,1,1585
971,,4,200,18,3600,1,150,0,3750
972,,2,160,12,1920,5,550,0,2470
973,,2,160,5,800,2,250,0,1050
974,,4,200,13,2600,4,450,0,3050
975,,3,205,8,1640,2,250,1,1890
976,,3,205,13,2665,2,250,1,2915
977,,4,200,12,2400,3,350,0,2750
978,,3,205,13,2665,5,550,0,3215
979,,2,160,6,960,4,450,0,1410
980,,1,165,18,2970,1,150,0,3120
981,,4,200,13,2600,5,550,0,3150
982,,3,205,15,3075,5,550,1,3625
983,,1,165,9,1485,1,150,0,1635
984,,4,200,13,2600,2,250,1,2850
985,,2,160,14,2240,4,450,1,2690
986,,1,165,17,2805,4,450,0,3255
987,,3,205,7,1435,2,250,0,1685
988,,4,200,14,2800,1,150,1,2950
989,,3,205,15,3075,5,550,0,3625
990,,1,165,17,2805,1,150,1,2955
991,,1,165,16,2640,1,150,1,2790
992,,4,200,12,2400,2,250,0,2650
993,,4,200,5,1000,1,150,0,1150
994,,2,160,9,1440,1,150,1,1590
995,,2,160,6,960,5,550,1,1510
996,,3,205,5,1025,1,150,1,1175
997,,1,165,18,2970,2,250,0,3220
998,,1,165,7,1155,4,450,1,1605
999,,2,160,12,1920,5,550,1,2470
1000,,3,205,6,1230,2,250,0,1480
1001,,1,165,8,1320,1,150,0,1470
1002,,2,160,18,2880,1,150,1,3030
1003,,4,200,11,2200,2,250,0,2450
1004,,2,160,11,1760,3,350,0,2110
1005,,4,200,17,3400,3,350,0,3750
1006,,4,200,5,1000,1,150,0,1150
1007,,4,200,13,2600,3,350,1,2950
1008,,2,160,8,1280,3,350,1,1630
1009,,3,205,14,2870,3,350,0,3220
1010,,4,200,15,3000,2,250,1,3250
1011,,1,165,16,2640,2,250,1,2890
1012,,3,205,16,3280,2,250,1,3530
1013,,1,165,18,2970,1,150,0,3120
1014,,4,200,12,2400,2,250,1,2650
1015,,2,160,18,2880,2,250,0,3130
1016,,1,165,8,1320,1,150,0,1470
1017,,1,165,18,2970,2,250,0,3220
1018,,2,160,15,2400,1,150,1,2550
1019,,4,200,17,3400,3,350,0,3750
1020,,1,165,8,1320,3,350,0,1670
1021,,4,200,10,2000,2,250,0,2250
1022,,3,205,5,1025,2,250,0,1275
1023,,3,205,5,1025,2,250,0,1275
1024,,4,200,9,1800,2,250,1,2050
1025,,3,205,8,1640,2,250,1,1890
1026,,2,160,10,1600,3,350,0,1950
1027,,3,205,13,2665,3,350,0,3015
1028,,4,200,15,3000,3,350,1,3350
1029,,1,165,7,1155,3,350,0,1505
1030,,4,200,11,2200,3,350,1,2550
1031,,1,165,14,2310,3,350,1,2660
1032,,4,200,18,3600,3,350,0,3950
1033,,3,205,18,3690,1,150,0,3840
1034,,4,200,5,1000,3,350,0,1350
1035,,2,160,16,2560,2,250,0,2810
1036,,4,200,12,2400,1,150,0,2550
1037,,1,165,16,2640,2,250,1,2890
1038,,2,160,11,1760,1,150,0,1910
1039,,4,200,8,1600,2,250,0,1850
1040,,1,165,10,1650,1,150,1,1800
1041,,4,200,10,2000,3,350,0,2350
1042,,2,160,6,960,1,150,1,1110
1043,,3,205,16,3280,3,350,1,3630
1044,,2,160,12,1920,1,150,0,2070
1045,,4,200,7,1400,2,250,1,1650
1046,,1,165,11,1815,3,350,0,2165
1047,,2,160,11,1760,1,150,0,1910
1048,,4,200,17,3400,3,350,1,3750
1049,,4,200,5,1000,1,150,1,1150
1050,,3,205,5,1025,2,250,1,1275
1051,,2,160,12,1920,3,350,1,2270
1052,,4,200,9,1800,3,350,1,2150
1053,,4,200,5,1000,1,150,0,1150
1054,,2,160,15,2400,2,250,1,2650
1055,,4,200,11,2200,1,150,1,2350
1056,,4,200,18,3600,2,250,0,3850
1057,,2,160,17,2720,2,250,0,2970
1058,,3,205,18,3690,3,350,1,4040
1059,,1,165,14,2310,1,150,1,2460
1060,,4,200,14,2800,2,250,0,3050
1061,,1,165,11,1815,1,150,1,1965
1062,,1,165,16,2640,2,250,1,2890
1063,,4,200,14,2800,3,350,1,3150
1064,,1,165,7,1155,2,250,1,1405
1065,,1,165,15,2475,2,250,1,2725
1066,,1,165,18,2970,3,350,0,3320
1067,,3,205,12,2460,2,250,1,2710
1068,,3,205,10,2050,1,150,0,2200
1069,,2,160,5,800,2,250,1,1050
1070,,4,200,17,3400,2,250,1,3650
1071,,3,205,6,1230,3,350,1,1580
1072,,1,165,7,1155,3,350,0,1505
1073,,2,160,6,960,3,350,1,1310
1074,,3,205,7,1435,3,350,1,1785
1075,,3,205,7,1435,1,150,1,1585
1076,,4,200,15,3000,2,250,1,3250
1077,,2,160,17,2720,1,150,0,2870
1078,,1,165,5,825,3,350,0,1175
1079,,3,205,18,3690,1,150,1,3840
1080,,4,200,18,3600,3,350,1,3950
1081,,3,205,11,2255,2,250,1,2505
1082,,4,200,6,1200,2,250,0,1450
1083,,3,205,16,3280,3,350,1,3630
1084,,4,200,6,1200,2,250,1,1450
1085,,1,165,9,1485,3,350,1,1835
1086,,4,200,8,1600,1,150,1,1750
1087,,1,165,11,1815,2,250,0,2065
1088,,3,205,10,2050,1,150,0,2200
1089,,2,160,5,800,3,350,1,1150
1090,,1,165,15,2475,2,250,1,2725
1091,,1,165,14,2310,2,250,0,2560
1092,,2,160,15,2400,3,350,0,2750
1093,,4,200,11,2200,3,350,1,2550
1094,,1,165,7,1155,1,150,1,1305
1095,,1,165,6,990,1,150,1,1140
1096,,3,205,7,1435,2,250,1,1685
1097,,4,200,16,3200,3,350,0,3550
1098,,1,165,12,1980,3,350,0,2330
1099,,1,165,9,1485,2,250,0,1735
1100,,4,200,18,3600,1,150,0,3750
1101,,1,165,16,2640,3,350,1,2990
1102,,1,165,10,1650,3,350,1,2000
1103,,3,205,11,2255,2,250,0,2505
1104,,3,205,18,3690,3,350,1,4040
1105,,3,205,12,2460,2,250,0,2710
1106,,4,200,12,2400,2,250,0,2650
1107,,4,200,5,1000,3,350,0,1350
1108,,1,165,16,2640,1,150,1,2790
1109,,4,200,15,3000,3,350,1,3350
1110,,2,160,7,1120,3,350,1,1470
1111,,3,205,16,3280,1,150,1,3430
1112,,4,200,5,1000,3,350,1,1350
1113,,2,160,5,800,2,250,0,1050
1114,,4,200,13,2600,2,250,0,2850
1115,,1,165,14,2310,2,250,1,2560
1116,,1,165,10,1650,2,250,1,1900
1117,,4,200,15,3000,2,250,1,3250
1118,,1,165,14,2310,2,250,0,2560
1119,,2,160,13,2080,1,150,0,2230
1120,,3,205,14,2870,2,250,0,3120
1121,,1,165,17,2805,3,350,1,3155
1122,,4,200,5,1000,2,250,0,1250
1123,,1,165,8,1320,3,350,0,1670
1124,,4,200,12,2400,3,350,0,2750
1125,,4,200,11,2200,1,150,0,2350
1126,,4,200,6,1200,3,350,1,1550
1127,,2,160,5,800,2,250,0,1050
1128,,1,165,13,2145,3,350,1,2495
1129,,2,160,6,960,2,250,1,1210
1130,,4,200,7,1400,3,350,0,1750
1131,,2,160,14,2240,2,250,1,2490
1132,,3,205,15,3075,2,250,1,3325
1133,,1,165,6,990,3,350,0,1340
1134,,1,165,14,2310,1,150,0,2460
1135,,3,205,6,1230,3,350,1,1580
1136,,2,160,16,2560,1,150,0,2710
1137,,3,205,18,3690,3,350,1,4040
1138,,4,200,11,2200,1,150,1,2350
1139,,2,160,5,800,3,350,0,1150
1140,,4,200,11,2200,3,350,1,2550
1141,,3,205,6,1230,3,350,1,1580
1142,,3,205,14,2870,2,250,1,3120
1143,,1,165,14,2310,3,350,0,2660
1144,,3,205,9,1845,3,350,1,2195
1145,,4,200,15,3000,1,150,0,3150
1146,,1,165,15,2475,2,250,1,2725
1147,,2,160,14,2240,1,150,0,2390
1148,,3,205,6,1230,3,350,1,1580
1149,,3,205,17,3485,2,250,0,3735
1150,,2,160,17,2720,3,350,1,3070
1151,,4,200,13,2600,2,250,1,2850
1152,,2,160,5,800,1,150,1,950
1153,,2,160,13,2080,1,150,1,2230
1154,,4,200,18,3600,2,250,0,3850
1155,,3,205,9,1845,3,350,1,2195
1156,,2,160,17,2720,1,150,0,2870
1157,,3,205,10,2050,2,250,1,2300
1158,,3,205,11,2255,2,250,0,2505
1159,,2,160,11,1760,3,350,0,2110
1160,,4,200,15,3000,2,250,1,3250
1161,,3,205,18,3690,1,150,0,3840
1162,,3,205,9,1845,2,250,1,2095
1163,,1,165,9,1485,2,250,1,1735
1164,,1,165,15,2475,2,250,1,2725
1165,,1,165,8,1320,1,150,0,1470
1166,,3,205,5,1025,1,150,1,1175
1167,,2,160,9,1440,3,350,1,1790
1168,,3,205,7,1435,1,150,0,1585
1169,,1,165,16,2640,3,350,1,2990
1170,,2,160,11,1760,2,250,0,2010
1171,,2,160,8,1280,1,150,0,1430
1172,,4,200,8,1600,3,350,1,1950
1173,,2,160,14,2240,3,350,1,2590
1174,,1,165,7,1155,2,250,0,1405
1175,,3,205,5,1025,1,150,1,1175
1176,,3,205,17,3485,1,150,0,3635
1177,,3,205,10,2050,1,150,1,2200
1178,,3,205,7,1435,2,250,0,1685
1179,,3,205,8,1640,1,150,1,1790
1180,,4,200,7,1400,2,250,1,1650
1181,,2,160,6,960,1,150,0,1110
1182,,2,160,11,1760,2,250,1,2010
1183,,3,205,5,1025,3,350,1,1375
1184,,4,200,9,1800,3,350,1,2150
1185,,4,200,14,2800,3,350,0,3150
1186,,4,200,5,1000,1,150,1,1150
1187,,3,205,12,2460,1,150,1,2610
1188,,3,205,13,2665,3,350,1,3015
1189,,1,165,14,2310,2,250,0,2560
1190,,1,165,11,1815,1,150,1,1965
1191,,3,205,14,2870,1,150,0,3020
1192,,2,160,5,800,1,150,0,950
1193,,3,205,16,3280,2,250,1,3530
1194,,4,200,8,1600,2,250,0,1850
1195,,3,205,16,3280,1,150,1,3430
1196,,4,200,12,2400,3,350,1,2750
1197,,4,200,10,2000,1,150,0,2150
1198,,2,160,9,1440,1,150,1,1590
1199,,4,200,9,1800,3,350,1,2150
1200,,3,205,7,1435,1,150,0,1585
1201,,3,205,17,3485,1,150,0,3635
1202,,4,200,17,3400,1,150,1,3550
1203,,2,160,6,960,3,350,0,1310
1204,,4,200,15,3000,3,350,0,3350
1205,,4,200,12,2400,1,150,0,2550
1206,,2,160,13,2080,2,250,1,2330
1207,,3,205,15,3075,1,150,0,3225
1208,,3,205,15,3075,1,150,1,3225
1209,,3,205,17,3485,3,350,1,3835
1210,,4,200,12,2400,2,250,1,2650
1211,,3,205,6,1230,1,150,0,1380
1212,,4,200,5,1000,3,350,0,1350
1213,,1,165,12,1980,3,350,1,2330
1214,,1,165,18,2970,3,350,1,3320
1215,,3,205,11,2255,2,250,1,2505
1216,,4,200,12,2400,3,350,1,2750
1217,,1,165,6,990,3,350,1,1340
1218,,2,160,17,2720,3,350,0,3070
1219,,3,205,5,1025,2,250,1,1275
1220,,1,165,11,1815,3,350,1,2165
1221,,3,205,11,2255,3,350,1,2605
1222,,2,160,13,2080,2,250,1,2330
1223,,4,200,15,3000,3,350,1,3350
1224,,4,200,7,1400,3,350,1,1750
1225,,3,205,18,3690,3,350,1,4040
1226,,3,205,6,1230,1,150,0,1380
1227,,2,160,15,2400,1,150,0,2550
1228,,3,205,13,2665,1,150,1,2815
1229,,4,200,7,1400,2,250,1,1650
1230,,1,165,14,2310,1,150,1,2460
1231,,2,160,5,800,3,350,0,1150
1232,,2,160,9,1440,2,250,1,1690
1233,,3,205,15,3075,2,250,1,3325
1234,,3,205,13,2665,3,350,1,3015
1235,,1,165,18,2970,2,250,1,3220
1236,,2,160,9,1440,2,250,0,1690
1237,,3,205,11,2255,3,350,1,2605
1238,,1,165,7,1155,2,250,1,1405
1239,,1,165,9,1485,3,350,0,1835
1240,,3,205,15,3075,3,350,1,3425
1241,,1,165,14,2310,2,250,1,2560
1242,,3,205,5,1025,2,250,1,1275
1243,,4,200,5,1000,3,350,0,1350
1244,,4,200,13,2600,2,250,0,2850
1245,,2,160,15,2400,3,350,0,2750
1246,,3,205,10,2050,1,150,0,2200
1247,,3,205,11,2255,3,350,1,2605
1248,,4,200,12,2400,3,350,0,2750
1249,,1,165,15,2475,2,250,0,2725
1250,,1,165,17,2805,1,150,0,2955
1251,,3,205,10,2050,3,350,1,2400
1252,,1,165,14,2310,3,350,1,2660
1253,,2,160,16,2560,2,250,0,2810
1254,,4,200,7,1400,3,350,1,1750
1255,,3,205,15,3075,2,250,0,3325
1256,,1,165,8,1320,1,150,1,1470
1257,,2,160,5,800,3,350,0,1150
1258,,2,160,5,800,2,250,0,1050
1259,,3,205,18,3690,1,150,0,3840
1260,,3,205,15,3075,3,350,0,3425
1261,,3,205,17,3485,3,350,0,3835
1262,,1,165,17,2805,2,250,1,3055
1263,,2,160,5,800,3,350,1,1150
1264,,1,165,13,2145,3,350,1,2495
1265,,2,160,18,2880,2,250,1,3130
1266,,3,205,6,1230,3,350,1,1580
1267,,4,200,9,1800,3,350,1,2150
1268,,2,160,18,2880,2,250,1,3130
1269,,4,200,11,2200,1,150,1,2350
1270,,4,200,5,1000,3,350,1,1350
1271,,4,200,17,3400,3,350,0,3750
1272,,3,205,17,3485,1,150,1,3635
1273,,3,205,13,2665,1,150,0,2815
1274,,4,200,7,1400,2,250,0,1650
1275,,4,200,12,2400,1,150,0,2550
1276,,3,205,13,2665,1,150,1,2815
1277,,3,205,14,2870,3,350,0,3220
1278,,3,205,9,1845,1,150,1,1995
1279,,4,200,13,2600,1,150,0,2750
1280,,4,200,13,2600,1,150,0,2750
1281,,1,165,13,2145,2,250,1,2395
1282,,1,165,16,2640,3,350,1,2990
1283,,1,165,16,2640,2,250,1,2890
1284,,3,205,18,3690,3,350,1,4040
1285,,4,200,14,2800,1,150,0,2950
1286,,3,205,13,2665,2,250,1,2915
1287,,1,165,18,2970,2,250,1,3220
1288,,4,200,7,1400,3,350,1,1750
1289,,1,165,11,1815,1,150,1,1965
1290,,1,165,17,2805,2,250,1,3055
1291,,3,205,17,3485,2,250,0,3735
1292,,4,200,9,1800,3,350,1,2150
1293,,1,165,18,2970,2,250,0,3220
1294,,4,200,13,2600,3,350,0,2950
1295,,4,200,9,1800,2,250,0,2050
1296,,1,165,14,2310,3,350,1,2660
1297,,3,205,17,3485,1,150,0,3635
1298,,4,200,17,3400,1,150,0,3550
1299,,3,205,6,1230,2,250,0,1480
1300,,1,165,10,1650,1,150,0,1800
1301,,3,205,12,2460,3,350,0,2810
1302,,1,165,14,2310,2,250,1,2560
1303,,2,160,18,2880,2,250,1,3130
1304,,4,200,18,3600,3,350,1,3950
1305,,2,160,12,1920,1,150,1,2070
1306,,2,160,7,1120,2,250,1,1370
1307,,3,205,5,1025,2,250,0,1275
1308,,3,205,5,1025,3,350,1,1375
1309,,2,160,11,1760,3,350,1,2110
1310,,2,160,11,1760,3,350,0,2110
1311,,1,165,14,2310,3,350,1,2660
1312,,1,165,9,1485,1,150,0,1635
1313,,1,165,13,2145,2,250,1,2395
1314,,4,200,14,2800,3,350,1,3150
1315,,3,205,11,2255,3,350,0,2605
1316,,3,205,17,3485,3,350,1,3835
1317,,3,205,8,1640,1,150,0,1790
1318,,2,160,11,1760,3,350,1,2110
1319,,3,205,14,2870,3,350,0,3220
1320,,3,205,8,1640,3,350,1,1990
1321,,4,200,5,1000,3,350,0,1350
1322,,4,200,13,2600,2,250,0,2850
1323,,2,160,14,2240,3,350,0,2590
1324,,3,205,16,3280,1,150,1,3430
1325,,1,165,15,2475,3,350,1,2825
1326,,3,205,18,3690,2,250,0,3940
1327,,1,165,10,1650,2,250,0,1900
1328,,1,165,8,1320,3,350,0,1670
1329,,3,205,11,2255,1,150,1,2405
1330,,2,160,5,800,1,150,0,950
1331,,4,200,10,2000,2,250,1,2250
1332,,2,160,12,1920,3,350,1,2270
1333,,3,205,14,2870,2,250,1,3120
1334,,3,205,10,2050,3,350,0,2400
1335,,1,165,16,2640,1,150,1,2790
1336,,2,160,9,1440,1,150,1,1590
1337,,1,165,16,2640,2,250,1,2890
1338,,2,160,18,2880,2,250,0,3130
1339,,3,205,10,2050,3,350,0,2400
1340,,3,205,12,2460,2,250,0,2710
1341,,4,200,7,1400,1,150,1,1550
1342,,3,205,8,1640,1,150,0,1790
1343,,2,160,8,1280,1,150,1,1430
1344,,4,200,12,2400,1,150,1,2550
1345,,4,200,16,3200,2,250,0,3450
1346,,1,165,8,1320,1,150,1,1470
1347,,4,200,9,1800,1,150,1,1950
1348,,2,160,10,1600,1,150,0,1750
1349,,1,165,18,2970,2,250,1,3220
1350,,3,205,13,2665,3,350,0,3015
1351,,4,200,18,3600,2,250,0,3850
1352,,1,165,10,1650,2,250,0,1900
1353,,3,205,17,3485,2,250,1,3735
1354,,2,160,14,2240,2,250,1,2490
1355,,4,200,15,3000,1,150,0,3150
1356,,2,160,14,2240,2,250,1,2490
1357,,3,205,13,2665,2,250,0,2915
1358,,2,160,15,2400,3,350,0,2750
1359,,2,160,9,1440,1,150,0,1590
1360,,1,165,8,1320,2,250,1,1570
1361,,2,160,9,1440,1,150,0,1590
1362,,2,160,16,2560,1,150,1,2710
1363,,4,200,14,2800,3,350,1,3150
1364,,4,200,5,1000,2,250,0,1250
1365,,1,165,9,1485,2,250,0,1735
1366,,3,205,16,3280,2,250,0,3530
1367,,4,200,16,3200,2,250,0,3450
1368,,3,205,16,3280,3,350,1,3630
1369,,1,165,10,1650,3,350,1,2000
1370,,1,165,9,1485,1,150,0,1635
1371,,1,165,10,1650,3,350,1,2000
1372,,2,160,17,2720,1,150,0,2870
1373,,1,165,7,1155,3,350,1,1505
1374,,2,160,8,1280,1,150,1,1430
1375,,2,160,16,2560,2,250,0,2810
1376,,2,160,17,2720,3,350,0,3070
1377,,4,200,10,2000,2,250,0,2250
1378,,3,205,6,1230,2,250,1,1480
1379,,3,205,6,1230,3,350,1,1580
1380,,1,165,11,1815,1,150,0,1965
1381,,2,160,18,2880,2,250,1,3130
1382,,4,200,11,2200,1,150,0,2350
1383,,1,165,15,2475,3,350,0,2825
1384,,2,160,16,2560,2,250,1,2810
1385,,1,165,5,825,3,350,0,1175
1386,,1,165,8,1320,1,150,0,1470
1387,,1,165,10,1650,2,250,0,1900
1388,,1,165,12,1980,1,150,1,2130
1389,,1,165,16,2640,3,350,1,2990
1390,,1,165,11,1815,3,350,1,2165
1391,,2,160,6,960,2,250,1,1210
1392,,1,165,6,990,2,250,0,1240
1393,,2,160,5,800,3,350,0,1150
1394,,1,165,6,990,1,150,1,1140
1395,,2,160,18,2880,2,250,1,3130
1396,,2,160,10,1600,3,350,1,1950
1397,,1,165,11,1815,3,350,1,2165
1398,,4,200,7,1400,2,250,1,1650
1399,,4,200,9,1800,2,250,1,2050
1400,,2,160,10,1600,3,350,0,1950
1401,,4,200,5,1000,3,350,1,1350
1402,,4,200,7,1400,2,250,1,1650
1403,,1,165,15,2475,2,250,0,2725
1404,,3,205,15,3075,1,150,0,3225
1405,,4,200,16,3200,3,350,1,3550
1406,,4,200,6,1200,3,350,0,1550
1407,,2,160,6,960,2,250,0,1210
1408,,2,160,10,1600,1,150,1,1750
1409,,1,165,8,1320,1,150,1,1470
1410,,1,165,12,1980,3,350,0,2330
1411,,2,160,11,1760,3,350,1,2110
1412,,1,165,8,1320,3,350,0,1670
1413,,3,205,13,2665,3,350,0,3015
1414,,3,205,12,2460,3,350,1,2810
1415,,2,160,9,1440,2,250,1,1690
1416,,1,165,6,990,3,350,1,1340
1417,,3,205,10,2050,1,150,0,2200
1418,,3,205,9,1845,3,350,0,2195
1419,,4,200,9,1800,1,150,0,1950
1420,,2,160,7,1120,3,350,1,1470
1421,,3,205,7,1435,2,250,1,1685
1422,,3,205,13,2665,2,250,1,2915
1423,,4,200,10,2000,3,350,0,2350
1424,,2,160,13,2080,3,350,1,2430
1425,,4,200,5,1000,1,150,1,1150
1426,,4,200,10,2000,2,250,1,2250
1427,,2,160,18,2880,1,150,1,3030
1428,,3,205,17,3485,2,250,1,3735
1429,,2,160,18,2880,3,350,0,3230
1430,,2,160,11,1760,2,250,0,2010
1431,,2,160,11,1760,1,150,0,1910
1432,,4,200,7,1400,1,150,1,1550
1433,,3,205,12,2460,1,150,1,2610
1434,,4,200,8,1600,2,250,1,1850
1435,,1,165,6,990,3,350,1,1340
1436,,1,165,10,1650,1,150,0,1800
1437,,1,165,16,2640,3,350,1,2990
1438,,1,165,11,1815,3,350,1,2165
1439,,2,160,6,960,1,150,0,1110
1440,,4,200,8,1600,2,250,1,1850
1441,,3,205,16,3280,1,150,0,3430
1442,,4,200,11,2200,2,250,0,2450
1443,,4,200,9,1800,1,150,1,1950
1444,,4,200,8,1600,3,350,0,1950
1445,,3,205,12,2460,3,350,1,2810
1446,,1,165,12,1980,1,150,0,2130
1447,,2,160,13,2080,1,150,1,2230
1448,,1,165,7,1155,1,150,1,1305
1449,,1,165,15,2475,2,250,1,2725
1450,,4,200,18,3600,2,250,1,3850
1451,,4,200,6,1200,1,150,0,1350
1452,,4,200,13,2600,3,350,1,2950
1453,,4,200,17,3400,1,150,1,3550
1454,,3,205,9,1845,3,350,1,2195
1455,,1,165,11,1815,3,350,0,2165
1456,,3,205,6,1230,2,250,0,1480
1457,,2,160,8,1280,2,250,0,1530
1458,,2,160,13,2080,2,250,0,2330
1459,,1,165,11,1815,1,150,1,1965
1460,,1,165,5,825,1,150,1,975
1461,,4,200,6,1200,3,350,0,1550
1462,,3,205,15,3075,3,350,0,3425
1463,,3,205,14,2870,1,150,0,3020
1464,,4,200,15,3000,1,150,0,3150
1465,,3,205,14,2870,2,250,0,3120
1466,,1,165,7,1155,3,350,1,1505
1467,,1,165,12,1980,3,350,0,2330
1468,,3,205,8,1640,1,150,0,1790
1469,,1,165,12,1980,3,350,0,2330
1470,,3,205,5,1025,2,250,1,1275
1471,,4,200,7,1400,1,150,1,1550
1472,,1,165,18,2970,3,350,0,3320
1473,,4,200,18,3600,2,250,1,3850
1474,,2,160,12,1920,2,250,1,2170
1475,,4,200,16,3200,1,150,0,3350
1476,,3,205,5,1025,1,150,1,1175
1477,,1,165,13,2145,3,350,0,2495
1478,,4,200,6,1200,1,150,1,1350
1479,,3,205,10,2050,2,250,0,2300
1480,,1,165,16,2640,2,250,0,2890
1481,,1,165,5,825,3,350,0,1175
1482,,2,160,5,800,1,150,1,950
1483,,2,160,10,1600,1,150,1,1750
1484,,2,160,11,1760,2,250,0,2010
1485,,2,160,8,1280,2,250,1,1530
1486,,4,200,12,2400,1,150,1,2550
1487,,4,200,9,1800,1,150,0,1950
1488,,1,165,9,1485,3,350,0,1835
1489,,4,200,9,1800,1,150,0,1950
1490,,4,200,12,2400,3,350,0,2750
1491,,3,205,15,3075,3,350,0,3425
1492,,3,205,9,1845,1,150,0,1995
1493,,2,160,10,1600,1,150,1,1750
1494,,3,205,18,3690,1,150,1,3840
1495,,2,160,18,2880,1,150,1,3030
1496,,2,160,17,2720,1,150,0,2870
1497,,4,200,17,3400,2,250,0,3650
1498,,3,205,6,1230,2,250,0,1480
1499,,4,200,8,1600,2,250,0,1850
1500,,3,205,7,1435,3,350,1,1785
1501,,2,160,11,1760,2,250,0,2010
1502,,3,205,14,2870,3,350,1,3220
1503,,1,165,5,825,1,150,0,975
1504,,4,200,17,3400,1,150,0,3550
1505,,2,160,8,1280,2,250,1,1530
1506,,1,165,16,2640,2,250,0,2890
1507,,4,200,18,3600,2,250,1,3850
1508,,2,160,13,2080,2,250,0,2330
1509,,4,200,16,3200,1,150,1,3350
1510,,4,200,12,2400,3,350,1,2750
1511,,1,165,9,1485,2,250,1,1735
1512,,1,165,10,1650,1,150,1,1800
1513,,2,160,16,2560,2,250,1,2810
1514,,4,200,11,2200,1,150,0,2350
1515,,2,160,8,1280,1,150,1,1430
1516,,4,200,8,1600,1,150,0,1750
1517,,3,205,7,1435,3,350,0,1785
1518,,4,200,5,1000,2,250,0,1250
1519,,2,160,5,800,3,350,0,1150
1520,,2,160,7,1120,1,150,0,1270
1521,,1,165,16,2640,1,150,1,2790
1522,,3,205,11,2255,3,350,1,2605
1523,,1,165,5,825,2,250,0,1075
1524,,1,165,18,2970,2,250,1,3220
1525,,3,205,9,1845,2,250,0,2095
1526,,3,205,16,3280,1,150,1,3430
1527,,1,165,10,1650,1,150,1,1800
1528,,3,205,5,1025,1,150,1,1175
1529,,4,200,14,2800,1,150,1,2950
1530,,2,160,13,2080,3,350,0,2430
1531,,2,160,7,1120,3,350,0,1470
1532,,3,205,18,3690,1,150,0,3840
1533,,4,200,18,3600,3,350,0,3950
1534,,4,200,14,2800,3,350,0,3150
1535,,3,205,15,3075,2,250,1,3325
1536,,4,200,10,2000,1,150,1,2150
1537,,2,160,11,1760,3,350,0,2110
1538,,2,160,6,960,1,150,0,1110
1539,,2,160,5,800,1,150,1,950
1540,,3,205,17,3485,2,250,0,3735
1541,,4,200,6,1200,1,150,1,1350
1542,,2,160,17,2720,2,250,0,2970
1543,,2,160,5,800,2,250,0,1050
1544,,1,165,15,2475,2,250,0,2725
1545,,4,200,9,1800,2,250,0,2050
1546,,4,200,17,3400,3,350,0,3750
1547,,3,205,12,2460,2,250,1,2710
1548,,3,205,17,3485,2,250,1,3735
1549,,2,160,8,1280,3,350,1,1630
1550,,3,205,14,2870,2,250,0,3120
1551,,2,160,15,2400,1,150,1,2550
1552,,4,200,11,2200,1,150,0,2350
1553,,1,165,8,1320,1,150,1,1470
1554,,3,205,18,3690,3,350,0,4040
1555,,3,205,9,1845,1,150,0,1995
1556,,2,160,6,960,1,150,1,1110
1557,,1,165,5,825,3,350,1,1175
1558,,1,165,10,1650,3,350,1,2000
1559,,1,165,15,2475,1,150,0,2625
1560,,2,160,14,2240,1,150,1,2390
1561,,3,205,17,3485,1,150,0,3635
1562,,3,205,5,1025,3,350,0,1375
1563,,3,205,12,2460,2,250,0,2710
1564,,3,205,16,3280,3,350,1,3630
1565,,4,200,15,3000,2,250,0,3250
1566,,2,160,17,2720,3,350,0,3070
1567,,4,200,17,3400,3,350,1,3750
1568,,3,205,10,2050,2,250,1,2300
1569,,2,160,9,1440,2,250,0,1690
1570,,1,165,8,1320,1,150,1,1470
1571,,3,205,17,3485,1,150,0,3635
1572,,2,160,14,2240,3,350,1,2590
1573,,2,160,7,1120,2,250,1,1370
1574,,2,160,12,1920,1,150,0,2070
1575,,1,165,6,990,2,250,0,1240
1576,,1,165,11,1815,2,250,1,2065
1577,,3,205,8,1640,2,250,0,1890
1578,,2,160,8,1280,3,350,0,1630
1579,,2,160,14,2240,2,250,1,2490
1580,,4,200,18,3600,2,250,1,3850
1581,,3,205,17,3485,2,250,0,3735
1582,,3,205,9,1845,3,350,1,2195
1583,,4,200,5,1000,1,150,0,1150
1584,,4,200,15,3000,1,150,1,3150
1585,,2,160,9,1440,3,350,0,1790
1586,,2,160,15,2400,1,150,1,2550
1587,,3,205,9,1845,1,150,1,1995
1588,,2,160,8,1280,3,350,0,1630
1589,,1,165,15,2475,2,250,0,2725
1590,,4,200,6,1200,3,350,1,1550
1591,,3,205,7,1435,2,250,0,1685
1592,,3,205,10,2050,1,150,1,2200
1593,,4,200,11,2200,2,250,1,2450
1594,,2,160,11,1760,2,250,0,2010
1595,,3,205,15,3075,1,150,1,3225
1596,,2,160,18,2880,3,350,0,3230
1597,,2,160,16,2560,1,150,0,2710
1598,,1,165,10,1650,1,150,1,1800
1599,,2,160,10,1600,3,350,1,1950
1600,,4,200,15,3000,2,250,0,3250
1601,,2,160,13,2080,3,350,1,2430
1602,,1,165,6,990,1,150,1,1140
1603,,1,165,5,825,3,350,1,1175
1604,,4,200,10,2000,3,350,0,2350
1605,,3,205,16,3280,1,150,0,3430
1606,,3,205,13,2665,1,150,1,2815
1607,,4,200,14,2800,3,350,1,3150
1608,,3,205,18,3690,3,350,0,4040
1609,,1,165,8,1320,2,250,1,1570
1610,,4,200,18,3600,1,150,1,3750
1611,,2,160,14,2240,1,150,1,2390
1612,,3,205,13,2665,1,150,0,2815
1613,,2,160,17,2720,1,150,0,2870
1614,,1,165,13,2145,1,150,1,2295
1615,,3,205,14,2870,2,250,0,3120
1616,,4,200,15,3000,1,150,0,3150
1617,,1,165,16,2640,1,150,0,2790
1618,,2,160,11,1760,1,150,1,1910
1619,,4,200,7,1400,3,350,1,1750
1620,,4,200,16,3200,1,150,1,3350
1621,,3,205,5,1025,3,350,0,1375
1622,,2,160,14,2240,3,350,0,2590
1623,,4,200,15,3000,1,150,1,3150
1624,,2,160,13,2080,3,350,0,2430
1625,,4,200,12,2400,2,250,0,2650
1626,,3,205,16,3280,1,150,1,3430
1627,,3,205,13,2665,2,250,1,2915
1628,,2,160,14,2240,2,250,0,2490
1629,,3,205,9,1845,2,250,1,2095
1630,,3,205,11,2255,1,150,0,2405
1631,,1,165,5,825,3,350,0,1175
1632,,2,160,8,1280,1,150,0,1430
1633,,3,205,8,1640,3,350,0,1990
1634,,4,200,6,1200,1,150,1,1350
1635,,3,205,17,3485,2,250,0,3735
1636,,4,200,12,2400,3,350,1,2750
1637,,2,160,6,960,2,250,1,1210
1638,,4,200,13,2600,2,250,0,2850
1639,,1,165,13,2145,2,250,0,2395
1640,,3,205,13,2665,3,350,0,3015
1641,,2,160,11,1760,1,150,1,1910
1642,,4,200,17,3400,1,150,1,3550
1643,,2,160,13,2080,1,150,1,2230
1644,,1,165,18,2970,1,150,1,3120
1645,,4,200,7,1400,1,150,1,1550
1646,,1,165,5,825,2,250,0,1075
1647,,1,165,13,2145,1,150,0,2295
1648,,3,205,13,2665,1,150,0,2815
1649,,4,200,8,1600,3,350,1,1950
1650,,3,205,15,3075,2,250,0,3325
1651,,1,165,12,1980,1,150,0,2130
1652,,2,160,8,1280,2,250,1,1530
1653,,4,200,17,3400,2,250,0,3650
1654,,4,200,6,1200,1,150,1,1350
1655,,2,160,11,1760,3,350,1,2110
1656,,2,160,9,1440,3,350,1,1790
1657,,2,160,6,960,2,250,0,1210
1658,,1,165,10,1650,1,150,1,1800
1659,,2,160,12,1920,1,150,1,2070
1660,,2,160,12,1920,1,150,0,2070
1661,,3,205,7,1435,3,350,0,1785
1662,,1,165,16,2640,3,350,0,2990
1663,,4,200,14,2800,1,150,1,2950
1664,,2,160,14,2240,3,350,1,2590
1665,,2,160,15,2400,1,150,0,2550
1666,,4,200,14,2800,1,150,1,2950
1667,,2,160,14,2240,1,150,0,2390
1668,,2,160,5,800,1,150,1,950
1669,,1,165,9,1485,1,150,1,1635
1670,,3,205,6,1230,2,250,1,1480
1671,,3,205,18,3690,3,350,0,4040
1672,,1,165,9,1485,2,250,0,1735
1673,,3,205,9,1845,1,150,1,1995
1674,,1,165,8,1320,1,150,1,1470
1675,,3,205,13,2665,3,350,0,3015
1676,,1,165,18,2970,1,150,0,3120
1677,,3,205,13,2665,1,150,0,2815
1678,,3,205,14,2870,1,150,0,3020
1679,,3,205,16,3280,1,150,1,3430
1680,,2,160,16,2560,1,150,0,2710
1681,,1,165,17,2805,2,250,1,3055
1682,,3,205,8,1640,3,350,0,1990
1683,,4,200,17,3400,2,250,1,3650
1684,,3,205,18,3690,3,350,0,4040
1685,,2,160,17,2720,2,250,1,2970
1686,,3,205,17,3485,3,350,1,3835
1687,,1,165,18,2970,1,150,0,3120
1688,,1,165,5,825,3,350,0,1175
1689,,4,200,7,1400,3,350,0,1750
1690,,3,205,18,3690,1,150,1,3840
1691,,4,200,10,2000,2,250,1,2250
1692,,2,160,13,2080,2,250,0,2330
1693,,2,160,10,1600,2,250,1,1850
1694,,4,200,9,1800,2,250,0,2050
1695,,2,160,10,1600,3,350,0,1950
1696,,2,160,7,1120,1,150,0,1270
1697,,1,165,8,1320,2,250,0,1570
1698,,3,205,14,2870,1,150,0,3020
1699,,4,200,12,2400,3,350,1,2750
1700,,2,160,9,1440,1,150,0,1590
1701,,4,200,11,2200,2,250,1,2450
1702,,3,205,10,2050,1,150,0,2200
1703,,1,165,9,1485,3,350,0,1835
1704,,1,165,6,990,3,350,0,1340
1705,,2,160,12,1920,3,350,1,2270
1706,,1,165,6,990,1,150,1,1140
1707,,4,200,9,1800,1,150,1,1950
1708,,3,205,8,1640,2,250,0,1890
1709,,2,160,7,1120,1,150,0,1270
1710,,1,165,11,1815,2,250,0,2065
1711,,1,165,8,1320,2,250,1,1570
1712,,4,200,8,1600,1,150,1,1750
1713,,2,160,13,2080,3,350,0,2430
1714,,2,160,16,2560,2,250,1,2810
1715,,2,160,7,1120,2,250,1,1370
1716,,1,165,13,2145,1,150,0,2295
1717,,1,165,11,1815,2,250,1,2065
1718,,1,165,12,1980,1,150,1,2130
1719,,3,205,5,1025,3,350,1,1375
1720,,4,200,8,1600,2,250,0,1850
1721,,1,165,16,2640,2,250,1,2890
1722,,3,205,13,2665,2,250,0,2915
1723,,4,200,9,1800,3,350,0,2150
1724,,4,200,13,2600,3,350,1,2950
1725,,3,205,7,1435,2,250,1,1685
1726,,2,160,11,1760,1,150,1,1910
1727,,2,160,8,1280,2,250,0,1530
1728,,2,160,5,800,1,150,0,950
1729,,1,165,8,1320,1,150,0,1470
1730,,3,205,8,1640,1,150,0,1790
1731,,1,165,6,990,3,350,1,1340
1732,,3,205,5,1025,2,250,1,1275
1733,,4,200,16,3200,3,350,0,3550
1734,,2,160,15,2400,1,150,0,2550
1735,,4,200,5,1000,1,150,1,1150
1736,,3,205,18,3690,3,350,1,4040
1737,,2,160,10,1600,3,350,1,1950
1738,,1,165,9,1485,3,350,0,1835
1739,,1,165,8,1320,2,250,0,1570
1740,,4,200,18,3600,3,350,1,3950
1741,,1,165,17,2805,3,350,0,3155
1742,,3,205,9,1845,3,350,1,2195
1743,,1,165,17,2805,1,150,0,2955
1744,,2,160,5,800,2,250,1,1050
1745,,1,165,18,2970,1,150,0,3120
1746,,1,165,16,2640,2,250,0,2890
1747,,3,205,11,2255,1,150,1,2405
1748,,2,160,6,960,1,150,1,1110
1749,,3,205,8,1640,1,150,0,1790
1750,,3,205,6,1230,2,250,1,1480
1751,,2,160,14,2240,2,250,1,2490
1752,,2,160,18,2880,3,350,0,3230
1753,,3,205,12,2460,3,350,1,2810
1754,,4,200,14,2800,1,150,0,2950
1755,,4,200,14,2800,3,350,1,3150
1756,,4,200,8,1600,1,150,1,1750
1757,,3,205,15,3075,2,250,1,3325
1758,,1,165,17,2805,1,150,0,2955
1759,,2,160,17,2720,2,250,0,2970
1760,,4,200,8,1600,1,150,1,1750
1761,,1,165,18,2970,3,350,1,3320
1762,,3,205,6,1230,3,350,1,1580
1763,,4,200,18,3600,3,350,1,3950
1764,,4,200,9,1800,3,350,0,2150
1765,,3,205,17,3485,2,250,1,3735
1766,,3,205,14,2870,3,350,1,3220
1767,,2,160,5,800,3,350,1,1150
1768,,2,160,18,2880,2,250,1,3130
1769,,3,205,11,2255,1,150,0,2405
1770,,4,200,18,3600,3,350,0,3950
1771,,2,160,12,1920,1,150,1,2070
1772,,2,160,15,2400,2,250,1,2650
1773,,2,160,16,2560,1,150,1,2710
1774,,4,200,8,1600,2,250,1,1850
1775,,1,165,9,1485,3,350,0,1835
1776,,4,200,13,2600,1,150,0,2750
1777,,3,205,9,1845,3,350,0,2195
1778,,4,200,7,1400,2,250,1,1650
1779,,1,165,7,1155,2,250,0,1405
1780,,4,200,8,1600,3,350,0,1950
1781,,2,160,13,2080,1,150,1,2230
1782,,4,200,9,1800,3,350,1,2150
1783,,4,200,9,1800,2,250,0,2050
1784,,1,165,8,1320,1,150,0,1470
1785,,3,205,7,1435,2,250,1,1685
1786,,4,200,8,1600,3,350,1,1950
1787,,1,165,17,2805,3,350,1,3155
1788,,2,160,9,1440,1,150,0,1590
1789,,2,160,5,800,3,350,0,1150
1790,,2,160,7,1120,2,250,0,1370
1791,,1,165,13,2145,3,350,0,2495
1792,,1,165,16,2640,3,350,0,2990
1793,,4,200,15,3000,1,150,0,3150
1794,,2,160,14,2240,2,250,1,2490
1795,,3,205,6,1230,1,150,1,1380
1796,,3,205,15,3075,3,350,1,3425
1797,,3,205,16,3280,2,250,1,3530
1798,,4,200,11,2200,1,150,0,2350
1799,,4,200,7,1400,3,350,0,1750
1800,,2,160,7,1120,3,350,1,1470
1801,,4,200,10,2000,1,150,0,2150
1802,,4,200,15,3000,1,150,0,3150
1803,,4,200,6,1200,1,150,1,1350
1804,,3,205,8,1640,2,250,0,1890
1805,,2,160,14,2240,2,250,0,2490
1806,,2,160,15,2400,2,250,1,2650
1807,,2,160,7,1120,3,350,0,1470
1808,,3,205,18,3690,3,350,0,4040
1809,,2,160,5,800,3,350,0,1150
1810,,4,200,6,1200,3,350,1,1550
1811,,2,160,11,1760,2,250,1,2010
1812,,2,160,18,2880,2,250,0,3130
1813,,4,200,8,1600,1,150,0,1750
1814,,4,200,18,3600,3,350,1,3950
1815,,3,205,8,1640,3,350,1,1990
1816,,4,200,16,3200,3,350,0,3550
1817,,4,200,11,2200,2,250,0,2450
1818,,1,165,5,825,2,250,1,1075
1819,,3,205,11,2255,3,350,0,2605
1820,,3,205,6,1230,1,150,0,1380
1821,,3,205,14,2870,1,150,0,3020
1822,,1,165,15,2475,1,150,1,2625
1823,,2,160,15,2400,2,250,1,2650
1824,,2,160,6,960,3,350,0,1310
1825,,4,200,18,3600,2,250,0,3850
1826,,1,165,15,2475,3,350,1,2825
1827,,3,205,7,1435,3,350,0,1785
1828,,2,160,11,1760,1,150,1,1910
1829,,1,165,8,1320,2,250,1,1570
1830,,4,200,8,1600,2,250,1,1850
1831,,3,205,6,1230,1,150,1,1380
1832,,2,160,12,1920,2,250,0,2170
1833,,2,160,15,2400,1,150,0,2550
1834,,1,165,18,2970,3,350,0,3320
1835,,4,200,14,2800,1,150,1,2950
1836,,2,160,11,1760,3,350,0,2110
1837,,3,205,13,2665,3,350,1,3015
1838,,1,165,14,2310,1,150,0,2460
1839,,4,200,9,1800,3,350,1,2150
1840,,4,200,18,3600,2,250,1,3850
1841,,4,200,14,2800,1,150,0,2950
1842,,3,205,9,1845,3,350,0,2195
1843,,4,200,13,2600,2,250,1,2850
1844,,3,205,14,2870,3,350,0,3220
1845,,4,200,11,2200,2,250,0,2450
1846,,2,160,17,2720,3,350,0,3070
1847,,1,165,12,1980,3,350,1,2330
1848,,4,200,13,2600,2,250,0,2850
1849,,4,200,16,3200,2,250,0,3450
1850,,4,200,14,2800,2,250,1,3050
1851,,2,160,11,1760,1,150,1,1910
1852,,2,160,5,800,2,250,1,1050
1853,,4,200,15,3000,3,350,0,3350
1854,,4,200,9,1800,3,350,1,2150
1855,,3,205,7,1435,1,150,1,1585
1856,,1,165,10,1650,1,150,1,1800
1857,,3,205,16,3280,3,350,1,3630
1858,,4,200,15,3000,1,150,1,3150
1859,,1,165,11,1815,2,250,1,2065
1860,,2,160,15,2400,2,250,0,2650
1861,,1,165,11,1815,1,150,0,1965
1862,,2,160,17,2720,3,350,1,3070
1863,,2,160,17,2720,1,150,1,2870
1864,,1,165,13,2145,2,250,0,2395
1865,,2,160,12,1920,1,150,1,2070
1866,,3,205,5,1025,2,250,0,1275
1867,,2,160,13,2080,3,350,1,2430
1868,,1,165,15,2475,2,250,1,2725
1869,,4,200,5,1000,2,250,0,1250
1870,,4,200,15,3000,3,350,0,3350
1871,,1,165,17,2805,2,250,1,3055
1872,,1,165,9,1485,2,250,0,1735
1873,,4,200,15,3000,1,150,1,3150
1874,,1,165,17,2805,3,350,0,3155
1875,,4,200,16,3200,1,150,0,3350
1876,,4,200,17,3400,3,350,1,3750
1877,,1,165,6,990,3,350,1,1340
1878,,1,165,8,1320,1,150,1,1470
1879,,2,160,17,2720,3,350,0,3070
1880,,2,160,6,960,2,250,1,1210
1881,,1,165,18,2970,2,250,1,3220
1882,,4,200,10,2000,1,150,1,2150
1883,,4,200,8,1600,1,150,1,1750
1884,,3,205,17,3485,2,250,0,3735
1885,,3,205,17,3485,1,150,1,3635
1886,,2,160,10,1600,1,150,0,1750
1887,,1,165,5,825,3,350,0,1175
1888,,1,165,15,2475,1,150,1,2625
1889,,3,205,15,3075,2,250,1,3325
1890,,2,160,5,800,3,350,0,1150
1891,,3,205,10,2050,3,350,0,2400
1892,,2,160,17,2720,1,150,1,2870
1893,,3,205,6,1230,3,350,1,1580
1894,,4,200,9,1800,1,150,0,1950
1895,,2,160,5,800,1,150,0,950
1896,,4,200,5,1000,2,250,0,1250
1897,,3,205,15,3075,2,250,1,3325
1898,,1,165,9,1485,2,250,1,1735
1899,,1,165,8,1320,1,150,1,1470
1900,,4,200,15,3000,3,350,0,3350
1901,,2,160,17,2720,2,250,0,2970
1902,,4,200,5,1000,1,150,0,1150
1903,,2,160,12,1920,3,350,1,2270
1904,,2,160,9,1440,3,350,1,1790
1905,,2,160,11,1760,3,350,1,2110
1906,,2,160,14,2240,2,250,1,2490
1907,,2,160,13,2080,2,250,1,2330
1908,,3,205,7,1435,1,150,1,1585
1909,,2,160,12,1920,1,150,0,2070
1910,,2,160,6,960,1,150,1,1110
1911,,4,200,13,2600,1,150,0,2750
1912,,4,200,11,2200,1,150,1,2350
1913,,4,200,12,2400,2,250,1,2650
1914,,3,205,6,1230,1,150,1,1380
1915,,4,200,5,1000,2,250,0,1250
1916,,4,200,14,2800,3,350,1,3150
1917,,3,205,10,2050,2,250,0,2300
1918,,4,200,17,3400,1,150,0,3550
1919,,4,200,16,3200,2,250,0,3450
1920,,4,200,10,2000,3,350,1,2350
1921,,4,200,18,3600,2,250,0,3850
1922,,3,205,15,3075,3,350,1,3425
1923,,2,160,11,1760,1,150,1,1910
1924,,1,165,5,825,3,350,1,1175
1925,,4,200,7,1400,3,350,0,1750
1926,,3,205,9,1845,2,250,0,2095
1927,,1,165,9,1485,3,350,1,1835
1928,,2,160,14,2240,2,250,1,2490
1929,,2,160,5,800,2,250,1,1050
1930,,1,165,7,1155,1,150,1,1305
1931,,4,200,13,2600,2,250,0,2850
1932,,2,160,5,800,2,250,0,1050
1933,,3,205,6,1230,1,150,0,1380
1934,,2,160,7,1120,1,150,1,1270
1935,,4,200,12,2400,1,150,1,2550
1936,,1,165,10,1650,3,350,0,2000
1937,,4,200,5,1000,1,150,0,1150
1938,,3,205,18,3690,3,350,0,4040
1939,,3,205,16,3280,3,350,0,3630
1940,,3,205,9,1845,2,250,0,2095
1941,,4,200,5,1000,2,250,1,1250
1942,,1,165,18,2970,2,250,0,3220
1943,,4,200,15,3000,1,150,0,3150
1944,,4,200,6,1200,2,250,0,1450
1945,,2,160,5,800,2,250,0,1050
1946,,1,165,8,1320,3,350,0,1670
1947,,2,160,12,1920,1,150,0,2070
1948,,3,205,11,2255,2,250,1,2505
1949,,3,205,9,1845,1,150,0,1995
1950,,2,160,10,1600,1,150,0,1750
1951,,2,160,17,2720,2,250,1,2970
1952,,1,165,12,1980,2,250,0,2230
1953,,4,200,16,3200,1,150,1,3350
1954,,3,205,18,3690,3,350,0,4040
1955,,2,160,13,2080,2,250,0,2330
1956,,4,200,14,2800,2,250,1,3050
1957,,4,200,16,3200,2,250,0,3450
1958,,1,165,10,1650,2,250,1,1900
1959,,3,205,16,3280,2,250,1,3530
1960,,3,205,11,2255,1,150,0,2405
1961,,2,160,18,2880,1,150,0,3030
1962,,4,200,5,1000,3,350,0,1350
1963,,1,165,13,2145,1,150,0,2295
1964,,3,205,7,1435,1,150,0,1585
1965,,2,160,9,1440,1,150,0,1590
1966,,2,160,9,1440,2,250,0,1690
1967,,3,205,7,1435,1,150,1,1585
1968,,4,200,7,1400,2,250,0,1650
1969,,4,200,16,3200,2,250,1,3450
1970,,2,160,13,2080,2,250,1,2330
1971,,2,160,10,1600,2,250,0,1850
1972,,4,200,15,3000,1,150,1,3150
1973,,2,160,5,800,2,250,1,1050
1974,,3,205,16,3280,2,250,0,3530
1975,,2,160,5,800,2,250,0,1050
1976,,2,160,12,1920,1,150,1,2070
1977,,2,160,5,800,1,150,1,950
1978,,2,160,9,1440,1,150,1,1590
1979,,2,160,16,2560,1,150,1,2710
1980,,1,165,12,1980,1,150,0,2130
1981,,2,160,13,2080,3,350,0,2430
1982,,4,200,11,2200,1,150,0,2350
1983,,2,160,11,1760,2,250,0,2010
1984,,4,200,10,2000,3,350,1,2350
1985,,3,205,11,2255,1,150,0,2405
1986,,1,165,9,1485,3,350,1,1835
1987,,3,205,7,1435,2,250,1,1685
1988,,3,205,18,3690,2,250,1,3940
1989,,3,205,13,2665,1,150,1,2815
1990,,4,200,11,2200,1,150,1,2350
1991,,1,165,6,990,3,350,1,1340
1992,,4,200,8,1600,1,150,0,1750
1993,,2,160,5,800,1,150,0,950
1994,,1,165,7,1155,1,150,1,1305
1995,,1,165,15,2475,2,250,0,2725
1996,,2,160,7,1120,3,350,0,1470
1997,,2,160,17,2720,1,150,0,2870
1998,,4,200,14,2800,3,350,0,3150
1999,,3,205,9,1845,1,150,0,1995