total,paid_total,balance,breakdowns_labor_0_type,breakdowns_labor_0_hours,breakdowns_labor_0_rate,breakdowns_material_0_quantity,breakdowns_material_0_unit,breakdowns_material_0_rate,Slug,Total,Labor Breakdown_quantity,Labor Breakdown_quantity2,Labor Breakdown_quantity3,Labor Breakdown_quantity total ,Labor Breakdown_hours,Labor Breakdown_hours2,Labor Breakdown_hours3,Labor Breakdown_hourstotal,Labor Breakdown_ratetotal,Material Breakdown_rate,Material Breakdown_quantity,Material Breakdown_unit
133000,0,133000,,8,,,,,193,133000,,,,0,8,,,8,165,,,
27248,0,27248,,8,,,,,248,27248,,,,0,8,,,8,0,,,
-5000,0,-5000,,,,,,,251,,,,,0,,,,0,0,,,
13852,0,13852,,,,,,,252,,,,,0,,,,0,0,,,
0,0,0,,8,,,,,253,0,,,,0,8,,,8,0,,,
3100,0,3100,,,,,,,254,,,,,0,,,,0,0,,,
21337,0,21337,,,,,,,255,,,,,0,,,,0,0,,,
8000,0,8000,,,,,,,256,,,,,0,,,,0,0,,,
83602,0,83602,,,,,,,273,,,,,0,,,,0,0,,,
27000,0,27000,,,,,,,274,,,,,0,,,,0,0,,,
0,0,0,,8,,,,,287,0,,,,0,8,,,8,0,,,
2667,0,2667,,,,,,,288,,,,,0,,,,0,0,,,
-56667,0,-56667,,,,,,,289,,,,,0,,,,0,0,,,
1199,0,1199,,,,,,,290,,,,,0,,,,0,0,,,
23887.73,0,23887.73,,,,,,,291,,,,,0,,,,0,0,,,
23373,0,23373,,,,,,,292,,,,,0,,,,0,0,,,
16247,0,16247,,,,,,,293,,,,,0,,,,0,0,,,
1200000,0,1200000,,8,,,,,325,1200000,,,,0,8,,,8,0,,,
-239000,0,-239000,,8,,,,,326,-239000,,,,0,8,,,8,0,,,
292.32,0,292.32,,,,,,,367,,,,,0,,,,0,0,,,
330000,0,330000,,,,,,,368,,,,,0,,,,0,0,,,
6727,0,6727,,,,,,,369,,,,,0,,,,0,0,,,
437.75,0,437.75,,,,,,,370,,,,,0,,,,0,0,,,
-17000,0,-17000,,8,,,,,371,-17000,,,,0,8,,,8,0,,,
7400,0,7400,,,,,,,9,7400,,,,0,,,,0,0,,,
1425.6,0,1425.6,Journeymen,8,165,,,,21,,1,,,1,8,,,8,165,,,
7650,0,7650,Journeymen,8,200,1,,1370,22,,3,1,,4,8,8,,16,385,1370,1,
3040,0,3040,Journeymen,8,200,,,,29,1000,1,1,1,3,8,8,2,18,1000,,,
3000,0,3000,,,,,,,32,3000,,,,0,,,,0,0,,,
2766,0,2766,Journeymen,8,165,1,1,166,34,,1,1,,2,8,8,,16,325,166,1,1
1155,0,1155,,,,,,,36,1155,,,,0,,,,0,0,,,
1980,0,1980,Journeymen,6,165,,,,38,,2,,,2,6,,,6,165,,,
2930,0,2930,Journeymen,8,165,1,1,290,39,,2,,,2,8,,,8,165,290,1,1
960,0,960,,,,,,,40,960,,,,0,,,,0,0,,,
3960,0,3960,,,,,,,41,3960,,,,0,,,,0,0,,,
124000,0,124000,,,,,,,42,124000,,,,0,,,,0,0,,,
8072.64,8072,0.64,Journeymen,8,172.23,1,1,900,44,14740,3,3,,6,8,8,,16,172.23,900,1,1
1600,0,1600,Journeymen,8,165,1,Box,280,46,,1,,,1,8,,,8,165,280,1,Box
6980,0,6980,Journeymen,8,,,,,48,6980,2,1,,3,8,8,,16,0,,,
4910,0,4910,Journeymen,8,160,1,Material,800,50,,2,1,,3,8,10,,18,315,800,1,Material
2786,0,2786,Journeymen,8,160,1,Material,266,51,,1,1,,2,8,8,,16,315,266,1,Material
1564,0,1564,Journeymen,8,165,1,1,244,52,,1,,,1,8,,,8,165,244,1,1
4900,0,4900,,,,,,,54,4900,,,,0,,,,0,0,,,
4470,0,4470,Journeymen,8,205,1,1,190,56,,2,1,,3,8,5,,13,405,190,1,1
4594,0,4594,Journeymen,8,205,1,1,314,57,,2,1,,3,8,5,,13,405,314,1,1
5957,0,5957,Journeymen,8,205,1,,677,60,5200,2,1,,3,8,10,,18,205,677,1,
660,0,660,,,,1,,280,62,660,,,,0,,,,0,0,280,1,
3944,0,3944,Journeymen,8,172,1,,550,63,3944,3,2,,5,8,8,,16,298,550,1,
1712,763,949,Journeymen,6,172,1,1,680,64,,1,,,1,6,,,6,172,680,1,1
1880,0,1880,Foreman,8,172,,,800,65,,1,1,,2,8,4,,12,298,800,,
6336,0,6336,Journeymen,8,,1,,,66,6336,3,1,,4,8,8,,16,0,,1,
3960,0,3960,Journeymen,8,165,1,,,67,6336,3,1,,4,8,8,,16,325,,1,
1600,0,1600,Journeymen,8,200,,1,500,70,,1,1,,2,8,8,,16,380,500,,1
12000,20900,-8900,Journeymen,3,,3,3,,73,12000,2,3,,5,3,3,,6,0,,3,3
1542,0,1542,Journeymen,8,165,1,1,222,74,,1,1,,2,8,8,,16,325,222,1,1
2280,0,2280,Journeymen,8,165,1,Qty.,320,78,,1,1,,2,8,4,,12,325,320,1,Qty.
2150,0,2150,Journeymen,8,165,1,Qty.,190,79,,1,1,,2,8,4,,12,325,190,1,Qty.
3280,0,3280,Foreman,8,205,,,,81,,2,,,2,8,,,8,205,,,
8480,0,8480,Journeymen,8,165,8,Qty.,400,92,,4,,,4,8,,,8,165,400,8,Qty.
38750,0,38750,,,,,,,93,38750,,,,0,,,,0,0,,,
2200,0,2200,Journeymen,8,165,,,,96,2200,1,,,1,8,,,8,165,,,
7426,7426,0,,,,,,,97,,,,,0,,,,0,0,,,
2170,0,2170,Journeymen,7,200,1,1,770,98,,1,,,1,7,,,7,200,770,1,1
3120,0,3120,Journeymen,2,,8,,,99,3120,8,,,8,2,,,2,0,,8,
8560,0,8560,Journeymen,8,205,,,,100,,4,1,,5,8,10,,18,405,,,
1300,0,1300,Journeymen,8,,,,,101,1300,2,1,,3,8,8,,16,0,,,
7000,0,7000,Journeymen,8,172,1,1,856,102,8390,3,2,,5,8,8,,16,298,856,1,1
4460,0,4460,Journeymen,8,,,,,103,4460,1,,,1,8,,,8,0,,,
5806,0,5806,Journeymen,8,165,1,1,1246,108,,2,2,,4,8,6,,14,325,1246,1,1
2160,0,2160,Journeymen,8,45,,,,110,,6,,,6,8,,,8,45,,,
8255.44,0,8255.44,Journeymen,8,172.23,1,1,718,111,,4,2,,6,8,8,,16,172.23,718,1,1
5850,0,5850,Journeymen,8,172,1,1,1082,113,,2,2,,4,8,8,,16,298,1082,1,1
14940,0,14940,Journeymen,8,,1,"$1,294 ",,114,14940,4,2,,6,8,8,,16,0,,1,"$1,294 "
7722,0,7722,Journeymen,8,172,1,1,570,115,,3,3,,6,8,8,,16,298,570,1,1
7400,0,7400,,,,,,,9,7400,,,,0,,,,0,0,,,
1425.6,0,1425.6,Journeymen,8,165,,,,21,,1,,,1,8,,,8,165,,,
7650,0,7650,Journeymen,8,200,1,,1370,22,,3,1,,4,8,8,,16,385,1370,1,
3040,0,3040,Journeymen,8,200,,,,29,1000,1,1,1,3,8,8,2,18,1000,,,
3000,0,3000,,,,,,,32,3000,,,,0,,,,0,0,,,
2766,0,2766,Journeymen,8,165,1,1,166,34,,1,1,,2,8,8,,16,325,166,1,1
1155,0,1155,,,,,,,36,1155,,,,0,,,,0,0,,,
1980,0,1980,Journeymen,6,165,,,,38,,2,,,2,6,,,6,165,,,
2930,0,2930,Journeymen,8,165,1,1,290,39,,2,,,2,8,,,8,165,290,1,1
960,0,960,,,,,,,40,960,,,,0,,,,0,0,,,
3960,0,3960,,,,,,,41,3960,,,,0,,,,0,0,,,
124000,0,124000,,,,,,,42,124000,,,,0,,,,0,0,,,
8072.64,8072,0.64,Journeymen,8,172.23,1,1,900,44,14740,3,3,,6,8,8,,16,172.23,900,1,1
1600,0,1600,Journeymen,8,165,1,Box,280,46,,1,,,1,8,,,8,165,280,1,Box
6980,0,6980,Journeymen,8,,,,,48,6980,2,1,,3,8,8,,16,0,,,
4910,0,4910,Journeymen,8,160,1,Material,800,50,,2,1,,3,8,10,,18,315,800,1,Material
2786,0,2786,Journeymen,8,160,1,Material,266,51,,1,1,,2,8,8,,16,315,266,1,Material
1564,0,1564,Journeymen,8,165,1,1,244,52,,1,,,1,8,,,8,165,244,1,1
4900,0,4900,,,,,,,54,4900,,,,0,,,,0,0,,,
4470,0,4470,Journeymen,8,205,1,1,190,56,,2,1,,3,8,5,,13,405,190,1,1
4594,0,4594,Journeymen,8,205,1,1,314,57,,2,1,,3,8,5,,13,405,314,1,1
5957,0,5957,Journeymen,8,205,1,,677,60,5200,2,1,,3,8,10,,18,205,677,1,
660,0,660,,,,1,,280,62,660,,,,0,,,,0,0,280,1,
3944,0,3944,Journeymen,8,172,1,,550,63,3944,3,2,,5,8,8,,16,298,550,1,
1712,763,949,Journeymen,6,172,1,1,680,64,,1,,,1,6,,,6,172,680,1,1
1880,0,1880,Foreman,8,172,,,800,65,,1,1,,2,8,4,,12,298,800,,
6336,0,6336,Journeymen,8,,1,,,66,6336,3,1,,4,8,8,,16,0,,1,
3960,0,3960,Journeymen,8,165,1,,,67,6336,3,1,,4,8,8,,16,325,,1,
1600,0,1600,Journeymen,8,200,,1,500,70,,1,1,,2,8,8,,16,380,500,,1
12000,20900,-8900,Journeymen,3,,3,3,,73,12000,2,3,,5,3,3,,6,0,,3,3
1542,0,1542,Journeymen,8,165,1,1,222,74,,1,1,,2,8,8,,16,325,222,1,1
2280,0,2280,Journeymen,8,165,1,Qty.,320,78,,1,1,,2,8,4,,12,325,320,1,Qty.
2150,0,2150,Journeymen,8,165,1,Qty.,190,79,,1,1,,2,8,4,,12,325,190,1,Qty.
3280,0,3280,Foreman,8,205,,,,81,,2,,,2,8,,,8,205,,,
8480,0,8480,Journeymen,8,165,8,Qty.,400,92,,4,,,4,8,,,8,165,400,8,Qty.
38750,0,38750,,,,,,,93,38750,,,,0,,,,0,0,,,
2200,0,2200,Journeymen,8,165,,,,96,2200,1,,,1,8,,,8,165,,,
7426,7426,0,,,,,,,97,,,,,0,,,,0,0,,,
2170,0,2170,Journeymen,7,200,1,1,770,98,,1,,,1,7,,,7,200,770,1,1
3120,0,3120,Journeymen,2,,8,,,99,3120,8,,,8,2,,,2,0,,8,
8560,0,8560,Journeymen,8,205,,,,100,,4,1,,5,8,10,,18,405,,,
1300,0,1300,Journeymen,8,,,,,101,1300,2,1,,3,8,8,,16,0,,,
7000,0,7000,Journeymen,8,172,1,1,856,102,8390,3,2,,5,8,8,,16,298,856,1,1
4460,0,4460,Journeymen,8,,,,,103,4460,1,,,1,8,,,8,0,,,
5806,0,5806,Journeymen,8,165,1,1,1246,108,,2,2,,4,8,6,,14,325,1246,1,1
2160,0,2160,Journeymen,8,45,,,,110,,6,,,6,8,,,8,45,,,
8255.44,0,8255.44,Journeymen,8,172.23,1,1,718,111,,4,2,,6,8,8,,16,172.23,718,1,1
5850,0,5850,Journeymen,8,172,1,1,1082,113,,2,2,,4,8,8,,16,298,1082,1,1
14940,0,14940,Journeymen,8,,1,"$1,294 ",,114,14940,4,2,,6,8,8,,16,0,,1,"$1,294 "
7722,0,7722,Journeymen,8,172,1,1,570,115,,3,3,,6,8,8,,16,298,570,1,1
5248,0,5248,Journeymen,8,172,1,1,480,116,,2,2,,4,8,8,,16,298,480,1,1
3258,0,3258,Journeymen,8,172,1,1,370,118,,1,2,,3,8,6,,14,298,370,1,1
5310,0,5310,Journeymen,8,205,1,1,430,120,,2,1,,3,8,8,,16,405,430,1,1
6800,0,6800,,,,,,,121,6800,,,,0,,,,0,0,,,
1473,0,1473,Journeymen,8,165,1,1,153,122,,1,,,1,8,,,8,165,153,1,1
4090,0,4090,Journeymen,8,172,1,1,330,123,,2,1,,3,8,8,,16,298,330,1,1
490,0,490,Journeymen,2,165,,,,124,,1,1,,2,2,1,,3,325,,,
1640,0,1640,Journeymen,8,205,,,,126,,1,,,1,8,,,8,205,,,
943,0,943,Journeymen,2,172,1,$,347,127,,1,1,,2,2,2,,4,298,347,1,$
1416,0,1416,Journeymen,4,172,1,$,350,128,,1,1,,2,4,3,,7,298,350,1,$
2095,0,2095,Journeymen,8,172,1,1,215,129,,1,1,,2,8,4,,12,298,215,1,1
660,0,660,Journeymen,4,165,,,,131,,1,,,1,4,,,4,165,,,
9764,0,9764,Foreman,,,,,,132,9764,,,,0,,,,0,0,,,
344,344,0,,,,,,,133,,,,,0,,,,0,0,,,
6464,6464,0,,,,,,,134,,,,,0,,,,0,0,,,
2270,0,2270,Journeymen,6,165,1,1,290,135,,2,,,2,6,,,6,165,290,1,1
7060,0,7060,Journeymen,8,,,,,136,7060,3,,,3,8,,,8,0,,,
2005,0,2005,Journeymen,11,165,1,1,190,137,,1,,,1,11,,,11,165,190,1,1
17890,0,17890,,,,,,,138,17890,,,,0,,,,0,0,,,
8200,0,8200,Journeymen,8,205,,,,139,,5,,,5,8,,,8,205,,,
9840,0,9840,Journeymen,24,205,,,,140,,2,,,2,24,,,24,205,,,
1950,0,1950,,,,,,,142,1950,,,,0,,,,0,0,,,
2704,0,2704,Journeymen,6,172,1,1,640,143,,2,,,2,6,,,6,172,640,1,1
10100,0,10100,Journeymen,16,165,1,1,900,144,,3,1,,4,16,8,,24,325,900,1,1
830,0,830,Journeymen,2,165,1,1,180,145,,1,1,,2,2,2,,4,325,180,1,1
0,0,0,Foreman,,,,,,284,,,,,0,,,,0,0,,,
2900,0,2900,Carpenters,16,160,1,,340,290,,1,,,1,16,,,16,160,340,1,
6720,0,6720,Carpenters,42,160,,,,291,,1,,,1,42,,,42,160,,,
17900,17900,0,Carpenters,,,,,,293,17900,,,,0,,,,0,0,,,
14730,10000,4730,Carpenters,15,50,,,,295,,7,7,8,22,15,10,6,31,50,,,
28320,23000,5320,Foreman,1,28320,,,,296,,1,,,1,1,,,1,28320,,,
4960,4960,0,Carpenters,21,160,1,,550,297,,1,1,,2,21,7,,28,310,550,1,
4010,4010,0,Carpenters,21,160,1,,650,298,,1,,,1,21,,,21,160,650,1,
2800,2800,0,Carpenters,1,2800,,,,299,,1,,,1,1,,,1,2800,,,
8550,8550,0,Foreman,1,8550,,,,301,,1,,,1,1,,,1,8550,,,
650,650,0,Carpenters,1,650,,,,308,,1,,,1,1,,,1,650,,,
2240,0,2240,Carpenters,14,160,,,,309,,1,,,1,14,,,14,160,,,
12320,12320,0,Carpenters,1,12320,,,,313,,1,,,1,1,,,1,12320,,,
1394,1394,0,,1,2250,,,,314,1394,1,,,1,1,,,1,2250,,,
11000,11000,0,Carpenters,1,11000,,,,315,,1,,,1,1,,,1,11000,,,
15440,3250,12190,Carpenters,1,15440,,,,316,,1,,,1,1,,,1,165,,,
3675,3675,0,Carpenters,1,3675,,,,317,,1,,,1,1,,,1,165,,,
3975,3975,0,Carpenters,14,160,1,,650,319,,1,1,,2,14,7,,21,325,650,1,
5580,5580,0,Carpenters,14,160,1,,1100,320,,2,,,2,14,,,14,165,1100,1,
768,768,0,Carpenters,4,160,,,,358,,1,,,1,4,,,4,160,,,
2648,0,2648,,1,11748,,,,364,2648,1,,,1,1,,,1,11748,,,
9125,8800,325,Tapers,18,150,1,$,1000,367,,1,1,,2,18,35,,53,305,1000,1,$
0,5370,-5370,Foreman,,,,,,371,777,,,,0,,,,0,0,,,
0,5490,-5490,,,,,,,379,,,,,0,,,,0,0,,,
-790,-790,0,Foreman,,,,,,380,-790,,,,0,,,,0,0,,,
-1200,-1200,0,Foreman,,,,,,381,-1200,,,,0,,,,0,0,,,
2640,2640,0,Foreman,,,,,,387,2640,,,,0,,,,0,0,,,
2970,2970,0,Carpenters,7,155,1,1,800,403,,2,,,2,7,,,7,155,800,1,1
3490,3490,0,Tapers,6,145,1,,450,405,,1,2,,3,6,7,,13,300,450,1,
15275,15275,0,Foreman,,,,,,410,15275,,,,0,,,,0,0,,,
8820,8820,0,Carpenters,,,,,,411,8820,,,,0,,,,0,0,,,
705,705,0,Carpenters,4,155,1,,85,412,,1,,,1,4,,,4,155,85,1,
3655,3655,0,Carpenters,21,155,1,,400,413,,1,,,1,21,,,21,155,400,1,
-6200,-6200,0,Foreman,,,,,,414,-6200,,,,0,,,,0,0,,,
5155,5155,0,Foreman,,,,,,415,5155,,,,0,,,,0,0,,,
32000,32000,0,Foreman,,,,,,416,32000,,,,0,,,,0,0,,,
960,960,0,Carpenters,5,160,,,,425,,1,,,1,5,,,5,160,,,
11550,11550,0,Carpenters,58,145,,,,436,11550,1,1,,2,58,21,,79,290,,,
1240,1240,0,Carpenters,8,130,1,,200,437,,1,,,1,8,,,8,130,200,1,
1220,1220,0,Carpenters,4,155,1,,150,442,,1,1,,2,4,3,,7,305,150,1,
-7565,-7565,0,Foreman,,,,,,443,-7565,,,,0,,,,0,0,,,
1230,1230,0,Carpenters,7,160,1,,200,448,1230,1,,,1,7,,,7,160,200,1,
2495,2495,0,Carpenters,14,155,1,,325,459,,1,,,1,14,,,14,155,325,1,
2900,2900,0,Carpenters,7,200,1,,200,467,2900,1,1,1,3,7,12,8,27,1190,200,1,
0,0,0,Carpenters,7,150,1,,158,468,0,1,,,1,7,,,7,150,158,1,
-1980,-1980,0,Foreman,,,,,,471,-1980,,,,0,,,,0,0,,,
8602,8602,0,Carpenters,28,154,,,,472,8602,2,,,2,28,,,28,154,,,
1685,1100,585,Carpenters,7,155,,,,484,,1,1,,2,7,4,,11,305,,,
1200,1200,0,Foreman,,,,,,489,1200,,,,0,,,,0,0,,,
2890,1500,1390,Carpenters,14,160,1,,650,493,,1,1,,2,14,1,,15,160,650,1,
2890,1500,1390,Carpenters,14,160,1,,650,494,,1,1,,2,14,1,,15,160,650,1,
1785.024,1785,0.024,Carpenters,3,160,,,,495,,3,,,3,3,,,3,160,,,
15975,15975,0,,,,,,,499,15975,,,,0,,,,0,0,,,
47100,47100,0,Foreman,,,,,,501,47100,,,,0,,,,0,0,,,
6800,6800,0,Foreman,,,,,,503,6800,,,,0,,,,0,0,,,
1975,1975,0,Carpenters,13,,,,,505,1975,1,,,1,13,,,13,0,,,
1666.35,1666,0.35,,7,149,,,,507,1666.35,1,1,,2,7,7,,14,304,,,
550,550,0,Carpenters,10,,,,,508,550,1,,,1,10,,,10,0,,,
750,750,0,Carpenters,10,,,,,509,750,1,1,,2,10,4,,14,0,,,
8243,8243,0,Carpenters,,,,,,511,8243,,,,0,,,,0,0,,,
13474,13474,0,,,,,,,512,13474,,,,0,,,,0,0,,,
1288,1288,0,Carpenters,7,160,,,,513,,1,,,1,7,,,7,160,,,
735,735,0,Carpenters,7,,,,,514,735,1,1,,2,7,7,,14,0,,,
4294,4294,0,Foreman,,,40,LF,,521,4294,,,,0,,,,0,0,,40,LF
2600,2600,0,Carpenters,7,,,,,534,2600,2,,,2,7,,,7,0,,,
15550,15550,0,Carpenters,,,,,,538,15550,,,,0,,,,0,0,,,
2660,2660,0,Carpenters,,,,,,539,2660,,,,0,,,,0,0,,,
-38040,-38040,0,Foreman,,,,,,540,-38040,,,,0,,,,0,0,,,
27000,27000,0,Foreman,,,,,,541,27000,,,,0,,,,0,0,,,
-2470,-2470,0,Foreman,,,,,,549,-2470,,,,0,,,,0,0,,,
11985,11985,0,Carpenters,,,,,,551,11985,,,,0,,,,0,0,,,
80000,80000,0,Carpenters,,,,,,554,80000,,,,0,,,,0,0,,,
2520,2520,0,Carpenters,7,160,,,,555,2520,2,,,2,7,,,7,160,,,
5580,5580,0,Foreman,,,,,,559,5580,,,,0,,,,0,0,,,
4500,4500,0,Carpenters,,,,,,563,4500,2,,,2,4,14,,18,325,1600,,
5120,5120,0,Foreman,,,,,,564,5120,,,,0,,,,0,0,,,
2648,2648,0,Foreman,,,,,,565,2648,,,,0,,,,0,0,,,
2100,2100,0,Foreman,,,,,,569,2100,,,,0,,,,0,0,,,
4500,4500,0,Foreman,,,,,,572,4500,,,,0,,,,0,0,,,
10000,7190,2810,Tapers,21,160,,,,574,10000,1,1,,2,28,21,,49,325,6400,,
1190,1190,0,Carpenters,10,165,,,,576,1190,1,1,,2,10,5,,15,325,,,
3260.01528,3260,0.01528,Carpenters,10,165,,,,577,,1,1,,2,10,6,,16,325,,,
4646,4646,0,,21,165,,,,578,4646,1,1,,2,21,14,,35,325,,,
2656.00104,2656,0.00104,Carpenters,14,165,,,,579,,1,,,1,14,,,14,165,,,
1815,2090,-275,Carpenters,11,165,,,,580,,1,,,1,11,,,11,165,,,
785.00004,785,4.00E-05,Carpenters,4,165,,,,581,,1,,,1,4,,,4,165,,,
795.00366,795,0.00366,Foreman,4,165,,,,582,,1,,,1,4,,,4,165,,,
955.62,955,0.62,,12,160,,,,583,955.62,1,1,,2,12,16,,28,325,,,
1790.0043,1790,0.0043,Tapers,3,160,,,,584,,1,1,,2,3,6,,9,325,,,
4470.03279,2235,2235.03279,Carpenters,9,205,,,,585,,2,,,2,9,,,9,205,,,
3805.02248,3805,0.02248,Tapers,7,160,,,,586,,1,1,,2,7,14,,21,325,,,
5805.005539,4651.62,1153.385539,Tapers,14,160,,,,588,,1,1,,2,14,17,,31,325,,,
660,660,0,Carpenters,4,165,,,,589,,1,,,1,4,,,4,165,,,
1780.00053,1040,740.00053,Carpenters,7,165,,,,590,,1,,,1,7,,,7,165,,,
1155,1155,0,Carpenters,7,165,,,,591,1155,1,,,1,7,,,7,165,,,
2616.25,2616,0.25,Tapers,7,160,,,,592,,1,1,,2,7,7,,14,325,,,
1311,1311,0,Tapers,3,160,,,,596,,1,1,,2,3,4,,7,325,,,
3700,3700,0,Carpenters,10,165,,,,597,3700,2,,,2,10,,,10,165,,,
2275,2275,0,Tapers,7,160,,,,598,,1,1,,2,7,7,,14,325,,,
2275,2275,0,Tapers,7,160,,,,599,,1,1,,2,7,7,,14,325,,,
245000,245000,0,Foreman,,,,,,601,245000,,,,0,,,,0,0,,,
1040,1040,0,Foreman,,,,,,602,1040,,,,0,,,,0,0,,,
2610,2610,0,Foreman,,,,,,603,2610,,,,0,,,,0,0,,,
1320,1320,0,Foreman,,,,,,604,1320,,,,0,,,,0,0,,,
-6666,-6666,0,Foreman,,,,,,614,-6666,,,,0,,,,0,0,,,
0,6860,-6860,Foreman,,,,,,623,6860,,,,0,,,,0,0,,,
13400,13400,0,Foreman,,,,,,629,13400,,,,0,,,,0,0,,,
6000,6000,0,Foreman,,,,,,631,6000,,,,0,,,,0,0,,,
0,14740,-14740,,,,,,,642,,,,,0,,,,0,0,,,
-9000,-9000,0,Foreman,,,,,,643,-9000,,,,0,,,,0,0,,,
3325,3823,-498,Carpenters,14,160,,,,650,,1,1,,2,14,7,,21,315,,,
2625.00875,2625,0.00875,Carpenters,7,165,,,,651,,1,1,,2,7,7,,14,325,,,
0,17080,-17080,,,,,,,658,,,,,0,,,,0,0,,,
13640,13640,0,Foreman,,,,,,665,13640,,,,0,,,,0,0,,,
14660,14660,0,Foreman,,,,,,666,14660,,,,0,,,,0,0,,,
3420,3420,0,Foreman,,,,,,670,3420,,,,0,,,,0,0,,,
2114,2114,0,,16,151,,,,672,2114,1,,,1,16,,,16,151,,,
7055.7921,7055,0.7921,Carpenters,21,151,,,,674,,2,,,2,21,,,21,151,,,
330,330,0,,7,151,,,,675,330,1,,,1,7,,,7,151,,,
10800,10800,0,Foreman,,,,,,677,10800,,,,0,,,,0,0,,,
0,8909,-8909,,,,,,,687,,,,,0,,,,0,0,,,
3700,3700,0,Carpenters,7,165,,,,690,3700,2,1,,3,7,7,,14,325,,,
4000,4000,0,Carpenters,,,,,,697,4000,,,,0,,,,0,0,,,
14665,14665,0,Foreman,,,,,,703,14665,,,,0,,,,0,0,,,
3300,3300,0,Carpenters,16,165,,,,715,,1,,,1,16,,,16,165,,,
2575.00425,2575,0.00425,Carpenters,7,165,,,,716,,1,1,,2,7,7,,14,325,,,
1500.0064,1500,0.0064,Tapers,8,160,,,,717,,1,,,1,8,,,8,160,,,
1696.25,1696,0.25,Tapers,7,165,,,,720,,1,1,,2,7,2,,9,325,,,
4788,4788,0,Tapers,8,150,,,,721,4788,1,2,,3,8,6,,14,310,,,
31553,31553,0,Foreman,,,,,,722,31553,,,,0,,,,0,0,,,
0,1155,-1155,,,,,,,724,,,,,0,,,,0,0,,,
0,4550,-4550,,,,,,,725,,,,,0,,,,0,0,,,
1015.0026,1015,0.0026,Carpenters,4,160,,,,727,,1,1,,2,4,2,,6,310,,,
2109.99954,2109,0.99954,Carpenters,7,160,,,,728,,1,1,,2,7,5,,12,310,,,
858,858,0,Foreman,3,160,,,,729,,1,1,,2,3,2,,5,310,,,
1905.0032,1905,0.0032,Carpenters,7,160,,,,730,,1,1,,2,7,4,,11,310,,,
1565.0718,1565,0.0718,Carpenters,6,160,,,,731,,1,1,,2,6,3,,9,310,,,
2800,2800,0,Carpenters,5,160,,,,732,,2,1,,3,5,6,,11,310,,,
1264.999936,1264,0.999936,Carpenters,4,160,,,,733,,1,1,,2,4,3,,7,310,,,
879.999978,879,0.999978,Tapers,2,150,,,,734,,1,1,,2,2,3,,5,310,,,
2900,2900,0,Carpenters,14,160,,,,742,2900,1,,,1,14,,,14,160,,,
5580,5580,0,,,,1,Lift,300,747,5580,,,,0,,,,0,0,"300,155,165,125","1,40,2,3","Lift,LF,Hours,Hours"
3696.000195,3696,0.000195,Carpenters,14,165,,,,748,,1,1,,2,14,5,,19,325,,,
1120,1288,-168,Carpenters,7,160,,,,751,,1,,,1,7,,,7,160,,,
13000,13000,0,Carpenters,,,,,,752,13000,,,,0,,,,0,0,,,
5640.75,5640,0.75,Carpenters,21,165,,,,754,,1,1,,2,21,9,,30,325,,,
2030.00037,2030,0.00037,Carpenters,6,165,,,,758,,1,1,,2,6,4,,10,325,,,
1711.632897,1711,0.6328965,Carpenters,5,165,,,,759,,1,1,,2,5,4,,9,325,,,
37500,37500,0,Foreman,,,,,,762,37500,,,,0,,,,0,0,,,
8320,8320,0,,,,,,,763,8320,,,,0,,,,0,0,,,
9000,9000,0,Foreman,,,,,,764,9000,,,,0,,,,0,0,,,
13000,13000,0,Foreman,,,,,,766,13000,,,,0,,,,0,0,,,
3752.44,3752,0.44,,21,165,,,,774,3752.44,2,,,2,21,,,21,165,,,
1840,1840,0,Foreman,,,,,,778,1840,,,,0,,,,0,0,,,
-1270,-1270,0,Foreman,,,,,,780,-1270,,,,0,,,,0,0,,,
11455,11455,0,Foreman,,,,,,781,11455,,,,0,,,,0,0,,,
1327.38,1327.38,0,,7,165,,,,786,1327.38,1,,,1,7,,,7,165,,,
4186,4186,0,,21,165,,,,788,4186,1,1,,2,21,14,,35,325,,,
5416.8,5416,0.8,Carpenters,8,205,,,,789,,2,1,,3,8,8,,16,405,,,
0,2254,-2254,,,,,,,806,,,,,0,,,,0,0,,,
0,1127,-1127,,,,,,,808,,,,,0,,,,0,0,,,
8000,8000,0,Foreman,,,,,,818,8000,,,,0,,,,0,0,,,
4920,4920,0,Carpenters,10,205,,,,822,,2,,,2,10,,,10,205,,,
0,2254,-2254,,,,,,,832,,,,,0,,,,0,0,,,
2775.001775,0,2775.001775,Carpenters,7,165,,,,847,,1,1,,2,7,7,,14,325,,,
2055.000255,2055,0.000255,Carpenters,7,165,,,,848,,1,,,1,7,,,7,165,,,
0,9566,-9566,,,,,,,850,,,,,0,,,,0,0,,,
1600,1600,0,,7,205,,,,853,1600,1,,,1,7,,,7,205,,,
5865,2932.5,2932.5,,,160,,,,855,5865,,,,0,,,,0,160,,,
4030.00112,4030,0.00112,Carpenters,8,155,,,,857,,2,1,,3,8,8,,16,305,,,
32256,32256,0,Carpenters,,165,,,,862,32256,,,,0,,,,0,165,,,
40802,40802,0,Foreman,,,,,,865,40802,,,,0,,,,0,0,,,
3551,3551,0,,21,151,,,,870,3551,1,1,,2,21,7,,28,262,,,
0,2415,-2415,Carpenters,10,210,,,,873,,1,,,1,10,,,10,210,,,
1126355.79,1122848.79,3507,,,,,,,875,1126355.79,,,,0,,,,0,0,,,
7470,7470,0,Foreman,,,,,,882,7470,,,,0,,,,0,0,,,
3430,3430,0,Foreman,,,,,,884,3430,,,,0,,,,0,0,,,
3035,3035,0,,7,205,,,,896,3035,1,1,,2,7,7,,14,405,,,
2230.000542,2230,0.000542,Carpenters,6,165,,,,898,,2,,,2,6,,,6,165,,,
2431.1,2431,0.1,Carpenters,7,151,,,,899,,2,,,2,7,,,7,151,,,
569.25,569,0.25,Carpenters,3,165,,,,909,,1,,,1,3,,,3,165,,,
900.9,900,0.9,Carpenters,4,165,,,,910,900,1,,,1,4,,,4,165,,,
563.5,563,0.5,Carpenters,2,165,,,,914,,1,1,,2,2,1,,3,325,,,
0,4925,-4925,Carpenters,21,225,,,,921,,1,,,1,21,,,21,225,,,
2500,2500,0,,10,225,,,,922,2500,1,1,,2,10,4,,14,425,,,
3105.901094,3105,0.9010944,Carpenters,16,151.92,,,,925,,1,,,1,16,,,16,151.92,,,
3335.661,3335,0.661,Carpenters,7,205,,,,936,,1,1,,2,7,7,,14,405,,,
1200,1200,0,Foreman,,,,,,941,1200,,,,0,,,,0,0,,,
0,16321,-16321,,,,,,,946,,,,,0,,,,0,0,,,
13340.4864,9590,3750.4864,Carpenters,16,165,,,3750,947,,2,1,,3,16,21,,37,325,3750,,
0,0,0,,,,,,,952,,,,,0,,,,0,0,,,
43500,43500,0,Foreman,,,,,,958,43500,,,,0,,,,0,0,,,
3115.696,3115,0.696,Carpenters,10,165,,,,961,,1,1,,2,10,7,,17,325,,,
945.285,945,0.285,Carpenters,5,165,,,,962,,1,,,1,5,,,5,165,,,
1900.6875,1900,0.6875,Carpenters,7,165,,,,963,,1,1,,2,7,3,,10,325,,,
975.5625,975,0.5625,Carpenters,5,165,,,,968,,1,,,1,5,,,5,165,,,
3600,3600,0,,7,111,,,,982,3600,1,2,,3,7,14,,21,262,,,
25380,25830,-450,Foreman,,,,,,986,25380,,,,0,,,,0,0,,,
3485,3485,0,Foreman,,,,,,990,3485,,,,0,,,,0,0,,,
0,3920,-3920,,,,,,,997,,,,,0,,,,0,0,,,
-6100,-6100,0,Foreman,,,,,,1005,-6100,,,,0,,,,0,0,,,
0,2415,-2415,,,,,,,1009,,,,,0,,,,0,0,,,
4092,4092,0,Carpenters,7,165,1,$,627,1011,,3,,,3,7,,,7,165,627,1,$
0,5175,-5175,,,,,,,1016,,,,,0,,,,0,0,,,
9495,9495,0,,,,,,,1020,9495,,,,0,,,,0,0,,,
1275,1275,0,Foreman,,,,,,1028,1275,,,,0,,,,0,0,,,
6860,6100,760,Foreman,,,,,,1029,6860,3,1,,4,7,7,,14,910,,,
4000,4000,0,Foreman,,,,,,1030,4000,,,,0,,,,0,0,,,
0,660,-660,Carpenters,4,165,,,,1041,,1,,,1,4,,,4,165,,,
3600,3600,0,Foreman,,,,,,1042,3600,,,,0,,,,0,0,,,
4165,4165,0,,,,,,,1043,4165,,,,0,,,,0,0,,,
3260,0,3260,Foreman,,,,,,1052,3260,,,,0,,,,0,0,,,
3260,3260,0,Foreman,,,,,,1053,3260,,,,0,,,,0,0,,,
0,1328,-1328,,,,,,,1054,,,,,0,,,,0,0,,,
1275,1275,0,,,,,,,1057,1275,1,,,1,5,,,5,205,250,,
5005,5005,0,,,,,,,1058,5005,,,,0,,,,0,0,,,
0,1403,-1403,Carpenters,4,205,,,,1060,,1,1,,2,4,2,,6,405,,,
1888,1888,0,Foreman,,,,,,1062,1888,,,,0,,,,0,0,,,
9301,9301,0,,28,165,,,,1068,9301,1,1,,2,28,12,,40,325,981,,
7650,7650,0,Foreman,,,,,,1071,7650,,,,0,,,,0,0,,,
20000,20000,0,,,,,,,1074,20000,,,,0,,,,0,0,,,
1905,1905,0,Foreman,,,,,,1076,1905,1,1,,2,8,2,,10,262,475,,
8569,8569,0,Foreman,,,,,,1077,8569,,,,0,,,,0,0,,,
1888,1888,0,Foreman,,,,,,1078,1888,,,,0,,,,0,0,,,
8934,8934,0,Foreman,,,,,,1079,8934,,,,0,,,,0,0,,,
1251,1251,0,Foreman,,,,,,1080,1251,1,1,,2,5,3,,8,262,163,,
12000,12000,0,,,,,,,1083,12000,2,,,2,32,,,32,165,2440,,
2500,0,2500,Foreman,,,,,,1084,2500,,,,0,,,,0,0,,,
0,14312,-14312,,,,,,,1085,,,,,0,,,,0,0,,,
2490,0,2490,Foreman,,,,,,1088,2490,,,,0,,,,0,0,,,
1290,1290,0,Foreman,,,,,,1090,1290,2,,,2,3,,,3,165,300,,
3465,3465,0,Foreman,,,,,,1093,3465,,,,0,,,,0,0,,,
4000,4000,0,Foreman,,,,,,1094,4000,,,,0,,,,0,0,,,
1920,1920,0,Foreman,,,,,,1103,1920,1,1,,2,4,4,,8,405,300,,
3000,3000,0,Foreman,,,,,,1108,3000,,,,0,,,,0,0,,,
814,814,0,Carpenters,4,165,1,Access Door,154,1110,1895,1,,,1,4,,,4,165,154,1,Access Door
0,40000,-40000,,,,,,,1113,,,,,0,,,,0,0,,,
550,0,550,Foreman,,,,,,1114,550,,,,0,,,,0,0,,,
2009,2310,-301,Carpenters,21,59,,,,1115,,1,1,,2,21,14,,35,59,,,
0,3100,-3100,Carpenters,6,165,,,,1119,3100,2,,,2,6,,,6,165,,,
0,3961,-3961,,,,,,,1123,,,,,0,,,,0,0,,,
1640,1640,0,Foreman,,,,,,1126,1640,,,,0,,,,0,0,,,
3595,3595,0,Foreman,,,,,,1130,3595,,,,0,,,,0,0,,,
6750,6750,0,Foreman,,,,,,1131,6750,,,,0,,,,0,0,,,
1455.075,1455,0.075,Carpenters,5,165,,,,1135,,1,1,,2,5,3,,8,325,,,
3930.124,3930,0.124,Carpenters,12,165,,,,1136,,1,1,,2,12,10,,22,325,,,
8975,8975,0,,,,,,,1160,8975,,,,0,,,,0,0,6800,,
3850,3850,0,,,,,,,1162,3850,2,1,,3,16,7,,23,325,300,,
3451,3451,0,,,,,,,1165,3451,2,1,,3,14,7,,21,262,650,,
1470,1470,0,,,,,,,1168,1470,1,,,1,7,,,7,210,210,,
3500,3500,0,Foreman,,,,,,1169,3500,,,,0,,,,0,0,2200,,
5782,5782,0,Foreman,,,,,,1171,5782,1,1,1,3,28,14,,42,262,,,
5425.36,5425,0.36,Foreman,,,,,,1172,5425.36,,,,0,,,,0,0,,,
3755,3755,0,Foreman,,,,,,1173,3755,,,,0,,,,0,0,,,
1495,1495,0,Foreman,,,,,,1175,1495,,,,0,,,,0,0,,,
2722,2722,0,Foreman,,,,,,1176,2722,,,,0,,,,0,0,,,
14890,14890,0,Foreman,,,,,,1177,14890,,,,0,,,,0,0,,,
2910,2910,0,Foreman,,,,,,1180,2910,,,,0,,,,0,0,,,
7300,7300,0,,,,,,,1188,7300,1,1,,2,14,7,,21,325,1035,,
2210,0,2210,Foreman,,,,,,1189,2210,1,1,,2,7,3,,10,405,175,,
3790,3790,0,,,,,,,1191,3790,,,,0,,,,0,0,,,
2000,2000,0,,,,,,,1192,2000,,,,0,,,,0,0,,,
1400,1400,0,,,,,,,1193,1400,,,,0,,,,0,0,,,
2758,2758,0,,,,,,,1200,2758,,,,0,,,,0,0,,,
0,19540,-19540,,,,,,,1203,,,,,0,,,,0,0,,,
8855,8855,0,,,,,,,1205,8855,,,,0,,,,0,0,,,
2800,2800,0,,,,,,,1207,2800,,,,0,,,,0,0,,,
3580,0,3580,,,,,,,1213,3580,,,,0,,,,0,0,,,
10580,10580,0,,,,,,,1220,10580,,,,0,,,,0,0,,,
0,4055,-4055,,,,,,,1224,,,,,0,,,,0,0,,,
13040,13040,0,,,,,,,1228,13040,,,,0,,,,0,0,,,
4800,4800,0,,,,,,,1231,4800,,,,0,,,,0,0,,,
11992,11992,0,,,,,,,1233,11992,,,,0,,,,0,0,,,
750,750,0,,,,,,,1235,750,,,,0,,,,0,0,,,
900,900,0,,,,,,,1238,900,,,,0,,,,0,0,,,
2084,2084,0,,,,,,,1239,2084,,,,0,,,,0,0,,,
2084,2084,0,,,,,,,1240,2084,,,,0,,,,0,0,,,
6128,6128,0,,,,,,,1242,6128,,,,0,,,,0,0,,,
6511,6511,0,,,,,,,1247,6511,,,,0,,,,0,0,,,
378,378,0,,,,,,,1249,378,,,,0,,,,0,0,,,
5000,5000,0,,,,,,,1250,5000,,,,0,,,,0,0,,,
800,800,0,,,,,,,1252,800,,,,0,,,,0,0,,,
1834,1834,0,,,,,,,1253,1834,,,,0,,,,0,0,,,
10532,10532,0,,,,,,,1254,10532,,,,0,,,,0,0,,,
15000,15000,0,,,,,,,1262,15000,,,,0,,,,0,0,,,
5685,5685,0,,,,,,,1263,5685,,,,0,,,,0,0,,,
3795,0,3795,,,,,,,1265,3795,,,,0,,,,0,0,,,
3500,3500,0,,,,,,,1266,3500,,,,0,,,,0,0,,,
937,937,0,,,,,,,1267,937,,,,0,,,,0,0,,,
3900,3900,0,,,,,,,1268,3900,,,,0,,,,0,0,,,
1324,1324,0,,,,,,,1270,1324,,,,0,,,,0,0,,,
14455,14455,0,,,,,,,1271,14455,,,,0,,,,0,0,,,
3470,3470,0,,,,,,,1276,3470,,,,0,,,,0,0,,,
9000,0,9000,,,,,,,1277,9000,,,,0,,,,0,0,,,
2735,2735,0,,,,,,,1281,2735,,,,0,,,,0,0,,,
906,906,0,,,,,,,1284,906,,,,0,,,,0,0,,,
2585,2585,0,,,,,,,1285,2585,,,,0,,,,0,0,,,
3575,3575,0,,,,,,,1286,3575,,,,0,,,,0,0,,,
855,855,0,,,,,,,1287,855,,,,0,,,,0,0,,,
0,24506,-24506,,,,,,,1299,,,,,0,,,,0,0,,,
0,2768,-2768,,,,,,,1301,,,,,0,,,,0,0,,,
0,5600,-5600,,,,,,,1303,,,,,0,,,,0,0,,,
0,15014,-15014,,,,,,,1305,,,,,0,,,,0,0,,,
5500,5500,0,,,,,,,1317,5500,,,,0,,,,0,0,,,
19500,19500,0,,,,,,,1318,19500,,,,0,,,,0,0,,,
25600,25600,0,,,,,,,1319,25600,,,,0,,,,0,0,,,
34500,34500,0,,,,,,,1321,34500,,,,0,,,,0,0,,,
6250,6250,0,,,,,,,1324,6250,,,,0,,,,0,0,,,
1538,1538,0,,,,,,,1327,1538,,,,0,,,,0,0,,,
21000,21000,0,,,,,,,1343,21000,,,,0,,,,0,0,,,
5600,5600,0,,,,,,,1346,5600,,,,0,,,,0,0,,,
6000,6000,0,,,,,,,1347,6000,,,,0,,,,0,0,,,
0,25179,-25179,,,,,,,1351,,,,,0,,,,0,0,,,
2800,2800,0,,,,,,,1355,2800,,,,0,,,,0,0,,,
18000,18000,0,,,,,,,1357,18000,,,,0,,,,0,0,,,
5000,5000,0,,,,,,,1359,5000,,,,0,,,,0,0,,,
4051,4051,0,,,,,,,1362,4051,,,,0,,,,0,0,,,
-1400,-1400,0,,,,,,,1363,-1400,,,,0,,,,0,0,,,
48500,0,48500,,,,,,,1365,48500,,,,0,,,,0,0,,,
30255,30255,0,,,,,,,1368,30255,,,,0,,,,0,0,,,
120500,120500,0,,,,,,,1373,120500,,,,0,,,,0,0,,,
2179,2179,0,,,,,,,1377,2179,,,,0,,,,0,0,,,
2000,2000,0,,,,,,,1379,2000,,,,0,,,,0,0,,,
1395,1395,0,,,,,,,1381,1395,,,,0,,,,0,0,,,
3420,3420,0,,,,,,,1385,3420,,,,0,,,,0,0,,,
5140.44,5140,0.44,,,,,,,1386,5140.44,,,,0,,,,0,0,,,
3820,3820,0,,,,,,,1387,3820,,,,0,,,,0,0,,,
6875,6875,0,,,,,,,1390,6875,,,,0,,,,0,0,,,
10550,10550,0,,,,,,,1393,10550,,,,0,,,,0,0,,,
6085,6085,0,,,,,,,1396,6085,,,,0,,,,0,0,,,
10415,10415,0,,,,,,,1397,10415,,,,0,,,,0,0,,,
17100,17100,0,,,,,,,1398,17100,,,,0,,,,0,0,,,
3868.1,3868.1,0,,,,,,,1399,3868.1,,,,0,,,,0,0,,,
20000,20000,0,,,,,,,1400,20000,,,,0,,,,0,0,,,
2000,2000,0,,,,,,,1401,2000,,,,0,,,,0,0,,,
8000,8000,0,,,,,,,1402,8000,,,,0,,,,0,0,,,
31875,31875,0,,,,,,,1403,31875,,,,0,,,,0,0,,,
4065,4065,0,,,,,,,1416,4065,,,,0,,,,0,0,,,
1780,1780,0,,,,,,,1417,1780,1,,,1,14,,,14,165,625,,
3855,3855,0,,,,,,,1419,3855,1,1,,2,14,7,,21,325,425,,
4750,4750,0,,,,,,,1420,4750,1,1,,2,14,8,,22,405,600,,
4477,4477,0,,,,,,,1421,4477,1,1,,2,14,9,,23,405,375,,
904,904,0,,,,,,,1429,904,5,1,,6,4,4,,8,0,,,
3085,3085,0,,,,,,,1430,3085,1,1,,2,9,7,,16,325,480,,
176000,176000,0,,,,,,,1432,176000,,,,0,,,,0,0,,,
7450,7450,0,,,,,,,1433,7450,,,,0,,,,0,0,,,
4206,4206,0,,,,,,,1434,4206,,,,0,,,,0,0,,,
32000,32000,0,,,,,,,1438,32000,,,,0,,,,0,0,,,
8440,8440,0,,,,,,,1439,8440,2,1,,3,14,21,,35,325,460,,
1635,1635,0,,,,,,,1440,1635,1,1,,2,5,4,,9,325,170,,
650,650,0,,,,,,,1441,650,,,,0,,,,0,0,,,
2500,2500,0,,,,,,,1442,2500,,,,0,,,,0,0,,,
2000,2000,0,,,,,,,1445,5325,1,1,,2,21,14,,35,262,600,,
2575,2575,0,,,,,,,1446,2575,1,1,,2,7,7,,14,325,300,,
700,700,0,,,,,,,1447,700,,,,0,,,,0,0,,,
6000,6000,0,,,,,,,1449,6000,,,,0,,,,0,0,,,
5000,5000,0,,,,,,,1453,5000,,,,0,,,,0,0,,,
14710,14710,0,,,,,,,1457,14710,,,,0,,,,0,0,,,
1465,1465,0,,,,,,,1460,1465,,,,0,,,,0,0,,,
6560,6560,0,,,,,,,1464,6560,,,,0,,,,0,0,,,
11855,11855,0,,,,,,,1465,11855,,,,0,,,,0,0,,,
32300,32300,0,,,,,,,1466,32300,,,,0,,,,0,0,,,
10280,10280,0,,,,,,,1467,10280,,,,0,,,,0,0,,,
815,815,0,,,,,,,1468,815,,,,0,,,,0,0,,,
4495,0,4495,,,,,,,1471,4495,2,1,,3,7,7,,14,405,225,,
-1090.91,-1090,-0.91,,,,,,,1488,-1090.91,,,,0,,,,0,0,,,
9818.3,9818,0.3,,,,,,,1493,9818.3,,,,0,,,,0,0,,,
12800,12800,0,,,,,,,1495,12800,,,,0,,,,0,0,,,
6200,6200,0,,,,,,,1496,6200,,,,0,,,,0,0,,,
1820,1820,0,,,,,,,1497,1820,,,,0,,,,0,0,,,
2200,2200,0,,,,,,,1498,2200,,,,0,,,,0,0,,,
4565,4565,0,,,,,,,1500,4565,,,,0,,,,0,0,,,
1500,1500,0,,,,,,,1506,1500,,,,0,,,,0,0,,,
1240,1240,0,,,,,,,1507,1240,1,1,,2,3,2,,5,0,,,
1400,1400,0,,,,,,,1508,1400,,,,0,,,,0,0,,,
815,815,0,,,,,,,1510,815,,,,0,,,,0,0,,,
-6025,-6025,0,,,,,,,1516,-6025,,,,0,,,,0,0,,,
1435,1435,0,,,,,,,1518,1435,,,,0,,,,0,0,,,
11410,11410,0,,,,,,,1519,11410,,,,0,,,,0,0,,,
6860,6860,0,,,,,,,1520,6860,,,,0,,,,0,0,,,
25520,25520,0,,,,,,,1521,25520,,,,0,,,,0,0,,,
6200,6200,0,,,,,,,1522,6200,,,,0,,,,0,0,,,
3500,3500,0,,,,,,,1523,3500,,,,0,,,,0,0,,,
8965,8965,0,,,,,,,1527,8965,,,,0,,,,0,0,,,
5647,5647,0,,,,,,,1528,5647,,,,0,,,,0,0,,,
13121.5,13121,0.5,,,,,,,1531,13121.5,,,,0,,,,0,0,,,
29235,29235,0,,,,,,,1532,29235,,,,0,,,,0,0,,,
2000,2000,0,,,,,,,1533,2000,,,,0,,,,0,0,,,
4276,4276,0,,,,,,,1534,4276,,,,0,,,,0,0,,,
2800,2800,0,,,,,,,1536,2800,,,,0,,,,0,0,,,
2890,2890,0,,,,,,,1539,2890,,,,0,,,,0,0,,,
4065,4065,0,,,,,,,1541,4065,,,,0,,,,0,0,,,
1150,1150,0,,,,,,,1543,1150,,,,0,,,,0,0,,,
10740,10740,0,,,,,,,1544,10740,,,,0,,,,0,0,,,
4030,4030,0,,,,,,,1545,4030,,,,0,,,,0,0,,,
5720,5720,0,,,,,,,1547,5720,,,,0,,,,0,0,,,
16000,16000,0,,,,,,,1550,16000,,,,0,,,,0,0,,,
6987,6987,0,,,,,,,1551,6987,,,,0,,,,0,0,,,
3372,3372,0,,,,,,,1556,3372,,,,0,,,,0,0,,,
2400,2400,0,,,,,,,1561,2400,,,,0,,,,0,0,,,
23110,23110,0,,,,,,,1562,23110,,,,0,,,,0,0,,,
-1150,-1150,0,,,,,,,1564,-1150,,,,0,,,,0,0,,,
3910,3910,0,,,,,,,1566,3910,,,,0,,,,0,0,,,
2300,2300,0,,,,,,,1567,2300,,,,0,,,,0,0,,,
-1200,-1200,0,,,,,,,1568,-1200,,,,0,,,,0,0,,,
11050,11050,0,,,,,,,1573,11050,,,,0,,,,0,0,,,
9730,9730,0,,,,,,,1577,9730,,,,0,,,,0,0,,,
5370,5370,0,,,,,,,1578,5370,,,,0,,,,0,0,,,
4300,4300,0,,,,,,,1579,4300,,,,0,,,,0,0,,,
1995,0,1995,,,,,,,1580,1995,,,,0,,,,0,0,,,
8000,8000,0,,,,,,,1581,8000,,,,0,,,,0,0,,,
3405,0,3405,,,,,,,1587,3405,,,,0,,,,0,0,,,
2000,2000,0,,,,,,,1588,2000,,,,0,,,,0,0,,,
1425,1425,0,,,,,,,1589,1425,,,,0,,,,0,0,,,
1065,1065,0,,,,,,,1590,1065,,,,0,,,,0,0,,,
1788,1788,0,,,,,,,1591,1788,,,,0,,,,0,0,,,
6720,6720,0,,,,,,,1592,6720,,,,0,,,,0,0,,,
1700,1700,0,,,,,,,1597,1700,,,,0,,,,0,0,,,
3640,3640,0,,,,,,,1598,3640,,,,0,,,,0,0,,,
2525,2525,0,,,,,,,1601,2525,,,,0,,,,0,0,,,
1900,1900,0,,,,,,,1612,1900,,,,0,,,,0,0,,,
-400,-400,0,,,,,,,1613,-400,,,,0,,,,0,0,,,
3700,3700,0,,,,,,,1620,3700,,,,0,,,,0,0,,,
5600,5600,0,,,,,,,1621,5600,,,,0,,,,0,0,,,
7039,7039,0,,,,,,,1622,7039,,,,0,,,,0,0,,,
13856,13856,0,,,,,,,1623,13856,,,,0,,,,0,0,,,
5700,5700,0,,,,,,,1629,5700,,,,0,,,,0,0,,,
3770,3770,0,,,,,,,1630,3770,,,,0,,,,0,0,,,
2850,2850,0,,,,,,,1632,2850,,,,0,,,,0,0,,,
2850,2850,0,,,,,,,1633,2850,,,,0,,,,0,0,,,
2850,2850,0,,,,,,,1634,2850,,,,0,,,,0,0,,,
955,955,0,,,,,,,1639,955,,,,0,,,,0,0,,,
0,0,0,,,,,,,1640,0,,,,0,,,,0,0,,,
0,0,0,,,,,,,1641,0,,,,0,,,,0,0,,,
12690,12690,0,,,,,,,1642,12690,,,,0,,,,0,0,,,
0,0,0,,,,,,,1643,0,,,,0,,,,0,0,,,
0,0,0,,,,,,,1644,0,,,,0,,,,0,0,,,
0,0,0,,,,,,,1645,0,,,,0,,,,0,0,,,
0,0,0,,,,,,,1646,0,,,,0,,,,0,0,,,
0,0,0,,,,,,,1647,0,,,,0,,,,0,0,,,
31600,31600,0,,,,,,,1648,31600,,,,0,,,,0,0,,,
9800,9800,0,,,,,,,1650,9800,,,,0,,,,0,0,,,
24850,24850,0,,,,,,,1652,24850,,,,0,,,,0,0,,,
1155,1155,0,,,,,,,1654,1155,,,,0,,,,0,0,,,
1800,1800,0,,,,,,,1657,1800,,,,0,,,,0,0,,,
1835,1835,0,,,,,,,1659,1835,,,,0,,,,0,0,,,
1570,1570,0,,,,,,,1660,1570,,,,0,,,,0,0,,,
2900,2900,0,,,,,,,1667,2900,,,,0,,,,0,0,,,
2635,2635,0,,,,,,,1671,2635,,,,0,,,,0,0,,,
40000,40000,0,,,,,,,1673,40000,,,,0,,,,0,0,,,
3180,3180,0,,,,,,,1675,3180,,,,0,,,,0,0,,,
1650,1650,0,,,,,,,1677,1650,,,,0,,,,0,0,,,
800,800,0,,,,,,,1678,800,,,,0,,,,0,0,,,
2715,2715,0,,,,,,,1680,2715,,,,0,,,,0,0,,,
8095,8095,0,,,,,,,1685,8095,,,,0,,,,0,0,,,
21590,21590,0,,,,,,,1687,21590,,,,0,,,,0,0,,,
15800,15800,0,,,,,,,1689,15800,,,,0,,,,0,0,,,
5390,5390,0,,,,,,,1692,5390,,,,0,,,,0,0,,,
7320,7320,0,,,,,,,1693,7320,,,,0,,,,0,0,,,
2175,2175,0,,,,,,,1694,2175,,,,0,,,,0,0,,,
14700,14700,0,,,,,,,1700,14700,,,,0,,,,0,0,,,
6105,6105,0,,,,,,,1716,6105,,,,0,,,,0,0,,,
10890,10890,0,,,,,,,1717,10890,,,,0,,,,0,0,,,
3710,3710,0,,,,,,,1722,3710,,,,0,,,,0,0,,,
6005,6005,0,,,,,,,1723,6005,,,,0,,,,0,0,,,
1290,1290,0,,,,,,,1724,1290,,,,0,,,,0,0,,,
1100,1100,0,,,,,,,1725,1100,,,,0,,,,0,0,,,
3500,3500,0,,,,,,,1726,3500,,,,0,,,,0,0,,,
-2672,-2672,0,,,,,,,1728,-2672,,,,0,,,,0,0,,,
1650,1650,0,,,,,,,1730,1650,,,,0,,,,0,0,,,
1040,1040,0,,,,,,,1736,1040,,,,0,,,,0,0,,,
1455,1455,0,,,,,,,1737,1455,,,,0,,,,0,0,,,
915,915,0,,,,,,,1741,915,,,,0,,,,0,0,,,
16371.11,16371,0.11,,,,,,,1758,16371.11,,,,0,,,,0,0,,,
-7638,-7638,0,,,,,,,1761,-7638,,,,0,,,,0,0,,,
-3405.75,-3405,-0.75,,,,,,,1762,-3405.75,,,,0,,,,0,0,,,
-5358,-5358,0,,,,,,,1763,-5358,,,,0,,,,0,0,,,
365,365,0,,,,,,,1764,365,,,,0,,,,0,0,,,
1560,1560,0,,,,,,,1771,1560,,,,0,,,,0,0,,,
490,490,0,,,,,,,1777,490,,,,0,,,,0,0,,,
2225,2225,0,,,,,,,1778,2225,,,,0,,,,0,0,,,
730,730,0,,,,,,,1779,730,,,,0,,,,0,0,,,
380,380,0,,,,,,,1780,380,,,,0,,,,0,0,,,
6482,6482,0,,,,,,,1781,6482,,,,0,,,,0,0,,,
4905,4905,0,,,,,,,1783,4905,,,,0,,,,0,0,,,
3045,3045,0,,,,,,,1784,3045,,,,0,,,,0,0,,,
2025,2025,0,,,,,,,1785,2025,,,,0,,,,0,0,,,
5450,5450,0,,,,,,,1788,5450,,,,0,,,,0,0,,,
38410,38410,0,,,,,,,1789,38410,,,,0,,,,0,0,,,
1505,1505,0,,,,,,,1790,1505,,,,0,,,,0,0,,,
18340,18340,0,,,,,,,1791,18340,,,,0,,,,0,0,,,
11450,11450,0,,,,,,,1792,11450,,,,0,,,,0,0,,,
27045,27045,0,,,,,,,1793,27045,,,,0,,,,0,0,,,
4310,4310,0,,,,,,,1794,4310,,,,0,,,,0,0,,,
6230,6230,0,,,,,,,1795,6230,,,,0,,,,0,0,,,
2045,2045,0,,,,,,,1799,2045,,,,0,,,,0,0,,,
10100,10100,0,,,,,,,1800,10100,,,,0,,,,0,0,,,
1175,1175,0,,,,,,,1802,1175,,,,0,,,,0,0,,,
902,902,0,,,,,,,1803,902,,,,0,,,,0,0,,,
7610,7610,0,,,,,,,1813,7610,,,,0,,,,0,0,,,
10450,10450,0,,,,,,,1818,10450,,,,0,,,,0,0,,,
7000,7000,0,,,,,,,1819,7000,,,,0,,,,0,0,,,
8800,8800,0,,,,,,,1822,8800,,,,0,,,,0,0,,,
38500,38500,0,,,,,,,1825,38500,,,,0,,,,0,0,,,
990,990,0,,,,,,,1831,990,,,,0,,,,0,0,,,
2205,2205,0,,,,,,,1833,2205,,,,0,,,,0,0,,,
825,825,0,,,,,,,1835,825,,,,0,,,,0,0,,,
2280,2280,0,,,,,,,1836,2280,,,,0,,,,0,0,,,
14340,0,14340,,,,,,,1841,14340,,,,0,,,,0,0,,,
5500,5500,0,,,,,,,1842,5500,,,,0,,,,0,0,,,
18150,18150,0,,,,,,,1845,18150,,,,0,,,,0,0,,,
1055,1055,0,,,,,,,1847,1055,,,,0,,,,0,0,,,
865,865,0,,,,,,,1848,865,,,,0,,,,0,0,,,
2350,2350,0,,,,,,,1849,2350,,,,0,,,,0,0,,,
2790,2790,0,,,,,,,1850,2790,,,,0,,,,0,0,,,
4500,4500,0,,,,,,,1853,4500,,,,0,,,,0,0,,,
2640,2640,0,,,,,,,1854,2640,,,,0,,,,0,0,,,
1400,1400,0,,,,,,,1859,1400,,,,0,,,,0,0,,,
625,625,0,,,,,,,1860,625,,,,0,,,,0,0,,,
800,800,0,,,,,,,1864,800,,,,0,,,,0,0,,,
3700,3700,0,,,,,,,1866,3700,,,,0,,,,0,0,,,
2475,2475,0,,,,,,,1867,2475,,,,0,,,,0,0,,,
1350,1350,0,,,,,,,1868,1350,,,,0,,,,0,0,,,
13121,13121,0,,,,,,,1869,13121,,,,0,,,,0,0,,,
-2800,-2800,0,,,,,,,1870,-2800,,,,0,,,,0,0,,,
1835,1835,0,,,,,,,1876,1835,,,,0,,,,0,0,,,
7955,7955,0,,,,,,,1878,7955,,,,0,,,,0,0,,,
-13030,-13030,0,,,,,,,1879,-13030,,,,0,,,,0,0,,,
18600,18600,0,,,,,,,1890,18600,,,,0,,,,0,0,,,
8066,8066,0,,,,,,,1891,8066,,,,0,,,,0,0,,,
1435,1435,0,,,,,,,1892,1435,,,,0,,,,0,0,,,
5155.5,5155,0.5,,,,,,,1893,5155.5,,,,0,,,,0,0,,,
9180,9180,0,,,,,,,1900,9180,,,,0,,,,0,0,,,
1500,1500,0,,,,,,,1901,1500,,,,0,,,,0,0,,,
41131,41131,0,,,,,,,1904,41131,,,,0,,,,0,0,,,
2902,2902,0,,,,,,,1905,2902,,,,0,,,,0,0,,,
1200,1200,0,,,,,,,1908,1200,,,,0,,,,0,0,,,
10619,10619,0,,,,,,,1910,10619,,,,0,,,,0,0,,,
-1300,-1300,0,,,,,,,1912,-1300,,,,0,,,,0,0,,,
1435,1435,0,,,,,,,1913,1435,,,,0,,,,0,0,,,
745,745,0,,,,,,,1914,745,,,,0,,,,0,0,,,
495,495,0,,,,,,,1917,495,,,,0,,,,0,0,,,
9895,9895,0,,,,,,,1923,9895,,,,0,,,,0,0,,,
1050,1050,0,,,,,,,1924,1050,,,,0,,,,0,0,,,
1520,1520,0,,,,,,,1928,1520,,,,0,,,,0,0,,,
4055,4055,0,,,,,,,1931,4055,,,,0,,,,0,0,,,
4950,4950,0,,,,,,,1932,4950,,,,0,,,,0,0,,,
1455,1455,0,,,,,,,1934,1455,,,,0,,,,0,0,,,
1855,1855,0,,,,,,,1936,1855,,,,0,,,,0,0,,,
1590,1590,0,,,,,,,1938,1590,,,,0,,,,0,0,,,
2485,2485,0,,,,,,,1940,2485,,,,0,,,,0,0,,,
1240,1240,0,,,,,,,1942,1240,,,,0,,,,0,0,,,
0,0,0,,,,,,,1944,0,,,,0,,,,0,0,,,
2620,2620,0,,,,,,,1945,2620,,,,0,,,,0,0,,,
5085,5085,0,,,,,,,1948,5085,,,,0,,,,0,0,,,
2560,2560,0,,,,,,,1950,2560,,,,0,,,,0,0,,,
6500,6500,0,,,,,,,1951,6500,,,,0,,,,0,0,,,
1505,1505,0,,,,,,,1954,1505,,,,0,,,,0,0,,,
1480,1480,0,,,,,,,1955,1480,,,,0,,,,0,0,,,
1190,1190,0,,,,,,,1956,1190,,,,0,,,,0,0,,,
0,0,0,,,,,,,1959,0,,,,0,,,,0,0,,,
37315,37315,0,,,,,,,1960,37315,,,,0,,,,0,0,,,
5075,0,5075,,,,,,,1970,5075,,,,0,,,,0,0,,,
2905,2905,0,,,,,,,1972,2905,,,,0,,,,0,0,,,
2630,2630,0,,,,,,,1974,2630,,,,0,,,,0,0,,,
3885,3885,0,,,,,,,1977,3885,,,,0,,,,0,0,,,
14180,14180,0,,,,,,,1979,14180,,,,0,,,,0,0,,,
21525,21525,0,,,,,,,1980,21525,,,,0,,,,0,0,,,
14360,14360,0,,,,,,,1981,14360,,,,0,,,,0,0,,,
6110,0,6110,,,,,,,1982,6110,,,,0,,,,0,0,,,
4000,0,4000,,,,,,,1984,4000,,,,0,,,,0,0,,,
9120,9120,0,,,,,,,1985,9120,,,,0,,,,0,0,,,
4670,4670,0,,,,,,,1990,4670,,,,0,,,,0,0,,,
9800,9800,0,,,,,,,2007,9800,,,,0,,,,0,0,,,
85000,85000,0,,,,,,,2013,85000,,,,0,,,,0,0,,,
3635,3635,0,,,,,,,2020,3635,,,,0,,,,0,0,,,
5815,5815,0,,,,,,,2021,5815,,,,0,,,,0,0,,,
8460,8460,0,,,,,,,2023,8460,,,,0,,,,0,0,,,
24000,24000,0,,,,,,,2024,24000,,,,0,,,,0,0,,,
12460,12460,0,,,,,,,2025,12460,,,,0,,,,0,0,,,
745,745,0,,,,,,,2030,745,,,,0,,,,0,0,,,
0,0,0,,,,,,,2032,0,,,,0,,,,0,0,,,
0,0,0,,,,,,,2033,0,,,,0,,,,0,0,,,
435,435,0,,,,,,,2037,435,,,,0,,,,0,0,,,
1890,1890,0,,,,,,,2039,1890,,,,0,,,,0,0,,,
5600,5600,0,,,,,,,2043,5600,,,,0,,,,0,0,,,
860,860,0,,,,,,,2044,860,,,,0,,,,0,0,,,
2850,2850,0,,,,,,,2047,2850,,,,0,,,,0,0,,,
3100,3100,0,,,,,,,2048,3100,,,,0,,,,0,0,,,
840,840,0,,,,,,,2050,840,,,,0,,,,0,0,,,
18580,0,18580,,,,,,,2058,18580,,,,0,,,,0,0,,,
12000,12000,0,,,,,,,2059,12000,,,,0,,,,0,0,,,
10405,10405,0,,,,,,,2060,10405,,,,0,,,,0,0,,,
1960,0,1960,,,,,,,2061,1960,,,,0,,,,0,0,,,
5100,5100,0,,,,,,,2062,5100,,,,0,,,,0,0,,,
5040,5040,0,,,,,,,2063,5040,,,,0,,,,0,0,,,
0,4675,-4675,,,,,,,2065,,,,,0,,,,0,0,,,
1530,1530,0,,,,,,,2067,1530,,,,0,,,,0,0,,,
30000,30000,0,,,,,,,2069,30000,,,,0,,,,0,0,,,
-500,-500,0,,,,,,,2070,-500,,,,0,,,,0,0,,,
1780,1780,0,,,,,,,2072,1780,,,,0,,,,0,0,,,
1920,1920,0,,,,,,,2073,1920,,,,0,,,,0,0,,,
2440,2440,0,,,,,,,2076,2440,,,,0,,,,0,0,,,
22500,0,22500,,,,,,,2077,22500,,,,0,,,,0,0,,,
1895,1895,0,,,,,,,2078,1895,,,,0,,,,0,0,,,
1600,1600,0,,,,,,,2090,1600,,,,0,,,,0,0,,,
935,935,0,,,,,,,2091,935,,,,0,,,,0,0,,,
1070,1070,0,,,,,,,2092,1070,,,,0,,,,0,0,,,
2105,2105,0,,,,,,,2093,2105,,,,0,,,,0,0,,,
1430,1430,0,,,,,,,2094,1430,,,,0,,,,0,0,,,
895,895,0,,,,,,,2095,895,,,,0,,,,0,0,,,
915,915,0,,,,,,,2096,915,,,,0,,,,0,0,,,
6810,6810,0,,,,,,,2097,6810,,,,0,,,,0,0,,,
130000,130000,0,,,,,,,2098,130000,,,,0,,,,0,0,,,
10840,0,10840,,,,,,,2100,10840,,,,0,,,,0,0,,,
18970,0,18970,,,,,,,2103,18970,,,,0,,,,0,0,,,
1520,1520,0,,,,,,,2104,1520,,,,0,,,,0,0,,,
4675,4675,0,,,,,,,2109,4675,,,,0,,,,0,0,,,
30000,30000,0,,,,,,,2110,30000,,,,0,,,,0,0,,,
1760,1760,0,,,,,,,2111,1760,,,,0,,,,0,0,,,
6180,6180,0,,,,,,,2112,6180,,,,0,,,,0,0,,,
3890,3890,0,,,,,,,2113,3890,,,,0,,,,0,0,,,
20855,20855,0,,,,,,,2119,20855,,,,0,,,,0,0,,,
3045,0,3045,,,,,,,2120,3045,,,,0,,,,0,0,,,
2475,2475,0,,,,,,,2122,2475,,,,0,,,,0,0,,,
430,430,0,,,,,,,2125,430,,,,0,,,,0,0,,,
32000,32000,0,,,,,,,2127,32000,,,,0,,,,0,0,,,
22500,0,22500,,,,,,,2130,22500,,,,0,,,,0,0,,,
3790,3790,0,,,,,,,2131,3790,,,,0,,,,0,0,,,
4260,4260,0,,,,,,,2133,4260,,,,0,,,,0,0,,,
92130,92130,0,,,,,,,2159,92130,,,,0,,,,0,0,,,
3855,3855,0,,,,,,,2161,3855,,,,0,,,,0,0,,,
3040,0,3040,,,,,,,2162,3040,,,,0,,,,0,0,,,
3325,3325,0,,,,,,,2164,3325,,,,0,,,,0,0,,,
9335,9335,0,,,,,,,2165,9335,,,,0,,,,0,0,,,
3650,3650,0,,,,,,,2167,3650,,,,0,,,,0,0,,,
947500,947500,0,,,,,,,2168,947500,,,,0,,,,0,0,,,
2227,2227,0,,,,,,,2173,2227,,,,0,,,,0,0,,,
6603,6603,0,,,,,,,2175,6603,,,,0,,,,0,0,,,
710,710,0,,,,,,,2176,710,,,,0,,,,0,0,,,
1117,1117,0,,,,,,,2177,1117,,,,0,,,,0,0,,,
1735,1735,0,,,,,,,2187,1735,,,,0,,,,0,0,,,
-495,-495,0,,,,,,,2188,-495,,,,0,,,,0,0,,,
4475,4475,0,,,,,,,2191,4475,,,,0,,,,0,0,,,
580,580,0,,,,,,,2193,580,,,,0,,,,0,0,,,
2660,0,2660,,,,,,,2211,2660,,,,0,,,,0,0,,,
-3070,-3070,0,,,,,,,2213,-3070,,,,0,,,,0,0,,,
4640,4640,0,,,,,,,2217,4640,,,,0,,,,0,0,,,
495,495,0,,,,,,,2220,495,,,,0,,,,0,0,,,
2140,2140,0,,,,,,,2227,2140,,,,0,,,,0,0,,,
4600,0,4600,,,,,,,2229,4600,,,,0,,,,0,0,,,
1605,0,1605,,,,,,,2234,1605,,,,0,,,,0,0,,,
10800,10800,0,,,,,,,2239,10800,,,,0,,,,0,0,,,
6000,6000,0,,,,,,,2241,6000,,,,0,,,,0,0,,,
2570,0,2570,,,,,,,2243,2570,,,,0,,,,0,0,,,
17480,17480,0,,,,,,,2246,17480,,,,0,,,,0,0,,,
3085,3085,0,,,,,,,2248,3085,,,,0,,,,0,0,,,
495,495,0,,,,,,,2250,495,,,,0,,,,0,0,,,
1608.5,1608,0.5,,,,,,,2252,1608.5,,,,0,,,,0,0,,,
4500,4500,0,,,,,,,2254,4500,,,,0,,,,0,0,,,
1950,1950,0,,,,,,,2257,1950,,,,0,,,,0,0,,,
0,0,0,,,,,,,2258,0,,,,0,,,,0,0,,,
2395,2395,0,,,,,,,2259,2395,,,,0,,,,0,0,,,
4285,4285,0,,,,,,,2260,4285,,,,0,,,,0,0,,,
20295,20295,0,,,,,,,2261,20295,,,,0,,,,0,0,,,
1770,1770,0,,,,,,,2263,1770,,,,0,,,,0,0,,,
64257,64257,0,,,,,,,2264,64257,,,,0,,,,0,0,,,
48865,48865,0,,,,,,,2265,48865,,,,0,,,,0,0,,,
9320,9320,0,,,,,,,2266,9320,,,,0,,,,0,0,,,
18000,18000,0,,,,,,,2267,18000,,,,0,,,,0,0,,,
7045,7045,0,,,,,,,2269,7045,,,,0,,,,0,0,,,
5850,5850,0,,,,,,,2270,5850,,,,0,,,,0,0,,,
4370,4370,0,,,,,,,2271,4370,,,,0,,,,0,0,,,
22440,22440,0,,,,,,,2272,22440,,,,0,,,,0,0,,,
12400,12400,0,,,,,,,2273,12400,,,,0,,,,0,0,,,
4995,4995,0,,,,,,,2274,4995,,,,0,,,,0,0,,,
2600,0,2600,,,,,,,2276,2600,,,,0,,,,0,0,,,
14400,14400,0,,,,,,,2277,14400,,,,0,,,,0,0,,,
12955,12955,0,,,,,,,2279,12955,,,,0,,,,0,0,,,
18540,18540,0,,,,,,,2280,18540,,,,0,,,,0,0,,,
7900,0,7900,,,,,,,2281,7900,,,,0,,,,0,0,,,
9915,9915,0,,,,,,,2282,9915,,,,0,,,,0,0,,,
3110,3110,0,,,,,,,2285,3110,,,,0,,,,0,0,,,
8020,8020,0,,,,,,,2287,8020,,,,0,,,,0,0,,,
975,975,0,,,,,,,2289,975,,,,0,,,,0,0,,,
-4281.52,-4281,-0.52,,,,,,,2294,-4281.52,,,,0,,,,0,0,,,
7305,7305,0,,,,,,,2295,7305,,,,0,,,,0,0,,,
2000,2000,0,,,,,,,2296,2000,,,,0,,,,0,0,,,
1455,1455,0,,,,,,,2298,1455,,,,0,,,,0,0,,,
1355,1355,0,,,,,,,2300,1355,,,,0,,,,0,0,,,
1495,1495,0,,,,,,,2302,1495,,,,0,,,,0,0,,,
-6200,-6200,0,,,,,,,2303,-6200,,,,0,,,,0,0,,,
2310,2310,0,,,,,,,2305,2310,,,,0,,,,0,0,,,
5300,5300,0,,,,,,,2307,5300,,,,0,,,,0,0,,,
1155,1155,0,,,,,,,2309,1155,,,,0,,,,0,0,,,
3600,3600,0,,,,,,,2310,3600,,,,0,,,,0,0,,,
1355,1355,0,,,,,,,2313,1355,,,,0,,,,0,0,,,
6010,6010,0,,,,,,,2314,6010,,,,0,,,,0,0,,,
1480,1480,0,,,,,,,2317,1480,,,,0,,,,0,0,,,
800,800,0,,,,,,,2318,800,,,,0,,,,0,0,,,
5120,5120,0,,,,,,,2319,5120,,,,0,,,,0,0,,,
5560,5560,0,,,,,,,2320,5560,,,,0,,,,0,0,,,
650,650,0,,,,,,,2326,650,,,,0,,,,0,0,,,
1750,1750,0,,,,,,,2329,1750,,,,0,,,,0,0,,,
4680,4680,0,,,,,,,2330,4680,,,,0,,,,0,0,,,
3180,3180,0,,,,,,,2335,3180,,,,0,,,,0,0,,,
860,860,0,,,,,,,2339,860,,,,0,,,,0,0,,,
1200,1200,0,,,,,,,2341,1200,,,,0,,,,0,0,,,
8500,8500,0,,,,,,,2342,8500,,,,0,,,,0,0,,,
10790,10790,0,,,,,,,2343,10790,,,,0,,,,0,0,,,
8300,8300,0,,,,,,,2344,8300,,,,0,,,,0,0,,,
5000,5000,0,,,,,,,2345,5000,,,,0,,,,0,0,,,
1605,1605,0,,,,,,,2353,1605,,,,0,,,,0,0,,,
5380,5380,0,,,,,,,2355,5380,,,,0,,,,0,0,,,
3340,3340,0,,,,,,,2357,3340,,,,0,,,,0,0,,,
2780,2780,0,,,,,,,2359,2780,,,,0,,,,0,0,,,
695,695,0,,,,,,,2360,695,,,,0,,,,0,0,,,
980,980,0,,,,,,,2363,980,,,,0,,,,0,0,,,
2385,2385,0,,,,,,,2364,2385,,,,0,,,,0,0,,,
9440,9440,0,,,,,,,2366,9440,,,,0,,,,0,0,,,
2235,2235,0,,,,,,,2368,2235,,,,0,,,,0,0,,,
45640,45640,0,,,,,,,2373,45640,,,,0,,,,0,0,,,
36000,36000,0,,,,,,,2375,36000,,,,0,,,,0,0,,,
5280,5280,0,,,,,,,2377,5280,,,,0,,,,0,0,,,
545,545,0,,,,,,,2379,545,,,,0,,,,0,0,,,
975,0,975,,,,,,,2380,975,,,,0,,,,0,0,,,
2560,2560,0,,,,,,,2384,2560,,,,0,,,,0,0,,,
17940,17940,0,,,,,,,2390,17940,,,,0,,,,0,0,,,
-5540,-5540,0,,,,,,,2391,-5540,,,,0,,,,0,0,,,
1635,1635,0,,,,,,,2392,1635,,,,0,,,,0,0,,,
5925,5925,0,,,,,,,2397,5925,,,,0,,,,0,0,,,
5925,5925,0,,,,,,,2398,5925,,,,0,,,,0,0,,,
5925,5925,0,,,,,,,2399,5925,,,,0,,,,0,0,,,
5925,5925,0,,,,,,,2400,5925,,,,0,,,,0,0,,,
5925,5925,0,,,,,,,2401,5925,,,,0,,,,0,0,,,
5925,5925,0,,,,,,,2402,5925,,,,0,,,,0,0,,,
5925,5925,0,,,,,,,2403,5925,,,,0,,,,0,0,,,
5925,5925,0,,,,,,,2404,5925,,,,0,,,,0,0,,,
4660,4660,0,,,,,,,2419,4660,,,,0,,,,0,0,,,
5600,5600,0,,,,,,,2422,5600,,,,0,,,,0,0,,,
3040,3040,0,,,,,,,2432,3040,,,,0,,,,0,0,,,
5200,5200,0,,,,,,,2438,5200,,,,0,,,,0,0,,,
2110,2110,0,,,,,,,2439,2110,,,,0,,,,0,0,,,
2310,2310,0,,,,,,,2440,2310,,,,0,,,,0,0,,,
4575,4575,0,,,,,,,2443,4575,,,,0,,,,0,0,,,
5410,0,5410,,,,,,,2445,5410,,,,0,,,,0,0,,,
3450,3450,0,,,,,,,2447,3450,,,,0,,,,0,0,,,
8940,8940,0,,,,,,,2448,8940,,,,0,,,,0,0,,,
5105,5105,0,,,,,,,2449,5105,,,,0,,,,0,0,,,
7250,0,7250,,,,,,,2450,7250,,,,0,,,,0,0,,,
30300,0,30300,,,,,,,2454,30300,,,,0,,,,0,0,,,
8595,8595,0,,,,,,,2455,8595,,,,0,,,,0,0,,,
2656.5,2656,0.5,,,,,,,2456,2656.5,,,,0,,,,0,0,,,
360,360,0,,,,,,,2459,360,,,,0,,,,0,0,,,
2155,2155,0,,,,,,,2461,2155,,,,0,,,,0,0,,,
3840,3840,0,,,,,,,2463,3840,,,,0,,,,0,0,,,
945,945,0,,,,,,,2465,945,,,,0,,,,0,0,,,
1425,1425,0,,,,,,,2467,1425,,,,0,,,,0,0,,,
8000,8000,0,,,,,,,2471,8000,,,,0,,,,0,0,,,
2870,2870,0,,,,,,,2472,2870,,,,0,,,,0,0,,,
2730,2730,0,,,,,,,2473,2730,,,,0,,,,0,0,,,
5925,5925,0,,,,,,,2474,5925,,,,0,,,,0,0,,,
5925,5925,0,,,,,,,2475,5925,,,,0,,,,0,0,,,
13560,13560,0,,,,,,,2476,13560,,,,0,,,,0,0,,,
2960,2960,0,,,,,,,2477,2960,,,,0,,,,0,0,,,
1155,1155,0,,,,,,,2478,1155,,,,0,,,,0,0,,,
5280,5280,0,,,,,,,2479,5280,,,,0,,,,0,0,,,
10660,10660,0,,,,,,,2481,10660,,,,0,,,,0,0,,,
9240,9240,0,,,,,,,2482,9240,,,,0,,,,0,0,,,
1025,1025,0,,,,,,,2484,1025,,,,0,,,,0,0,,,
2500,2500,0,,,,,,,2485,2500,,,,0,,,,0,0,,,
5313,5313,0,,,,,,,2486,5313,,,,0,,,,0,0,,,
4358,4358,0,,,,,,,2487,4358,,,,0,,,,0,0,,,
3000,3000,0,,,,,,,2489,3000,,,,0,,,,0,0,,,
12660,12660,0,,,,,,,2492,12660,,,,0,,,,0,0,,,
2025,2025,0,,,,,,,2493,2025,,,,0,,,,0,0,,,
1765,1765,0,,,,,,,2495,1765,,,,0,,,,0,0,,,
875,875,0,,,,,,,2496,875,,,,0,,,,0,0,,,
8619.52,0,8619.52,,,,,,,2498,8619.52,,,,0,,,,0,0,,,
12555,12555,0,,,,,,,2499,12555,,,,0,,,,0,0,,,
5785,5785,0,,,,,,,2500,5785,,,,0,,,,0,0,,,
2880,2880,0,,,,,,,2502,2880,,,,0,,,,0,0,,,
5315,5315,0,,,,,,,2504,5315,,,,0,,,,0,0,,,
990,990,0,,,,,,,2506,990,,,,0,,,,0,0,,,
240,240,0,,,,,,,2508,240,,,,0,,,,0,0,,,
1145,1145,0,,,,,,,2510,1145,,,,0,,,,0,0,,,
1330,1330,0,,,,,,,2512,1330,,,,0,,,,0,0,,,
760,760,0,,,,,,,2514,760,,,,0,,,,0,0,,,
1520,1520,0,,,,,,,2516,1520,,,,0,,,,0,0,,,
2656.5,2656,0.5,,,,,,,2518,2656.5,,,,0,,,,0,0,,,
5925,5925,0,,,,,,,2522,5925,,,,0,,,,0,0,,,
5925,5925,0,,,,,,,2524,5925,,,,0,,,,0,0,,,
2250,2250,0,,,,,,,2552,2250,,,,0,,,,0,0,,,
6000,6000,0,,,,,,,2553,6000,,,,0,,,,0,0,,,
1295,1295,0,,,,,,,2555,1295,,,,0,,,,0,0,,,
10,10,0,,,,,,,2557,10,,,,0,,,,0,0,,,
21990,21990,0,,,,,,,2558,21990,,,,0,,,,0,0,,,
6440,6440,0,,,,,,,2559,6440,,,,0,,,,0,0,,,
7355,7355,0,,,,,,,2560,7355,,,,0,,,,0,0,,,
3775,3775,0,,,,,,,2561,3775,,,,0,,,,0,0,,,
1480,1480,0,,,,,,,2562,1480,,,,0,,,,0,0,,,
675,675,0,,,,,,,2573,675,,,,0,,,,0,0,,,
5925,5925,0,,,,,,,2576,5925,,,,0,,,,0,0,,,
7530,7530,0,,,,,,,2579,7530,,,,0,,,,0,0,,,
15200,15200,0,,,,,,,2583,15200,,,,0,,,,0,0,,,
11550,11550,0,Carpenters,35,165,1,805,805,2585,11550,2,,,2,35,,,35,165,805,1,805
350,350,0,,,,,,,2587,350,,,,0,,,,0,0,,,
1680,1680,0,,,,,,,2588,1680,,,,0,,,,0,0,,,
1660,1660,0,Carpenters,,,,,,2589,1660,,,,0,,,,0,0,,,
1840,1840,0,,,,,,,2590,1840,,,,0,,,,0,0,,,
1320,1320,0,,,,,,,2591,1320,,,,0,,,,0,0,,,
3400,3400,0,,,,,,,2592,3400,,,,0,,,,0,0,,,
2680,2680,0,,,,,,,2593,2680,,,,0,,,,0,0,,,
4575,4575,0,,,,,,,2594,4575,,,,0,,,,0,0,,,
4820,4820,0,,,,,,,2595,4820,,,,0,,,,0,0,,,
2375,0,2375,,,,,,,2598,2375,,,,0,,,,0,0,,,
1230,1230,0,,,,,,,2602,1230,,,,0,,,,0,0,,,
22775,22775,0,,,,,,,2604,22775,,,,0,,,,0,0,,,
1995,1995,0,,,,,,,2609,1995,,,,0,,,,0,0,,,
1680,1680,0,,,,,,,2613,1680,,,,0,,,,0,0,,,
3060,3060,0,,,,,,,2614,3060,,,,0,,,,0,0,,,
5640,5640,0,,,,,,,2620,5640,,,,0,,,,0,0,,,
500,500,0,,,,,,,2622,500,,,,0,,,,0,0,,,
2205,2205,0,,,,,,,2643,2205,,,,0,,,,0,0,,,
5925,5925,0,,,,,,,2645,5925,,,,0,,,,0,0,,,
6320,6320,0,,,,,,,2646,6320,,,,0,,,,0,0,,,
5925,5925,0,,,,,,,2648,5925,,,,0,,,,0,0,,,
865,865,0,,,,,,,2650,865,1,1,,2,3,2,,5,325,50,,
3900,3900,0,,,,,,,2651,3900,,,,0,,,,0,0,,,
2000,2000,0,,,,,,,2652,2000,,,,0,,,,0,0,,,
2425,2425,0,,,,,,,2657,2425,1,1,,2,7,7,,14,325,150,,
7800,7800,0,,,,,,,2662,7800,,,,0,,,,0,0,,,
975,975,0,,,,,,,2663,975,1,,,1,5,,,5,165,150,,
12750,12750,0,,,,,,,2664,12750,,,,0,,,,0,0,,,
12540,12540,0,,,,,,,2665,12540,4,,,4,48,,,48,205,,,
1920,1920,0,,,,,,,2666,1920,,,,0,,,,0,0,,,
3000,0,3000,,,,,,,2680,3000,1,1,,2,8,8,,16,325,400,,
5880,5880,0,,,,,,,2685,5880,21,,,21,97,,,97,60,,,
1395,1395,0,,,,,,,2687,1395,1,,,1,7,,,7,165,240,,
2685,2685,0,,,,,,,2690,2685,1,,,1,14,,,14,165,375,,
2690,2690,0,,,,,,,2692,2690,1,,,1,14,,,14,165,380,,
1380,1380,0,,,,,,,2694,1380,1,,,1,7,,,7,165,225,,
3965,3965,0,,,,,,,2696,3965,1,,,1,21,,,21,165,500,,
4660,4660,0,,,,,,,2698,4660,1,,,1,24,,,24,165,700,,
645,645,0,,,,,,,2699,645,1,,,1,3,,,3,165,150,,
1335,1335,0,,,,,,,2700,1335,1,,,1,7,,,7,165,180,,
3235,3235,0,,,,,,,2701,3235,1,1,,2,7,7,,14,405,400,,
1720,1720,0,,,,,,,2702,1720,1,1,,2,4,4,,8,325,100,,
4500,4500,0,,,,,,,2703,4500,,,,0,,,,0,0,,,
4090,4090,0,,,,,,,2704,4090,1,,,1,,,,0,0,,50,
6295,6295,0,,,,,,,2707,6295,1,,,1,28,,,28,205,350,,
5925,5925,0,,,,,,,2709,5925,1,,,1,35,,,35,165,,,
5925,5925,0,,,,,,,2711,5925,1,,,1,35,,,35,165,,,
5925,5925,0,,,,,,,2713,5925,1,,,1,35,,,35,165,,,
2840,2840,0,,,,,,,2714,2840,2,,,2,16,,,16,165,200,,
-1407,0,-1407,,,,,,,2716,-1407,,,,0,,,,0,0,,,
2530,2530,0,,,,,,,2717,2530,1,1,,2,8,6,,14,325,250,,
3190,3190,0,,,,,,,2718,3190,2,1,,3,12,6,,18,325,250,,
3680,3680,0,,,,,,,2719,3680,2,1,,3,12,7,,19,325,250,,
2610,2610,0,,,,,,,2720,2610,4,1,,5,12,3,,15,325,150,,
4010,4010,0,,,,,,,2721,4010,2,1,,3,16,7,,23,325,250,,
4885,4885,0,,,,,,,2722,4885,3,1,,4,21,7,,28,325,300,,
5725,5725,0,,,,,,,2723,5725,2,1,,3,24,9,,33,325,325,,
1255,1255,0,,,,,,,2724,1255,1,,,1,7,,,7,165,100,,
10810,10810,0,,,,,,,2725,10810,6,3,,9,42,18,,60,325,1000,,
2045,2045,0,,,,,,,2726,2045,1,1,,2,7,4,,11,325,250,,
4170,4170,0,,,,,,,2728,4170,2,1,,3,16,8,,24,325,250,,
3960,3960,0,,,,,,,2729,3960,4,,,4,28,,,28,165,500,,
1505,1505,0,,,,,,,2730,1505,1,1,,2,5,3,,8,325,200,,
4735,4735,0,,,,,,,2733,4735,2,1,,3,14,8,,22,325,310,,
330,330,0,,,,,,,2734,330,2,,,2,2,,,2,165,,,
5290,5290,0,,,,,,,2735,5290,4,1,,5,24,4,,28,325,690,,
1470,1470,0,,,,,,,2736,1470,1,,,1,8,,,8,165,150,,
5750,5750,0,,,,,,,2737,5750,,,,0,,,,0,0,,,
1311,1311,0,,,,,,,2739,1311,1,1,,2,4,3,,7,325,171,,
995,995,0,,,,,,,2740,995,1,,,1,3,,,3,165,500,,
5415,5415,0,,,,,,,2742,5415,4,,,4,28,,,28,165,795,,
5500,5500,0,,,,,,,2745,5500,,,,0,,,,0,0,,,
1600,1600,0,,,,,,,2747,1600,1,1,,2,4,4,,8,325,300,,
7435,7435,0,,,,,,,2749,7435,2,1,,3,28,14,,42,325,575,,
1355,1355,0,,,,,,,2750,1355,1,,,1,7,,,7,165,200,,
2280,2280,0,,,,,,,2752,2280,1,1,,2,7,5,,12,325,325,,
2040,2040,0,,,,,,,2756,2040,2,1,,3,8,3,,11,325,240,,
1450,1450,0,,,,,,,2757,1450,1,3,,4,5,3,,8,325,,,
19193,19193,0,,,,,,,2758,19193,,,,0,,,,0,0,,,
11420,11420,0,,,,,,,2759,11420,4,,,4,48,,,48,165,3500,,
11625,0,11625,,,,,,,2760,11625,,,,0,,,,0,0,,,
6705,6705,0,,,,,,,2761,6705,2,1,,3,28,10,,38,325,485,,
2660,2660,0,,,,,,,2762,2660,2,,,2,14,,,14,165,350,,
10160,0,10160,,,,,,,2764,10160,3,3,,6,24,16,,40,443,1200,,
4320,4320,0,,,,,,,2767,4320,2,1,,3,18,6,,24,325,300,,
2205,2205,0,,,,,,,2768,2205,1,1,,2,7,5,,12,325,250,,
11850,11850,0,,,,,,,2771,11850,1,,,1,70,,,70,169,,,
3490,3490,0,,,,,,,2772,3490,,,,0,,,,0,0,,,
14880,14880,0,,,,,,,2773,14880,,,,0,,,,0,0,,,
17765,17765,0,,,,,,,2774,17765,3,2,,5,63,16,,79,325,2250,,
14855,14855,0,,,,,,,2776,14855,,,,0,,,,0,0,,,
3915,3915,0,,,,,,,2780,3915,2,1,,3,7,7,,14,325,485,,
2115,2115,0,,,,,,,2781,2115,1,1,,2,7,6,,13,325,200,,
10500,10500,0,,,,,,,2786,10500,10,,,10,42,,,42,165,3500,,
6090,6090,0,,,,,,,2803,6090,3,,,3,30,,,30,173,900,,
5925,5925,0,,,,,,,2811,5925,1,,,1,35,,,35,169,,,
825,825,0,,,,,,,2813,825,1,,,1,5,,,5,165,,,
750,750,0,,,,,,,2815,750,1,1,,2,2,2,,4,325,100,,
12300,12300,0,,,,,,,2817,12300,24,,,24,24,12,,36,330,600,,
6150,6150,0,,,,,,,2820,6150,,,,0,,,,0,0,,,
5770,5770,0,,,,,,,2821,5770,,,,0,,,,0,0,,,
3050,3050,0,,,,,,,2826,3050,2,1,,3,10,7,,17,325,280,,
3150,0,3150,,,,,,,2841,3150,,,,0,,,,0,0,,,
1040,1040,0,,,,,,,2844,1040,,,,0,,,,0,0,,,
7475,7475,0,,,,,,,2845,7475,5,,,5,115,,,115,65,,,
1720,1720,0,,,,,,,2846,1720,1,,,1,8,,,8,165,400,,
4400,0,4400,,,,,,,2847,4400,,,,0,,,,0,0,,,
12355,12355,0,,,,,,,2850,12355,1,1,,2,"85,128",,,85128,55,,,
1665,1665,0,,,,,,,2852,1665,1,,,1,7,,,7,165,510,,
1855,1855,0,,,,,,,2854,1855,1,,,1,7,,,7,205,420,,
1475,1475,0,,,,,,,2857,1475,1,,,1,7,,,7,165,320,,
2520,2520,0,,,,,,,2861,2520,7,,,7,42,,,42,60,,,
1445,1445,0,,,,,,,2863,1445,1,,,1,7,,,7,154,290,,
1260,1260,0,,,,,,,2865,1260,2,,,2,6,,,6,154,270,,
3840,3840,0,,,,,,,2867,3840,4,,,4,64,,,64,60,,,
2755,2755,0,,,,,,,2869,2755,1,,,1,14,,,14,165,,,
2455,0,2455,,,,,,,2875,2455,,,,0,,,,0,0,,,
-31200,-31200,0,,,,,,,2907,-31200,,,,0,,,,0,0,,,
2825,2825,0,,,,,,,2944,2825,,,,0,,,,0,0,,,
1395,1395,0,,,,,,,2945,1395,,,,0,,,,0,0,,,
1050,1050,0,,,,,,,2946,1050,,,,0,,,,0,0,,,
1900,1900,0,,,,,,,2956,1900,,,,0,,,,0,0,,,
1060,1060,0,,,,,,,2957,1060,,,,0,,,,0,0,,,
1240,1240,0,,,,,,,2958,1240,,,,0,,,,0,0,,,
11975,11975,0,,,,,,,2959,11975,,,,0,,,,0,0,,,
5925,5925,0,,,,,,,2961,5925,,,,0,,,,0,0,,,
5925,5925,0,,,,,,,2963,5925,,,,0,,,,0,0,,,
5925,5925,0,,,,,,,2965,5925,,,,0,,,,0,0,,,
375,375,0,,,,,,,2967,375,,,,0,,,,0,0,,,
330,330,0,,,,,,,2969,330,,,,0,,,,0,0,,,
7950,7950,0,,,,,,,2972,7950,,,,0,,,,0,0,,,
4180,0,4180,,,,,,,2978,4180,,,,0,,,,0,0,,,
1990,1990,0,,,,,,,2979,1990,,,,0,,,,0,0,,,
1305,1305,0,,,,,,,2981,1305,,,,0,,,,0,0,,,
17645,17645,0,,,,,,,2983,17645,,,,0,,,,0,0,,,
1200,1200,0,,,,,,,2984,1200,,,,0,,,,0,0,,,
15050,15050,0,,,,,,,2986,15050,,,,0,,,,0,0,,,
4700,4700,0,,,,,,,2987,4700,,,,0,,,,0,0,,,
19560,19560,0,,,,,,,2989,19560,,,,0,,,,0,0,,,
1140,1140,0,,,,,,,2990,1140,,,,0,,,,0,0,,,
6715,0,6715,,,,,,,2993,6715,,,,0,,,,0,0,,,
13600,13600,0,,,,,,,3001,13600,,,,0,,,,0,0,,,
1280,1280,0,,,,,,,3002,1280,,,,0,,,,0,0,,,
2160,2160,0,,,,,,,3003,2160,,,,0,,,,0,0,,,
1280,1280,0,,,,,,,3004,1280,,,,0,,,,0,0,,,
3420,3420,0,,,,,,,3005,3420,,,,0,,,,0,0,,,
5125,5125,0,,,,,,,3009,5125,,,,0,,,,0,0,,,
5040,5040,0,,,,,,,3011,5040,,,,0,,,,0,0,,,
2635,2635,0,,,,,,,3013,2635,,,,0,,,,0,0,,,
9820,9820,0,,,,,,,3015,9820,,,,0,,,,0,0,,,
1435,1435,0,,,,,,,3017,1435,,,,0,,,,0,0,,,
2880,2880,0,,,,,,,3018,2880,,,,0,,,,0,0,,,
3360,3360,0,,,,,,,3020,3360,,,,0,,,,0,0,,,
826,826,0,,,,,,,3021,826,,,,0,,,,0,0,,,
7905,7905,0,,,,,,,3023,7905,,,,0,,,,0,0,,,
770,770,0,,,,,,,3024,770,,,,0,,,,0,0,,,
4700,4700,0,,,,,,,3026,4700,,,,0,,,,0,0,,,
1330,1330,0,,,,,,,3027,1330,,,,0,,,,0,0,,,
3476,3476,0,,,,,,,3028,3476,,,,0,,,,0,0,,,
4750,4750,0,,,,,,,3029,4750,,,,0,,,,0,0,,,
3855,3855,0,,,,,,,3030,3855,,,,0,,,,0,0,,,
2400,2400,0,,,,,,,3032,2400,,,,0,,,,0,0,,,
3780,3780,0,,,,,,,3034,3780,,,,0,,,,0,0,,,
2560,2560,0,,,,,,,3036,2560,,,,0,,,,0,0,,,
945,945,0,,,,,,,3038,945,,,,0,,,,0,0,,,
3320,3320,0,,,,,,,3040,3320,,,,0,,,,0,0,,,
7225,7225,0,,,,,,,3042,7225,,,,0,,,,0,0,,,
2880,2880,0,,,,,,,3044,2880,,,,0,,,,0,0,,,
2760,2760,0,,,,,,,3046,2760,,,,0,,,,0,0,,,
880,880,0,,,,,,,3047,880,,,,0,,,,0,0,,,
1380,1380,0,,,,,,,3048,1380,,,,0,,,,0,0,,,
4235,0,4235,,,,,,,3052,4235,,,,0,,,,0,0,,,
4400,0,4400,,,,,,,3053,4400,,,,0,,,,0,0,,,
1425,1425,0,,,,,,,3054,1425,,,,0,,,,0,0,,,
1460,1460,0,,,,,,,3055,1460,,,,0,,,,0,0,,,
4220,4220,0,,,,,,,3056,4220,,,,0,,,,0,0,,,
2505,2505,0,,,,,,,3057,2505,,,,0,,,,0,0,,,
5680,5680,0,,,,,,,3058,5680,,,,0,,,,0,0,,,
9140,5495,3645,,,,,,,3059,9140,,,,0,,,,0,0,,,
86400,86400,0,,,,,,,3060,86400,,,,0,,,,0,0,,,
1860,1860,0,,,,,,,3061,1860,,,,0,,,,0,0,,,
0,0,0,,,,,,,3062,0,,,,0,,,,0,0,,,
6175,0,6175,,,,,,,3063,6175,,,,0,,,,0,0,,,
5925,5925,0,,,,,,,3065,5925,,,,0,,,,0,0,,,
5925,5925,0,,,,,,,3067,5925,,,,0,,,,0,0,,,
5925,5925,0,,,,,,,3069,5925,,,,0,,,,0,0,,,
3795,3795,0,,,,,,,3071,3795,,,,0,,,,0,0,,,
5925,5925,0,,,,,,,3073,5925,,,,0,,,,0,0,,,
655,655,0,,,,,,,3075,655,,,,0,,,,0,0,,,
4390,4390,0,,,,,,,3077,4390,,,,0,,,,0,0,,,
3465,3465,0,,,,,,,3079,3465,,,,0,,,,0,0,,,
3260,3260,0,,,,,,,3082,3260,,,,0,,,,0,0,,,
2310,2310,0,,,,,,,3084,2310,,,,0,,,,0,0,,,
1920,1920,0,,,,,,,3086,1920,,,,0,,,,0,0,,,
660,660,0,,,,,,,3088,660,,,,0,,,,0,0,,,
1755,1755,0,,,,,,,3090,1755,,,,0,,,,0,0,,,
2550,2550,0,,,,,,,3092,2550,,,,0,,,,0,0,,,
-4320,-4320,0,,,,,,,3096,-4320,,,,0,,,,0,0,,,
32700,0,32700,,,,,,,3099,32700,,,,0,,,,0,0,,,
5020,5020,0,,,,,,,3101,5020,,,,0,,,,0,0,,,
3530,0,3530,,,,,,,3103,3530,,,,0,,,,0,0,,,
3765,3765,0,,,,,,,3107,3765,,,,0,,,,0,0,,,
1320,1320,0,,,,,,,3109,1320,,,,0,,,,0,0,,,
18550,18550,0,,,,,,,3110,18550,,,,0,,,,0,0,,,
3440,3440,0,,,,,,,3111,3440,,,,0,,,,0,0,,,
2055,2055,0,,,,,,,3112,2055,,,,0,,,,0,0,,,
2950,2950,0,,,,,,,3113,2950,,,,0,,,,0,0,,,
5875,5875,0,,,,,,,3114,5875,,,,0,,,,0,0,,,
48146,48146,0,,,,,,,3115,48146,,,,0,,,,0,0,,,
7540,7540,0,,,,,,,3117,7540,,,,0,,,,0,0,,,
2610,2610,0,,,,,,,3119,2610,,,,0,,,,0,0,,,
4700,4700,0,,,,,,,3121,4700,,,,0,,,,0,0,,,
1900,1900,0,,,,,,,3123,1900,,,,0,,,,0,0,,,
1305,1305,0,,,,,,,3124,1305,,,,0,,,,0,0,,,
2088,2088,0,,,,,,,3127,2088,,,,0,,,,0,0,,,
0,0,0,,,,,,,3131,0,,,,0,,,,0,0,,,
2720,2720,0,,,,,,,3133,2720,,,,0,,,,0,0,,,
1640,1640,0,,,,,,,3135,1640,,,,0,,,,0,0,,,
1355,1355,0,,,,,,,3138,1355,,,,0,,,,0,0,,,
5190,5190,0,,,,,,,3139,5190,,,,0,,,,0,0,,,
3895,3895,0,,,,,,,3141,3895,,,,0,,,,0,0,,,
2375,2375,0,,,,,,,3143,2375,,,,0,,,,0,0,,,
3840,3840,0,,,,,,,3145,3840,,,,0,,,,0,0,,,
7000,7000,0,,,,,,,3146,7000,,,,0,,,,0,0,,,
15565,15565,0,,,,,,,3151,15565,,,,0,,,,0,0,,,
6505,0,6505,,,,,,,3153,6505,,,,0,,,,0,0,,,
1320,1320,0,,,,,,,3155,1320,,,,0,,,,0,0,,,
2595,0,2595,,,,,,,3157,2595,,,,0,,,,0,0,,,
40000,40000,0,,,,,,,3158,40000,,,,0,,,,0,0,,,
1955,1955,0,,,,,,,3159,1955,,,,0,,,,0,0,,,
3830,3830,0,,,,,,,3161,3830,,,,0,,,,0,0,,,
990,990,0,,,,,,,3163,990,,,,0,,,,0,0,,,
910,910,0,,,,,,,3165,910,,,,0,2,,,2,165,,,
5925,5925,0,,,,,,,3169,5925,,,,0,,,,0,0,,,
1555,1555,0,,,,,,,3173,1555,,,,0,,,,0,0,,,
4715,4715,0,,,,,,,3188,4715,,,,0,,,,0,0,,,
1880,1880,0,,,,,,,3208,1880,,,,0,,,,0,0,,,
5005,5005,0,,,,,,,3210,5005,,,,0,,,,0,0,,,
3540,3540,0,,,,,,,3212,3540,,,,0,,,,0,0,,,
3290,3290,0,,,,,,,3214,3290,,,,0,,,,0,0,,,
9635,9635,0,,,,,,,3215,9635,,,,0,,,,0,0,,,
8610,8610,0,,,,,,,3225,8610,,,,0,,,,0,0,,,
6440,6440,0,,,,,,,3226,6440,,,,0,,,,0,0,,,
4655,4655,0,,,,,,,3227,4655,,,,0,,,,0,0,,,
2656.5,2656,0.5,,,,,,,3230,2656.5,,,,0,,,,0,0,,,
2656.5,2656,0.5,,,,,,,3232,2656.5,,,,0,,,,0,0,,,
2430,2430,0,,,,,,,3234,2430,,,,0,,,,0,0,,,
2880,2880,0,,,,,,,3236,2880,,,,0,,,,0,0,,,
2087,2087,0,,,,,,,3238,2087,,,,0,,,,0,0,,,
0,0,0,,,,,,,3241,0,,,,0,,,,0,0,,,
2280,2280,0,,,,,,,3243,2280,,,,0,,,,0,0,,,
1440,1440,0,,,,,,,3245,1440,,,,0,,,,0,0,,,
1640,1640,0,,,,,,,3248,1640,,,,0,,,,0,0,,,
4720,4720,0,,,,,,,3250,4720,,,,0,,,,0,0,,,
5612,5612,0,,,,,,,3252,5612,,,,0,,,,0,0,,,
3795,3795,0,,,,,,,3256,3795,,,,0,,,,0,0,,,
1155,1155,0,,,,,,,3258,1155,,,,0,,,,0,0,,,
2640,2640,0,,,,,,,3260,2640,,,,0,,,,0,0,,,
3680,3680,0,,,,,,,3262,3680,,,,0,,,,0,0,,,
3320,3320,0,,,,,,,3264,3320,,,,0,,,,0,0,,,
2720,2720,0,,,,,,,3266,2720,,,,0,,,,0,0,,,
1328,1328,0,,,,,,,3268,1328,,,,0,,,,0,0,,,
1897,1897,0,,,,,,,3270,1897,,,,0,,,,0,0,,,
24035,24035,0,,,,,,,3273,24035,,,,0,,,,0,0,,,
4140,4140,0,,,,,,,3274,4140,,,,0,,,,0,0,,,
4140,0,4140,,,,,,,3275,4140,,,,0,,,,0,0,,,
26350,26350,0,,,,,,,3277,26350,,,,0,,,,0,0,,,
2350,0,2350,,,,,,,3284,2350,,,,0,,,,0,0,,,
35400,0,35400,,,,,,,3285,35400,,,,0,,,,0,0,,,
1650,1650,0,,,,,,,3287,1650,,,,0,,,,0,0,,,
5925,5925,0,,,,,,,3289,5925,,,,0,,,,0,0,,,
5925,5925,0,,,,,,,3291,5925,,,,0,,,,0,0,,,
1475,1475,0,,,,,,,3293,1475,,,,0,,,,0,0,,,
14640,14640,0,,,,,,,3294,14640,,,,0,,,,0,0,,,
6270,6270,0,,,,,,,3296,6270,,,,0,,,,0,0,,,
1310,1310,0,,,,,,,3298,1310,,,,0,,,,0,0,,,
570,570,0,,,,,,,3300,570,,,,0,,,,0,0,,,
760,760,0,,,,,,,3302,760,,,,0,,,,0,0,,,
2040,2040,0,,,,,,,3304,2040,,,,0,,,,0,0,,,
3120,3120,0,,,,,,,3306,3120,,,,0,,,,0,0,,,
4620,4620,0,,,,,,,3308,4620,,,,0,,,,0,0,,,
14680,14680,0,,,,,,,3310,14680,,,,0,,,,0,0,,,
5420,5420,0,,,,,,,3312,5420,,,,0,,,,0,0,,,
1330,1330,0,,,,,,,3314,1330,,,,0,,,,0,0,,,
9585,9585,0,,,,,,,3316,9585,,,,0,,,,0,0,,,
11540,0,11540,,,,,,,3317,11540,,,,0,,,,0,0,,,
1385,1385,0,,,,,,,3319,1385,,,,0,,,,0,0,,,
6060,6060,0,,,,,,,3321,6060,,,,0,,,,0,0,,,
5320,5320,0,,,,,,,3323,5320,,,,0,,,,0,0,,,
12970,12970,0,,,,,,,3325,12970,,,,0,,,,0,0,,,
3795,3795,0,,,,,,,3327,3795,,,,0,,,,0,0,,,
2660,2660,0,,,,,,,3333,2660,,,,0,,,,0,0,,,
15190,15190,0,,,,,,,3335,15190,,,,0,,,,0,0,,,
1310,1310,0,,,,,,,3337,1310,,,,0,,,,0,0,,,
760,760,0,,,,,,,3339,760,,,,0,,,,0,0,,,
1880,1880,0,,,,,,,3341,1880,,,,0,,,,0,0,,,
2860,2860,0,,,,,,,3343,2860,,,,0,,,,0,0,,,
9280,9280,0,,,,,,,3345,9280,,,,0,,,,0,0,,,
1330,1330,0,,,,,,,3348,1330,,,,0,,,,0,0,,,
2660,2660,0,,,,,,,3350,2660,,,,0,,,,0,0,,,
2660,2660,0,,,,,,,3352,2660,,,,0,,,,0,0,,,
6200,6200,0,,,,,,,3354,6200,,,,0,,,,0,0,,,
0,0,0,,,,,,,3355,0,,,,0,,,,0,0,,,
7680,7680,0,,,,,,,3357,7680,,,,0,,,,0,0,,,
2660,2660,0,,,,,,,3359,2660,,,,0,,,,0,0,,,
1900,1900,0,,,,,,,3361,1900,,,,0,,,,0,0,,,
13330,13330,0,,,,,,,3363,13330,,,,0,,,,0,0,,,
7620,7620,0,,,,,,,3366,7620,,,,0,,,,0,0,,,
1775,0,1775,,,,,,,3367,1775,,,,0,,,,0,0,,,
11142,11142,0,,,,,,,3369,11142,,,,0,,,,0,0,,,
5925,5925,0,,,,,,,3385,5925,,,,0,,,,0,0,,,
5925,5925,0,,,,,,,3387,5925,,,,0,,,,0,0,,,
5925,5925,0,,,,,,,3389,5925,,,,0,,,,0,0,,,
5280,5280,0,,,,,,,3391,5280,,,,0,,,,0,0,,,
6265,0,6265,,,,,,,3392,6265,,,,0,,,,0,0,,,
7325,0,7325,,,,,,,3393,7325,,,,0,,,,0,0,,,
12608,0,12608,,,,,,,3394,12608,,,,0,,,,0,0,,,
3570,3570,0,,,,,,,3395,3570,,,,0,,,,0,0,,,
41310,41310,0,,,,,,,3396,41310,,,,0,,,,0,0,,,
7705,7705,0,,,,,,,3397,7705,,,,0,,,,0,0,,,
18000,18000,0,,,,,,,3398,18000,,,,0,,,,0,0,,,
4670,0,4670,,,,,,,3399,4670,,,,0,,,,0,0,,,
3680,3680,0,,,,,,,3402,3680,,,,0,,,,0,0,,,
21834,21834,0,,,,,,,3403,21834,,,,0,,,,0,0,,,
3415,3415,0,,,,,,,3405,3415,,,,0,,,,0,0,,,
1330,1330,0,,,,,,,3407,1330,,,,0,,,,0,0,,,
23580,23580,0,,,,,,,3409,23580,,,,0,,,,0,0,,,
2660,2660,0,,,,,,,3411,2660,,,,0,,,,0,0,,,
1330,1330,0,,,,,,,3413,1330,,,,0,,,,0,0,,,
1330,1330,0,,,,,,,3415,1330,,,,0,,,,0,0,,,
1970,1970,0,,,,,,,3416,1970,,,,0,,,,0,0,,,
825,825,0,,,,,,,3419,825,,,,0,,,,0,0,,,
2250,2250,0,,,,,,,3421,2250,,,,0,,,,0,0,,,
1140,1140,0,,,,,,,3423,1140,,,,0,,,,0,0,,,
5575,5575,0,,,,,,,3425,5575,,,,0,,,,0,0,,,
1155,1155,0,,,,,,,3427,1155,,,,0,,,,0,0,,,
1320,1320,0,,,,,,,3429,1320,,,,0,,,,0,0,,,
18430,18430,0,,,,,,,3431,18430,,,,0,,,,0,0,,,
47570,47570,0,,,,,,,3433,47570,,,,0,,,,0,0,,,
14335,14335,0,,,,,,,3434,14335,,,,0,,,,0,0,,,
2660,2660,0,,,,,,,3436,2660,,,,0,,,,0,0,,,
31680,31680,0,,,,,,,3440,31680,,,,0,,,,0,0,,,
0,0,0,,,,,,,3443,0,,,,0,,,,0,0,,,
2475,2475,0,,,,,,,3445,2475,,,,0,,,,0,0,,,
4940,4940,0,,,,,,,3447,4940,,,,0,,,,0,0,,,
1520,1520,0,,,,,,,3449,1520,,,,0,,,,0,0,,,
14805,14805,0,,,,,,,3451,14805,,,,0,,,,0,0,,,
1520,1520,0,,,,,,,3453,1520,,,,0,,,,0,0,,,
3795,3795,0,,,,,,,3455,3795,,,,0,,,,0,0,,,
1520,1520,0,,,,,,,3457,1520,,,,0,,,,0,0,,,
3040,3040,0,,,,,,,3459,3040,,,,0,,,,0,0,,,
3800,3800,0,,,,,,,3461,3800,,,,0,,,,0,0,,,
1900,1900,0,,,,,,,3463,1900,,,,0,,,,0,0,,,
7440,7440,0,,,,,,,3465,7440,,,,0,,,,0,0,,,
13050,13050,0,,,,,,,3467,13050,,,,0,,,,0,0,,,
1620,1620,0,Carpenters,8,165,,,,3469,1620,1,,,1,8,,,8,165,,,
1900,1900,0,,,,,,,3471,1900,,,,0,,,,0,0,,,
1520,1520,0,,,,,,,3473,1520,,,,0,,,,0,0,,,
3040,3040,0,,,,,,,3475,3040,,,,0,,,,0,0,,,
1520,1520,0,,,,,,,3477,1520,,,,0,,,,0,0,,,
3100,3100,0,,,,,,,3479,3100,,,,0,,,,0,0,,,
3800,3800,0,,,,,,,3481,3800,,,,0,,,,0,0,,,
1275,1275,0,,,,,,,3483,1275,,,,0,,,,0,0,,,
40070,40070,0,,,,,,,3485,40070,,,,0,,,,0,0,,,
13285,13285,0,,,,,,,3487,13285,,,,0,,,,0,0,,,
25920,25920,0,,,,,,,3489,25920,,,,0,,,,0,0,,,
14172,14172,0,,,,,,,3501,14172,,,,0,,,,0,0,,,
5925,5925,0,,,,,,,3505,5925,,,,0,,,,0,0,,,
5925,5925,0,,,,,,,3507,5925,,,,0,,,,0,0,,,
5925,5925,0,,,,,,,3509,5925,,,,0,,,,0,0,,,
2640,2640,0,,,,,,,3511,2640,,,,0,,,,0,0,,,
5925,5925,0,,,,,,,3513,5925,,,,0,,,,0,0,,,
4950,4950,0,,,,,,,3515,4950,,,,0,,,,0,0,,,
35750,0,35750,,,,,,,3517,35750,,,,0,,,,0,0,,,
3395,3395,0,,,,,,,3518,3395,,,,0,,,,0,0,,,
17100,0,17100,,,,,,,3525,17100,,,,0,,,,0,0,,,
32480,32480,0,,,,,,,3526,32480,,,,0,,,,0,0,,,
19940,19940,0,,,,,,,3527,19940,,,,0,,,,0,0,,,
2500,2500,0,,,,,,,3528,2500,,,,0,,,,0,0,,,
4520,4520,0,,,,,,,3529,4520,,,,0,,,,0,0,,,
8110,8110,0,,,,,,,3530,8110,,,,0,,,,0,0,,,
14520,14520,0,,,,,,,3532,14520,,,,0,,,,0,0,,,
5160,5160,0,,,,,,,3537,5160,,,,0,,,,0,0,,,
3085,3085,0,,,,,,,3541,3085,,,,0,,,,0,0,,,
5350,5350,0,,,,,,,3542,5350,,,,0,,,,0,0,,,
1475,0,1475,,,,,,,3543,1475,,,,0,,,,0,0,,,
1305,0,1305,,,,,,,3544,1305,,,,0,,,,0,0,,,
40000,40000,0,,,,,,,3545,40000,,,,0,,,,0,0,,,
24249,24249,0,,,,,,,3549,24249,,,,0,,,,0,0,,,
5400,0,5400,,,,,,,3553,5400,,,,0,,,,0,0,,,
1970,1970,0,,,,,,,3554,1970,,,,0,,,,0,0,,,
5230,5230,0,,,,,,,3556,5230,,,,0,,,,0,0,,,
1015,0,1015,,,,,,,3558,1015,,,,0,,,,0,0,,,
1955,0,1955,,,,,,,3559,1955,,,,0,,,,0,0,,,
2640,2640,0,,,,,,,3560,2640,,,,0,,,,0,0,,,
2640,2640,0,,,,,,,3562,2640,,,,0,,,,0,0,,,
5525,5525,0,,,,,,,3566,5525,,,,0,,,,0,0,,,
3000,3000,0,,,,,,,3568,3000,,,,0,,,,0,0,,,
3500,3500,0,,,,,,,3569,3500,,,,0,,,,0,0,,,
1400,1400,0,,,,,,,3570,1400,,,,0,,,,0,0,,,
2710,0,2710,,,,,,,3571,2710,,,,0,,,,0,0,,,
1195,0,1195,,,,,,,3572,1195,,,,0,,,,0,0,,,
3840,0,3840,,,,,,,3573,3840,,,,0,,,,0,0,,,
3795,3795,0,,,,,,,3574,3795,,,,0,,,,0,0,,,
1520,1520,0,,,,,,,3576,1520,,,,0,,,,0,0,,,
5430,5430,0,,,,,,,3578,5430,,,,0,,,,0,0,,,
1380,1380,0,,,,,,,3580,1380,,,,0,,,,0,0,,,
3040,3040,0,,,,,,,3582,3040,,,,0,,,,0,0,,,
3030,3030,0,,,,,,,3584,3030,,,,0,,,,0,0,,,
7590,7590,0,,,,,,,3586,7590,,,,0,,,,0,0,,,
2622,2622,0,,,,,,,3588,2622,,,,0,,,,0,0,,,
6960,6960,0,,,,,,,3590,6960,,,,0,,,,0,0,,,
5760,5760,0,,,,,,,3592,5760,,,,0,,,,0,0,,,
3415,3415,0,,,,,,,3594,3415,,,,0,,,,0,0,,,
3760,3760,0,,,,,,,3596,3760,,,,0,,,,0,0,,,
5040,5040,0,,,,,,,3598,5040,,,,0,,,,0,0,,,
5635,5635,0,,,,,,,3600,5635,,,,0,,,,0,0,,,
15060,15060,0,,,,,,,3602,15060,,,,0,,,,0,0,,,
5319,5319,0,,,,,,,3604,5319,,,,0,,,,0,0,,,
1495,1495,0,,,,,,,3606,1495,,,,0,,,,0,0,,,
5940,5940,0,,,,,,,3608,5940,,,,0,,,,0,0,,,
1690,1690,0,,,,,,,3610,1690,,,,0,,,,0,0,,,
2070,2070,0,,,,,,,3612,2070,,,,0,,,,0,0,,,
2160,2160,0,,,,,,,3614,2160,,,,0,,,,0,0,,,
1420,1420,0,,,,,,,3616,1420,,,,0,,,,0,0,,,
14300,14300,0,,,,,,,3618,14300,,,,0,,,,0,0,,,
16850,16850,0,,,,,,,3620,16850,,,,0,,,,0,0,,,
22700,22700,0,,,,,,,3622,22700,,,,0,,,,0,0,,,
21880,21880,0,,,,,,,3624,21880,,,,0,,,,0,0,,,
11040,11040,0,,,,,,,3626,11040,,,,0,,,,0,0,,,
2400,2400,0,,,,,,,3628,2400,,,,0,,,,0,0,,,
1328,1328,0,,,,,,,3630,1328,,,,0,,,,0,0,,,
3010,3010,0,,,,,,,3632,3010,,,,0,,,,0,0,,,
0,0,0,,,,,,,3634,0,,,,0,,,,0,0,,,
1910,1910,0,,,,,,,3636,1910,,,,0,,,,0,0,,,
11880,11880,0,,,,,,,3638,11880,,,,0,,,,0,0,,,
4140,4140,0,,,,,,,3640,4140,,,,0,,,,0,0,,,
0,0,0,,,,,,,3642,0,,,,0,,,,0,0,,,
1420,1420,0,,,,,,,3644,1420,,,,0,,,,0,0,,,
4620,4620,0,,,,,,,3646,4620,,,,0,,,,0,0,,,
2300,2300,0,,,,,,,3648,2300,,,,0,,,,0,0,,,
2240,2240,0,,,,,,,3650,2240,,,,0,,,,0,0,,,
950,950,0,,,,,,,3652,950,,,,0,,,,0,0,,,
1520,1520,0,,,,,,,3654,1520,,,,0,,,,0,0,,,
945,945,0,,,,,,,3656,945,,,,0,,,,0,0,,,
1325,1325,0,,,,,,,3658,1325,,,,0,,,,0,0,,,
1075,1075,0,,,,,,,3660,1075,1,,,1,5,,,5,165,250,,
1690,1690,0,,,,,,,3662,1690,,,,0,,,,0,0,,,
1685,1685,0,,,,,,,3664,1685,,,,0,,,,0,0,,,
9240,9240,0,,,,,,,3666,9240,,,,0,,,,0,0,,,
2520,2520,0,,,,,,,3668,2520,,,,0,,,,0,0,,,
1870,1870,0,,,,,,,3670,1870,,,,0,,,,0,0,,,
7700,7700,0,,,,,,,3672,7700,,,,0,,,,0,0,,,
4140,4140,0,,,,,,,3674,4140,,,,0,,,,0,0,,,
2620,2620,0,,,,,,,3676,2620,,,,0,,,,0,0,,,
12120,12120,0,,,,,,,3678,12120,,,,0,,,,0,0,,,
0,0,0,,,,,,,3680,0,,,,0,,,,0,0,,,
0,0,0,,,,,,,3682,0,,,,0,,,,0,0,,,
10040,10040,0,,,,,,,3684,10040,,,,0,,,,0,0,,,
2840,2840,0,,,,,,,3685,2840,,,,0,,,,0,0,,,
1888,0,1888,,,,,,,3687,1888,,,,0,,,,0,0,,,
2832,0,2832,,,,,,,3688,2832,,,,0,,,,0,0,,,
4260,4260,0,,,,,,,3693,4260,,,,0,,,,0,0,,,
11906,11906,0,,,,,,,3694,11906,,,,0,,,,0,0,,,
6500,6500,0,,,,,,,3696,6500,,,,0,,,,0,0,,,
22666,22666,0,,,,,,,3698,22666,,,,0,,,,0,0,,,
31350,31350,0,,,,,,,3699,31350,,,,0,,,,0,0,,,
3240,0,3240,,,,,,,3706,3240,,,,0,,,,0,0,,,
1435,0,1435,,,,,,,3708,1435,,,,0,,,,0,0,,,
12360,0,12360,,,,,,,3715,12360,,,,0,,,,0,0,,,
13500,0,13500,,,,,,,3716,13500,,,,0,,,,0,0,,,
1665,0,1665,,,,,,,3717,1665,,,,0,,,,0,0,,,
146800,146800,0,,,,,,,3718,146800,,,,0,,,,0,0,,,
4765,4765,0,,,,,,,3719,4765,,,,0,,,,0,0,,,
-22666,-22666,0,,,,,,,3728,-22666,,,,0,,,,0,0,,,
1995,1995,0,,,,,,,3730,1995,,,,0,,,,0,0,,,
8000,8000,0,,,,,,,3731,8000,,,,0,,,,0,0,,,
2420,2420,0,,,,,,,3732,2420,,,,0,,,,0,0,,,
3865,3865,0,,,,,,,3733,3865,,,,0,,,,0,0,,,
3700,3700,0,,,,,,,3734,3700,,,,0,,,,0,0,,,
1750,1750,0,,,,,,,3742,1750,,,,0,,,,0,0,,,
3445,3445,0,,,,,,,3743,3445,,,,0,,,,0,0,,,
2570,2570,0,,,,,,,3744,2570,,,,0,,,,0,0,,,
820,820,0,,,,,,,3745,820,,,,0,,,,0,0,,,
1610,0,1610,,,,,,,3746,1610,,,,0,,,,0,0,,,
3780,0,3780,,,,,,,3748,3780,,,,0,,,,0,0,,,
5940,5940,0,,,,,,,3751,5940,,,,0,,,,0,0,,,
8500,8500,0,,,,,,,3752,8500,,,,0,,,,0,0,,,
11985,0,11985,,,,,,,3765,11985,,,,0,,,,0,0,,,
3255,3255,0,,,,,,,3766,3255,,,,0,,,,0,0,,,
3780,3780,0,,,,,,,3768,3780,,,,0,,,,0,0,,,
5840,5840,0,,,,,,,3773,5840,,,,0,,,,0,0,,,
3050,3050,0,,,,,,,3775,3050,,,,0,,,,0,0,,,
3030,3030,0,,,,,,,3777,3030,,,,0,,,,0,0,,,
3090,3090,0,,,,,,,3779,3090,,,,0,,,,0,0,,,
2254,2254,0,,,,,,,3781,2254,,,,0,,,,0,0,,,
1510,1510,0,,,,,,,3783,1510,,,,0,,,,0,0,,,
0,0,0,,,,,,,3785,0,,,,0,,,,0,0,,,
885,885,0,,,,,,,3787,885,,,,0,,,,0,0,,,
3036,3036,0,,,,,,,3789,3036,,,,0,,,,0,0,,,
4490,4490,0,,,,,,,3791,4490,,,,0,,,,0,0,,,
0,0,0,,,,,,,3793,32360,,,,0,,,,0,0,,,
1155,1155,0,,,,,,,3795,1155,,,,0,,,,0,0,,,
9190,9190,0,,,,,,,3797,9190,,,,0,,,,0,0,,,
6660,6660,0,,,,,,,3800,6660,,,,0,,,,0,0,,,
1320,1320,0,,,,,,,3802,1320,,,,0,,,,0,0,,,
3890,0,3890,,,,,,,3804,3890,2,1,,3,7,8,,15,325,300,,
2880,0,2880,,,,,,,3806,2880,,,,0,,,,0,0,,,
1320,0,1320,,,,,,,3808,1320,,,,0,,,,0,0,,,
5080,5080,0,,,,,,,3810,5080,2,1,,3,10,8,,18,325,500,,
3560,3560,0,,,,,,,3812,3560,1,1,,2,8,8,,16,325,960,,
2140,0,2140,,,,,,,3814,2140,1,,,1,8,,,8,165,500,,
2800,2800,0,,,,,,,3815,2800,1,1,,2,8,8,,16,325,200,,
4050,4050,0,,,,,,,3817,4050,,,,0,,,,0,0,,,
825,825,0,,,,,,,3819,825,,,,0,,,,0,0,,,
4200,4200,0,,,,,,,3821,4200,,,,0,,,,0,0,,,
5700,5700,0,,,,,,,3823,5700,,,,0,,,,0,0,,,
3490,3490,0,,,,,,,3825,3490,1,,,1,7,,,7,205,340,,
1320,1320,0,,,,,,,3827,1320,,,,0,,,,0,0,,,
2300,2300,0,,,,,,,3829,2300,1,1,,2,8,5,,13,325,180,,
1460,1460,0,,,,,,,3831,1460,1,,,1,8,,,8,165,140,,
1005,1005,0,,,,,,,3833,1005,1,,,1,5,,,5,165,180,,
8540,8540,0,,,,,,,3835,8540,,,,0,,,,0,0,,,
0,0,0,,,,,,,3837,0,4,2,,6,8,8,,16,405,3120,,
880,0,880,,,,,,,3839,880,,,,0,,,,0,0,,,
1890,0,1890,,,,,,,3841,1890,1,1,,2,8,2,,10,325,250,,
7350,7350,0,,,,,,,3843,7350,,,,0,,,,0,0,,,
5760,5760,0,,,,,,,3848,5760,,,,0,,,,0,0,,,
5230,5230,0,,,,,,,3861,5230,2,1,,3,10,8,,18,325,650,,
2910,2910,0,,,,,,,3863,2910,1,1,,2,10,6,,16,165,300,,
10944,10944,0,,,,,,,3864,10944,,,,0,,,,0,0,,,
4310,4310,0,,,,,,,3867,4310,,,,0,,,,0,0,,,
4060,0,4060,,,,,,,3868,4060,1,1,,2,,,,0,0,,,
22180,22180,0,,,,,,,3870,22180,2,2,,4,42,21,,63,325,1600,,
20075,20075,0,,,,,,,3872,20075,1,1,,2,7,7,,14,325,5200,,
4000,4000,0,,,,,,,3874,4000,1,,,1,16,,,16,205,,,
1640,0,1640,,,,,,,3876,1640,1,,,1,8,,,8,205,,,
1845,0,1845,,,,,,,3878,1845,1,,,1,9,,,9,205,,,
6350,6350,0,,,,,,,3880,6350,2,1,,3,10,10,,20,405,250,,
2075,0,2075,,,,,,,3882,2075,,,,0,,,,0,0,,,
30590,0,30590,,,,,,,3884,30590,,,,0,,,,0,0,,,
10255,0,10255,,,,,,,3885,10255,,,,0,,,,0,0,,,
9700,9700,0,,,,,,,3888,9700,,,,0,,,,0,0,,,
1230,0,1230,,,,,,,3891,1230,1,,,1,6,,,6,205,,,
10010,0,10010,,,,,,,3893,10010,1,1,,2,28,32,,60,325,270,,
1005,0,1005,,,,,,,3895,1005,1,,,1,5,,,5,165,180,,
18570,0,18570,,,,,,,3897,18570,2,,,2,49,,,49,165,2400,,
2635,2635,0,,,,,,,3904,2635,1,1,,2,7,3,,10,325,400,,
980,0,980,,,,,,,3905,980,1,,,1,4,,,4,165,320,,
9720,0,9720,,,,,,,3918,9720,,,,0,,,,0,0,,,
5415,0,5415,,,,,,,3919,5415,1,1,,2,21,10,,31,325,350,,
2425,0,2425,,,,,,,3921,2425,1,1,,2,7,7,,14,325,150,,
1355,0,1355,,,,,,,3923,1355,1,,,1,7,,,7,165,200,,
5095,0,5095,,,,,,,3925,5095,1,1,,2,21,8,,29,325,350,,
2460,0,2460,,,,,,,3927,2460,1,1,,2,7,3,,10,325,825,,
4230,0,4230,,,,,,,3931,4230,2,,,2,7,,,7,165,1920,,
1400,0,1400,,,,,,,3933,1400,1,1,,2,4,4,,8,325,100,,
1240,0,1240,,,,,,,3935,1240,1,,,1,7,,,7,165,85,,
2880,0,2880,,,,,,,3937,2880,,,,0,,,,0,0,,,
1905,0,1905,,,,,,,3939,1905,1,1,,2,7,4,,11,325,110,,
1025,0,1025,,,,,,,3942,1025,,,,0,,,,0,0,,,
5040,0,5040,,,,,,,3944,5040,2,,,2,14,,,14,165,420,,
7610,0,7610,,,,,,,3946,7610,2,1,,3,11,8,,19,405,1500,,
1640,1640,0,,,,,,,3949,1640,1,,,1,8,,,8,165,320,,
1280,1280,0,,,,,,,3951,1280,,,,0,,,,0,0,,,
1140,1140,0,,,,,,,3953,1140,1,,,1,6,,,6,165,150,,
1200,1200,0,,,,,,,3955,1200,1,,,1,6,,,6,165,210,,
1320,1320,0,,,,,,,3957,1320,,,,0,,,,0,0,,,
1800,1800,0,,,,,,,3959,1800,,,,0,,,,0,0,,,
4570,4570,0,,,,,,,3961,4570,,,,0,,,,0,0,,,
1874,1874,0,,,,,,,3963,1874,1,1,,2,6,4,,10,325,244,,
2155,2155,0,,,,,,,3965,2155,1,1,,2,7,5,,12,325,200,,
5640,5640,0,,,,,,,3967,5640,,,,0,,,,0,0,,,
1155,1155,0,,,,,,,3969,1155,,,,0,,,,0,0,,,
1485,1485,0,,,,,,,3971,1485,1,1,,2,5,3,,8,325,180,,
2600,2600,0,,,,,,,3973,2600,1,1,,2,8,8,,16,325,,,
4110,4110,0,,,,,,,3975,4110,2,1,,3,8,8,,16,325,190,,
7800,7800,0,,,,,,,3977,7800,,,,0,,,,0,0,,,
1320,1320,0,,,,,,,3979,1320,1,,,1,8,,,8,165,,,
4880,4880,0,,,,,,,3981,4880,5,4,,9,30,24,,54,325,,,
3980,3980,0,,,,,,,3983,3980,2,1,,3,8,6,,14,325,380,,
4160,4160,0,,,,,,,3985,4160,2,1,,3,8,7,,15,325,400,,
800,800,0,,,,,,,3987,800,1,,,1,4,,,4,165,140,,
1918,1918,0,,,,,,,3989,1918,1,,,1,8,,,8,165,598,,
1305,1305,0,,,,,,,3991,1305,1,,,1,5,,,5,165,480,,
2735,2735,0,,,,,,,3993,2735,2,,,2,15,,,15,82.5,260,,
2990,2990,0,,,,,,,3995,2990,1,1,,2,8,8,,16,325,390,,
990,990,0,,,,,,,3997,990,,,,0,,,,0,0,,,
1520,1520,0,,,,,,,3999,1520,1,,,1,8,,,8,165,200,,
990,990,0,,,,,,,4001,990,2,,,2,6,,,6,165,,,
2254,2254,0,,,,,,,4003,2254,1,1,,2,8,4,,12,325,394,,
2990,2990,0,,,,,,,4005,2990,1,1,,2,8,8,,16,165,390,,
1420,1420,0,,,,,,,4007,1420,1,1,,2,4,3,,7,325,280,,
880,880,0,,,,,,,4009,880,1,,,1,4,,,4,165,220,,
2041,2041,0,,,,,,,4011,2041,2,,,2,8,,,8,165,390,,
1940,1940,0,,,,,,,4015,1940,1,1,,2,4,8,,12,325,,,
480,480,0,,,,,,,4017,480,3,,,3,8,,,8,20,,,
1320,1320,0,,,,,,,4019,1320,1,,,1,8,,,8,165,,,
1677,1677,0,,,,,,,4020,1677,1,1,,2,4,4,,8,365,220,,
3540,0,3540,,,,,,,4022,3540,1,1,,2,8,7,,15,405,500,,
1480,1480,0,,,,,,,4023,1480,1,,,1,8,,,8,160,200,,
2045,2045,0,,,,,,,4024,2045,1,,,1,12,,,12,160,125,,
3036,0,3036,,,,,,,4027,3036,1,,,1,16,,,16,165,396,,
5770,5770,0,,,,,,,4028,5770,2,1,,3,10,12,,22,325,500,,
4740,4740,0,,,,,,,4030,4740,1,,,1,16,,,16,160,200,,
1195,1195,0,,,,,,,4031,1195,1,,,1,7,,,7,160,75,,
1075,0,1075,,,,,,,4032,1075,1,1,,2,3,3,,6,325,100,,
820,0,820,,,,,,,4341,820,1,,,1,4,,,4,205,,,
2050,0,2050,,,,,,,4343,2050,,,,0,,,,0,0,,,
7740,0,7740,,,,,,,4345,7740,,,,0,,,,0,0,,,
2580,2580,0,,,,,,,4347,2580,2,1,,3,7,6,,13,325,300,,
3760,0,3760,,,,,,,4350,3760,6,2,,8,8,8,,16,60,,,
6220,6220,0,,,,,,,4352,6220,1,,,1,28,,,28,165,1600,,
1120,0,1120,,,,,,,4353,1120,,,,0,,,,0,0,,,
6300,0,6300,,,,,,,4355,6300,,,,0,,,,0,0,,,
14700,14700,0,,,,,,,4356,14700,,,,0,,,,0,0,,,
31200,0,31200,,,,,,,4358,31200,,,,0,,,,0,0,,,
900,0,900,,,,,,,4359,900,1,1,,2,3,2,,5,325,85,,
4620,4620,0,,,,,,,4360,4620,,,,0,,,,0,0,,,
4620,0,4620,,,,,,,4362,4620,2,,,2,14,,,14,165,,,
1650,0,1650,,,,,,,4371,1650,,,,0,,,,0,0,,,
3785,0,3785,,,,,,,4373,3785,1,1,,2,9,8,,17,405,340,,
1265,0,1265,,,,,,,4375,1265,1,1,,2,4,3,,7,325,125,,
17390,0,17390,,,,,,,4377,17390,2,2,,4,28,24,,52,325,470,,
12410,12410,0,,,,,,,4381,12410,2,,,2,22,,,22,165,5150,,
1155,1155,0,,,,,,,4384,1155,,,,0,,,,0,0,,,
1155,1155,0,,,,,,,4386,1155,,,,0,,,,0,0,,,
1155,1155,0,,,,,,,4388,1155,,,,0,,,,0,0,,,
11020,0,11020,,,,,,,4390,11020,,,,0,,,,0,0,,,
5390,0,5390,,,,,,,4391,5390,,,,0,,,,0,0,,,
1155,1155,0,,,,,,,4398,1155,,,,0,,,,0,0,,,
1155,1155,0,,,,,,,4400,1155,1,,,1,7,,,7,165,,,
1280,0,1280,,,,,,,4408,1280,1,,,1,7,,,7,165,125,,
1140,0,1140,,,,,,,4410,1140,1,1,,2,4,3,,7,325,,,
7580,0,7580,,,,,,,4412,7580,1,1,,2,16,14,,30,325,2700,,
1630,0,1630,,,,,,,4414,1630,1,1,,2,6,4,,10,0,,,
980,0,980,,,,,,,4416,980,1,1,,2,4,2,,6,325,,,
1055,0,1055,,,,,,,4418,1055,1,1,,2,3,3,,6,325,80,,
1500,0,1500,,,,,,,4420,1500,2,,,2,4,,,4,165,180,,
3700,0,3700,,,,,,,4422,3700,,,,0,,,,0,0,,,
1600,0,1600,,,,,,,4424,1600,1,,,1,8,,,8,200,,,
3870,0,3870,,,,,,,4426,3870,2,1,,3,7,8,,15,325,280,,
2480,0,2480,,,,,,,4428,2480,1,1,,2,8,6,,14,325,200,,
6180,6180,0,,,,,,,4430,6180,,,,0,,,,0,0,,,
5340,0,5340,,,,,,,4432,5340,3,1,,4,24,8,,32,325,2100,,
2065,0,2065,,,,,,,4434,2065,1,1,,2,7,4,,11,325,270,,
20500,0,20500,,,,,,,4436,20500,,,,0,,,,0,0,,,
1565,1565,0,,,,,,,4437,1565,1,,,1,1,1,,2,3,150,,
1320,0,1320,,,,,,,4438,1320,2,,,2,4,,,4,165,,,
1320,0,1320,,,,,,,4440,1320,1,,,1,8,,,8,165,,,
3525,3525,0,,,,,,,4442,3525,1,1,,2,14,4,,18,325,575,,
1440,0,1440,,,,,,,4444,1440,1,1,,2,5,3,,8,325,135,,
990,0,990,,,,,,,4446,990,1,,,1,6,,,6,165,,,
1845,0,1845,,,,,,,4448,1845,1,,,1,9,,,9,205,,,
1155,0,1155,,,,,,,4450,1155,1,,,1,7,,,7,165,,,
6790,0,6790,,,,,,,4452,6790,2,,,2,26,,,26,165,2500,,
20000,0,20000,,,,,,,4454,20000,,,,0,,,,0,0,,,
1490,0,1490,,,,,,,4455,1490,2,,,2,7,,,7,325,350,,
2575,0,2575,,,,,,,4456,2575,2,,,2,14,,,14,325,300,,
2610,2610,0,,,,,,,4460,2610,2,,,2,14,,,14,165,300,,
2310,2310,0,,,,,,,4462,2310,2,,,2,14,,,14,165,,,
2310,0,2310,,,,,,,4464,2310,2,2,,4,14,,,14,165,,,
2275,0,2275,,,,,,,4468,2275,1,1,,2,7,7,,14,325,,,
-2324,0,-2324,,,,,,,4470,-2324,,,,0,,,,0,0,,,
5000,5000,0,,,,,,,4474,5000,,,,0,,,,0,0,,,
2310,2310,0,,,,,,,4476,2310,2,,,2,14,,,14,165,,,
2310,2310,0,,,,,,,4478,2310,2,,,2,14,,,14,165,,,
2310,2310,0,,,,,,,4480,2310,2,,,2,14,,,14,165,,,
2310,2310,0,,,,,,,4482,2310,2,,,2,14,,,14,165,,,
5930,0,5930,,,,,,,4484,5930,,,,0,,,,0,0,,,
2940,0,2940,,,,,,,4485,2940,,,,0,,,,0,0,,,
4560,0,4560,,,,,,,4486,4560,,,,0,,,,0,0,,,
14250,14250,0,,,,,,,4487,14250,,,,0,,,,0,0,,,
29400,29400,0,,,,,,,4488,29400,,,,0,,,,0,0,,,
41020,41020,0,,,,,,,4489,41020,,,,0,,,,0,0,,,
65155,0,65155,,,,,,,4490,65155,,,,0,,,,0,0,,,
2310,2310,0,,,,,,,4492,2310,,,,0,,,,0,0,,,
2310,2310,0,,,,,,,4494,2310,,,,0,,,,0,0,,,
2310,2310,0,,,,,,,4496,2310,,,,0,,,,0,0,,,
2810,2810,0,,,,,,,4498,2810,,,,0,,,,0,0,,,
10220,10220,0,,,,,,,4500,10220,,,,0,,,,0,0,,,
3990,0,3990,,,,,,,4502,3990,,,,0,,,,0,0,,,
52025,0,52025,,,,,,,4532,52025,,,,0,,,,0,0,,,
5325,0,5325,,,,,,,4533,5325,,,,0,,,,0,0,,,
3645,0,3645,,,,,,,4535,3645,,,,0,,,,0,0,,,
5315,0,5315,,,,,,,4537,5315,,,,0,,,,0,0,,,
10340,0,10340,,,,,,,4539,10340,,,,0,,,,0,0,,,
8260,0,8260,,,,,,,4559,8260,,,,0,,,,0,0,,,
1970,0,1970,,,,,,,4562,1970,,,,0,,,,0,0,,,
12336,0,12336,,,,,,,4564,12336,,,,0,,,,0,0,,,
2475,2475,0,,,,,,,4576,2475,,,,0,,,,0,0,,,
29000,0,29000,,,,,,,4580,29000,,,,0,,,,0,0,,,
3490,0,3490,,,,,,,4581,3490,,,,0,,,,0,0,,,
15620,15620,0,,,,,,,4583,15620,,,,0,,,,0,0,,,
3135,0,3135,,,,,,,4584,3135,,,,0,,,,0,0,,,
6480,0,6480,,,,,,,4585,6480,,,,0,,,,0,0,,,
39750,0,39750,,,,,,,4586,39750,,,,0,,,,0,0,,,
18420,0,18420,,,,,,,4587,18420,,,,0,,,,0,0,,,
4900,0,4900,,,,,,,4591,4900,,,,0,,,,0,0,,,
3400,0,3400,,,,,,,4592,3400,,,,0,,,,0,0,,,
9900,0,9900,,,,,,,4593,9900,,,,0,,,,0,0,,,
15600,15600,0,,,,,,,4594,15600,,,,0,,,,0,0,,,
3600,0,3600,,,,,,,4595,3600,,,,0,,,,0,0,,,
9760,0,9760,,,,,,,4596,9760,,,,0,,,,0,0,,,
1155,1155,0,,,,,,,4597,1155,,,,0,,,,0,0,,,
1305,0,1305,,,,,,,4600,1305,,,,0,,,,0,0,,,
2510,0,2510,,,,,,,4601,2510,,,,0,,,,0,0,,,
8870,0,8870,,,,,,,4603,8870,,,,0,,,,0,0,,,
9420,0,9420,,,,,,,4604,9420,,,,0,,,,0,0,,,
314.13,314,0.13,,,,,,,4605,314.13,,,,0,,,,0,0,,,
1995,0,1995,,,,,,,4608,1995,,,,0,,,,0,0,,,
5080,0,5080,,,,,,,4609,5080,,,,0,,,,0,0,,,
3135,0,3135,,,,,,,4611,3135,,,,0,,,,0,0,,,
4900,4900,0,,,,,,,4616,4900,,,,0,,,,0,0,,,
2300,0,2300,,,,,,,4618,2300,,,,0,,,,0,0,,,
1485,0,1485,,,,,,,4619,1485,,,,0,,,,0,0,,,
1520,0,1520,,,,,,,4621,1520,,,,0,,,,0,0,,,
1340,0,1340,,,,,,,4622,1340,,,,0,,,,0,0,,,
8175,0,8175,,,,,,,4623,8175,,,,0,,,,0,0,,,
12060,0,12060,,,,,,,4624,12060,,,,0,,,,0,0,,,
1320,0,1320,,,,,,,4625,1320,,,,0,,,,0,0,,,
14400,0,14400,,,,,,,4627,14400,,,,0,,,,0,0,,,
5680,0,5680,,,,,,,4629,5680,,,,0,,,,0,0,,,
400,0,400,,,,,,,4631,400,,,,0,,,,0,0,,,
1320,0,1320,,,,,,,4633,1320,,,,0,,,,0,0,,,
12340,0,12340,,,,,,,4635,12340,,,,0,,,,0,0,,,
11010,0,11010,,,,,,,4637,11010,,,,0,,,,0,0,,,
3360,0,3360,,,,,,,4639,3360,,,,0,,,,0,0,,,
2100,0,2100,,,,,,,4641,2100,,,,0,,,,0,0,,,
6980,0,6980,,,,,,,4643,6980,,,,0,,,,0,0,,,
23980,0,23980,,,,,,,4645,23980,,,,0,,,,0,0,,,
1075,0,1075,,,,,,,4647,1075,,,,0,,,,0,0,,,
23300,0,23300,,,,,,,4649,23300,,,,0,,,,0,0,,,
1665,0,1665,,,,,,,4652,1665,,,,0,,,,0,0,,,
6205,0,6205,,,,,,,4653,6205,,,,0,,,,0,0,,,
6160,0,6160,,,,,,,4655,6160,,,,0,,,,0,0,,,
3830,0,3830,,,,,,,4656,3830,,,,0,,,,0,0,,,
2080,0,2080,,,,,,,4661,2080,,,,0,,,,0,0,,,
840,0,840,,,,,,,4663,840,,,,0,,,,0,0,,,
40950,40950,0,,7,,,,,4665,40950,,,,0,7,,,7,0,,,
5458,0,5458,,7,,,,,4667,5458,,,,0,7,,,7,0,,,
500,0,500,,7,,,,,4669,500,,,,0,7,,,7,0,,,
3005,0,3005,,7,,,,,4670,3005,,,,0,7,,,7,0,,,
2800,0,2800,,7,,,,,4671,2800,,,,0,7,,,7,0,,,
4230,0,4230,,7,,,,,4675,4230,,,,0,7,,,7,0,,,
6110,0,6110,,7,,,,,4676,6110,,,,0,7,,,7,0,,,
16000,0,16000,,7,,,,,4677,16000,,,,0,7,,,7,0,,,
7300,7300,0,,7,,,,,4678,7300,,,,0,7,,,7,0,,,
4225,4225,0,,7,,,,,4679,4225,,,,0,7,,,7,0,,,
10040,0,10040,,7,,,,,4680,10040,,,,0,7,,,7,0,,,
5275,0,5275,,7,,,,,4681,5275,,,,0,7,,,7,0,,,
2560,0,2560,,7,,,,,4682,2560,,,,0,7,,,7,0,,,
4850,0,4850,,7,,,,,4683,4850,,,,0,7,,,7,0,,,
2910,0,2910,,7,,,,,4684,2910,,,,0,7,,,7,0,,,
5780,0,5780,,7,,,,,4685,5780,,,,0,7,,,7,0,,,
21900,0,21900,,7,,,,,4686,21900,,,,0,7,,,7,0,,,
660,0,660,,7,,,,,4687,660,,,,0,7,,,7,0,,,
26760,0,26760,,7,,,,,4688,26760,,,,0,7,,,7,0,,,
3650,0,3650,,7,,,,,4689,3650,,,,0,7,,,7,0,,,
680,0,680,,7,,,,,4690,680,,,,0,7,,,7,0,,,
985,0,985,,7,,,,,4692,985,,,,0,7,,,7,0,,,
12830,0,12830,,7,,,,,4694,12830,,,,0,7,,,7,0,,,
3570,0,3570,,7,,,,,4696,3570,,,,0,7,,,7,0,,,
1995,0,1995,,7,,,,,4698,1995,,,,0,7,,,7,0,,,
3125,0,3125,,7,,,,,4700,3125,,,,0,7,,,7,0,,,
2440,0,2440,,7,,,,,4702,2440,,,,0,7,,,7,0,,,
1300,0,1300,,7,,,,,4703,1300,,,,0,7,,,7,0,,,
2810,0,2810,,7,,,,,4704,2810,,,,0,7,,,7,0,,,
710,0,710,,7,,,,,4705,710,,,,0,7,,,7,0,,,
4560,0,4560,,7,,,,,4706,4560,,,,0,7,,,7,0,,,
6520,0,6520,,7,,,,,4707,6520,,,,0,7,,,7,0,,,
4400,4400,0,,7,,,,,4708,4400,,,,0,7,,,7,0,,,
1500,0,1500,,7,,,,,4710,1500,,,,0,7,,,7,0,,,
2700,0,2700,,7,,,,,4714,2700,,,,0,7,,,7,0,,,
4640,0,4640,,7,,,,,4715,4640,,,,0,7,,,7,0,,,
4180,0,4180,,7,,,,,4717,4180,,,,0,7,,,7,0,,,
18820,0,18820,,7,,,,,4719,18820,,,,0,7,,,7,0,,,
11600,0,11600,,7,,,,,4720,11600,,,,0,7,,,7,0,,,
3990,0,3990,,7,,,,,4722,3990,,,,0,7,,,7,0,,,
29065,0,29065,,7,,,,,4723,29065,,,,0,7,,,7,0,,,
8320,0,8320,,7,,,,,4726,8320,,,,0,7,,,7,0,,,
4750,0,4750,,7,,,,,4727,4750,,,,0,7,,,7,0,,,
760,760,0,,7,,,,,4728,760,,,,0,7,,,7,0,,,
1520,1520,0,,7,,,,,4730,1520,,,,0,7,,,7,0,,,
5880,0,5880,,7,,,,,4732,5880,,,,0,7,,,7,0,,,
7830,0,7830,,7,,,,,4735,7830,2,,,2,42,,,42,165,,,
5085,5085,0,,7,,,,,4736,5085,2,1,,3,14,14,,28,325,,,
20450,0,20450,,7,,,,,4738,20450,2,1,,3,35,28,,63,405,550,,
-11000,0,-11000,,7,,,,,4741,-11000,,,,0,7,,,7,0,,,
6090,0,6090,,7,,,,,4742,6090,2,1,,3,14,7,,21,325,350,,
1190,0,1190,,7,,,,,4743,1190,2,,,2,6,,,6,165,200,,
1655,0,1655,,7,,,,,4744,1655,1,,,1,7,,,7,165,500,5,
1750,0,1750,,7,,,,,4746,1750,2,,,2,5,,,5,165,1000,,
1330,0,1330,,7,,,,,4747,1330,2,1,,3,14,7,,21,60,,,
32000,0,32000,,7,,,,,4750,39500,,,,0,7,,,7,0,,,
17400,0,17400,,7,,,,,4751,17400,2,,,2,10,,,10,205,1000,,
200,0,200,,,,,,,19,200,,,,0,,,,0,0,,,
,0,0,,,,,,,22,,,,,0,,,,0,0,,,
